x_aligned_mm,mcc_dose_gy,csv_dose_gy,dose_difference_gy,dose_difference_percent_of_mcc,dose_ratio_csv_to_mcc,mcc_relative,csv_relative,region
-99.0,0.0202285,0.0071415962240180125,-0.013086903775981987,-64.69537422933973,0.3530462577066027,0.010568293512828807,0.0035705380692421544,tail
-98.0,0.020973,0.00942645368805301,-0.011546546311946989,-55.05433801529104,0.4494566198470896,0.010957254361151768,0.004712883604081015,tail
-97.0,0.0217175,0.011621208064448602,-0.010096291935551399,-46.489199657195336,0.5351080034280465,0.01134621520947473,0.00581018087597121,tail
-96.0,0.022462,0.0130646996757936,-0.009397300324206399,-41.836436311131685,0.5816356368886831,0.011735176057797692,0.006531874120627829,tail
-95.0,0.023206499999999998,0.014524831653084234,-0.008681668346915764,-37.4105028630589,0.625894971369411,0.012124136906120655,0.007261886942341352,tail
-94.0,0.0242192,0.01612370790273323,-0.00809549209726677,-33.425926939233214,0.6657407306076679,0.012653217700071849,0.008061266848220006,tail
-93.0,0.025231899999999998,0.017665717248702195,-0.007566182751297803,-29.98657553056965,0.7001342446943035,0.013182298494023043,0.00883221537291995,tail
-92.0,0.0262446,0.0187335809419772,-0.007511019058022799,-28.619293332810553,0.7138070666718944,0.01371137928797424,0.009366108336061283,tail
-91.0,0.027257299999999998,0.019728263397743494,-0.0075290366022565045,-27.622092438563268,0.7237790756143674,0.014240460081925433,0.009863413345153865,tail
-90.0,0.02827,0.020112774323532482,-0.008157225676467518,-28.854707026768722,0.7114529297323128,0.014769540875876628,0.010055654807076882,tail
-89.0,0.0295323,0.020535359779268833,-0.008996940220731168,-30.46474612790459,0.695352538720954,0.015429024124819644,0.01026693214758799,tail
-88.0,0.030794600000000002,0.021275403575175846,-0.009519196424824156,-30.911901517877013,0.6908809848212298,0.01608850737376266,0.01063692709875954,tail
-87.0,0.0320569,0.02214035610059002,-0.00991654389940998,-30.934194820491005,0.69065805179509,0.016747990622705676,0.011069371866456148,tail
-86.0,0.0333192,0.024046774351175026,-0.009272425648824974,-27.829076474900276,0.7217092352509972,0.01740747387164869,0.012022511574455778,tail
-85.0,0.0345815,0.0259377921124574,-0.008643707887542602,-24.995179178296492,0.7500482082170351,0.01806695712059171,0.012967951598573103,tail
-84.0,0.0364154,0.0277004034619314,-0.0087149965380686,-23.93217303137848,0.7606782696862152,0.019025070350597726,0.013849193092373821,tail
-83.0,0.0382493,0.029500594173955907,-0.008748705826044093,-22.872852120284797,0.771271478797152,0.019983183580603744,0.014749222899094442,tail
-82.0,0.0400832,0.031614114612609885,-0.008469085387390114,-21.128765635952504,0.7887123436404749,0.020941296810609765,0.0158059061600377,tail
-81.0,0.0419171,0.03376610684106546,-0.008150993158934541,-19.4455082983664,0.805544917016336,0.021899410040615783,0.016881823915030972,tail
-80.0,0.043751,0.03623886968837546,-0.0075121303116245375,-17.170191107916477,0.8282980889208352,0.0228575232706218,0.0181181152994185,tail
-79.0,0.0468624,0.038731149914771314,-0.008131250085228685,-17.35133088623008,0.8264866911376992,0.024483060924714566,0.019364164662674047,tail
-78.0,0.0499738,0.04138616241330932,-0.008587637586690677,-17.184279735963,0.82815720264037,0.026108598578807336,0.02069157423652561,tail
-77.0,0.0530852,0.04423143190829939,-0.00885376809170061,-16.678411481355653,0.8332158851864435,0.0277341362329001,0.022114105380886456,tail
-76.0,0.0561966,0.0486630288085924,-0.007533571191407601,-13.405741969100623,0.8659425803089937,0.02935967388699287,0.024329742465886657,tail
-75.0,0.059308,0.0531069906972132,-0.006201009302786803,-10.455603464603094,0.8954439653539691,0.030985211541085637,0.026551561594811663,tail
-74.0,0.0655568,0.05765404955580816,-0.007902750444191836,-12.054814213310955,0.8794518578668904,0.034249870438332816,0.028824925454714077,tail
-73.0,0.0718056,0.06250753442356936,-0.009298065576430634,-12.948942110964374,0.8705105788903563,0.03751452933558,0.031251491161488544,tail
-72.0,0.0780544,0.06991594229076133,-0.00813845770923867,-10.426648221290112,0.8957335177870989,0.04077918823282718,0.03495542533706134,tail
-71.0,0.0843032,0.07751075571644712,-0.00679244428355287,-8.057160681389165,0.9194283931861084,0.044043847130074365,0.03875255550440447,tail
-70.0,0.090552,0.0866597839749841,-0.003892216025015896,-4.298321434110672,0.9570167856588933,0.04730850602732155,0.04332673649545739,tail
-69.0,0.1051746,0.0960421317820643,-0.009132468217935688,-8.683149941084338,0.9131685005891567,0.05494802100473908,0.04801756876505365,tail
-68.0,0.11979719999999999,0.1073698545343453,-0.012427345465654688,-10.373652694432499,0.896263473055675,0.0625875359821566,0.0536810176714501,tail
-67.0,0.1344198,0.11945386152960967,-0.014965938470390336,-11.133730648602613,0.8886626935139739,0.07022705095957414,0.059722581161202375,tail
-66.0,0.14904240000000002,0.1378436257018276,-0.011198774298172426,-7.5138177445964525,0.9248618225540355,0.07786656593699168,0.06891679363158298,tail
-65.0,0.163665,0.15697815872140225,-0.006686841278597755,-4.085688008186084,0.9591431199181392,0.0855060809144092,0.07848336340680949,tail
-64.0,0.201686,0.1823224356936812,-0.019363564306318803,-9.60084701284115,0.9039915298715885,0.105369990134137,0.09115457904661307,low_dose
-63.0,0.239707,0.2086083975688969,-0.0310986024311031,-12.973589603600686,0.8702641039639931,0.1252338993538648,0.10429660284886336,low_dose
-62.0,0.277728,0.24274595279702485,-0.034982047202975125,-12.595794159384408,0.8740420584061559,0.14509780857359264,0.12136413743209269,low_dose
-61.0,0.31574899999999995,0.27896843103259356,-0.03678056896740639,-11.64867314462006,0.8835132685537994,0.16496171779332044,0.1394740576019602,low_dose
-60.0,0.35377,0.33257460903387753,-0.02119539096612244,-5.991291224841689,0.9400870877515831,0.18482562701304825,0.16627519467219187,low_dose
-59.0,0.438046,0.3884677172903988,-0.049578282709601185,-11.318053973692532,0.8868194602630747,0.2288552636191812,0.19421971359738824,penumbra_or_shoulder
-58.0,0.522322,0.4634288241254267,-0.05889317587457327,-11.275262362024435,0.8872473763797556,0.27288490022531414,0.23169753749995675,penumbra_or_shoulder
-57.0,0.606598,0.5410757222253942,-0.06552227777460573,-10.801598055813855,0.8919840194418615,0.3169145368314471,0.2705181592388485,penumbra_or_shoulder
-56.0,0.690874,0.6411162477238153,-0.04975775227618473,-7.202145727901865,0.9279785427209813,0.36094417343758006,0.3205347792709084,penumbra_or_shoulder
-55.0,0.77515,0.7426097237249597,-0.0325402762750403,-4.197932822684681,0.9580206717731532,0.404973810043713,0.37127782164889295,penumbra_or_shoulder
-54.0,0.8842,0.8562176304382437,-0.02798236956175626,-3.164710423179853,0.9683528957682015,0.46194651724266406,0.42807763826726647,penumbra_or_shoulder
-53.0,0.99325,0.97061214323808,-0.022637856761919983,-2.2791700741927996,0.977208299258072,0.5189192244416151,0.48527072928668874,penumbra_or_shoulder
-52.0,1.1023,1.0915652310997779,-0.01073476890022218,-0.9738518461600453,0.9902614815383995,0.5758919316405662,0.5457428690234835,penumbra_or_shoulder
-51.0,1.21135,1.211662231685836,0.0003122316858361618,0.02577551375210813,1.0002577551375211,0.6328646388395172,0.6057869962946638,penumbra_or_shoulder
-50.0,1.3204,1.3246213359947332,0.0042213359947331774,0.31970130223668414,1.0031970130223669,0.6898373460384682,0.6622624353353064,penumbra_or_shoulder
-49.0,1.38829,1.4335027356890415,0.045212735689041494,3.256721267821672,1.0325672126782168,0.725306186861364,0.7166991705477281,penumbra_or_shoulder
-48.0,1.45618,1.5083849936882812,0.05220499368828113,3.5850645997253863,1.0358506459972538,0.7607750276842599,0.754137572903479,penumbra_or_shoulder
-47.0,1.52407,1.5821995535356121,0.05812955353561211,3.814099978059545,1.0381409997805955,0.7962438685071557,0.7910421650607441,penumbra_or_shoulder
-46.0,1.59196,1.6471118450272504,0.055151845027250346,3.4643989187699655,1.0346439891876997,0.8317127093300515,0.8234959471932543,high_dose
-45.0,1.65985,1.7092177226718892,0.04936772267188916,2.9742279526396453,1.0297422795263964,0.8671815501529473,0.854546624590571,high_dose
-44.0,1.68686,1.7479242442921221,0.061064244292122094,3.6199948005241747,1.0361999480052417,0.8812928094050672,0.8738984760027515,high_dose
-43.0,1.71387,1.7855457950341593,0.07167579503415933,4.1821022034436295,1.0418210220344364,0.8954040686571869,0.8927078814822442,high_dose
-42.0,1.74088,1.8141210606453855,0.07324106064538549,4.207128615722249,1.0420712861572226,0.9095153279093068,0.9069944737934217,high_dose
-41.0,1.76789,1.84096171129656,0.07307171129655998,4.133272505447736,1.0413327250544773,0.9236265871614265,0.9204138217860932,high_dose
-40.0,1.7949,1.8533394654441038,0.05843946544410383,3.255861911198609,1.032558619111986,0.9377378464135464,0.926602248155942,high_dose
-39.0,1.80591,1.8667389764649436,0.060828976464943674,3.368328237007585,1.033683282370076,0.9434899739354212,0.9333015157578033,high_dose
-38.0,1.8169199999999999,1.8886577060159344,0.07173770601593454,3.948313960765171,1.0394831396076518,0.949242101457296,0.9442600824194177,high_dose
-37.0,1.82793,1.9092734545754744,0.08134345457547432,4.450031159588952,1.0445003115958895,0.954994228979171,0.9545672060299917,high_dose
-36.0,1.83894,1.9190251902793933,0.08008519027939331,4.3549648318810465,1.0435496483188105,0.9607463565010458,0.9594427187977018,high_dose
-35.0,1.84995,1.9292753191889318,0.07932531918893182,4.287970982401244,1.0428797098240123,0.9664984840229206,0.9645674100205215,high_dose
-34.0,1.85542,1.9436809578323249,0.0882609578323248,4.756926077778874,1.0475692607777887,0.9693562621831981,0.9717697047981225,high_dose
-33.0,1.86089,1.9565793994423086,0.0956893994423087,5.142130885883029,1.0514213088588302,0.9722140403434756,0.9782184559397032,high_dose
-32.0,1.86636,1.9569111128694976,0.09055111286949757,4.851749548291732,1.0485174954829173,0.9750718185037531,0.9783843005748105,high_dose
-31.0,1.8718299999999999,1.9572841020361247,0.0854541020361248,4.565270459182981,1.0456527045918298,0.9779295966640306,0.9785707815766878,high_dose
-30.0,1.8773,1.9580012406315026,0.08070124063150264,4.298792980956834,1.0429879298095683,0.9807873748243081,0.9789293247616284,high_dose
-29.0,1.88067,1.9599739559562626,0.0793039559562625,4.216792736432361,1.0421679273643236,0.9825480169449909,0.9799156105926788,high_dose
-28.0,1.88404,1.9724154362274957,0.08837543622749577,4.690740972988673,1.0469074097298867,0.9843086590656738,0.9861358977039503,high_dose
-27.0,1.88741,1.9831268925457355,0.09571689254573545,5.071335456828959,1.0507133545682896,0.9860693011863567,0.9914912358330753,high_dose
-26.0,1.89078,1.9794137313222253,0.0886337313222254,4.687680815442591,1.046876808154426,0.9878299433070395,0.9896347904264884,high_dose
-25.0,1.89415,1.9769971075500166,0.08284710755001656,4.373840907531957,1.0437384090753197,0.9895905854277224,0.9884265665354922,high_dose
-24.0,1.89662,1.9853907715956287,0.08877077159562874,4.680472187134415,1.046804721871344,0.990881026388579,0.9926230929247181,high_dose
-23.0,1.89909,1.9930480411931586,0.09395804119315865,4.947529669113031,1.0494752966911303,0.9921714673494356,0.9964514489038032,high_dose
-22.0,1.9015600000000001,1.9945653910195906,0.09300539101959049,4.891004807610093,1.0489100480761009,0.9934619083102921,0.9972100685666473,high_dose
-21.0,1.9040300000000001,1.9955819123126648,0.09155191231266468,4.8083229945255415,1.0480832299452554,0.9947523492711488,0.9977182921991891,high_dose
-20.0,1.9065,1.9924226185627258,0.08592261856272576,4.506824996733583,1.0450682499673358,0.9960427902320054,0.9961387603617353,high_dose
-19.0,1.90815,1.9898728422226017,0.08172284222260173,4.282831130812658,1.0428283113081265,0.9969048256916868,0.994863965035188,high_dose
-18.0,1.9098,1.9924051085365153,0.08260510853651537,4.325327706383672,1.0432532770638367,0.9977668611513684,0.9961300059862125,high_dose
-17.0,1.91145,1.9950118510375743,0.08356185103757419,4.3716472331253335,1.0437164723312533,0.9986288966110498,0.9974332823189516,high_dose
-16.0,1.9131,1.998239562117517,0.08513956211751705,4.450345623204069,1.0445034562320408,0.9994909320707314,0.999047020330167,high_dose
-15.0,1.91475,2.0016242743060597,0.08687427430605976,4.53710794130094,1.0453710794130093,1.0003529675304128,1.000739253178893,high_dose
-14.0,1.91618,2.006318032500159,0.09013803250015884,4.70404828879118,1.0470404828879118,1.0011000649288035,1.0030859613648702,high_dose
-13.0,1.91761,2.0101387284536454,0.09252872845364535,4.825210989390197,1.048252109893902,1.001847162327194,1.004996170220846,high_dose
-12.0,1.9190399999999999,2.0066799940332376,0.08763999403323774,4.566866455792362,1.0456686645579236,1.0025942597255848,1.003266928951516,high_dose
-11.0,1.92047,2.0030699234346465,0.08259992343464662,4.30102649011162,1.0430102649011161,1.0033413571239753,1.00146202510361,high_dose
-10.0,1.9219,1.9981980399653463,0.07629803996534634,3.969927673934458,1.0396992767393445,1.004088454522366,0.9990262607660034,high_dose
-9.0,1.92181,1.9939023805683738,0.07209238056837375,3.7512751296108227,1.0375127512961082,1.0040414344063835,0.9968785874828507,high_dose
-8.0,1.92172,1.9944111701776097,0.07269117017760962,3.7826098587520356,1.0378260985875203,1.003994414290401,0.9971329637612102,high_dose
-7.0,1.92163,1.9951845149010994,0.07355451490109943,3.827714747433139,1.0382771474743313,1.0039473941744181,0.9975196079636058,high_dose
-6.0,1.92154,1.9981636708997539,0.07662367089975386,3.9876177909257087,1.0398761779092571,1.0039003740584356,0.999009077484668,high_dose
-5.0,1.92145,2.0009579499214243,0.07950794992142418,4.137914071218308,1.041379140712183,1.003853353942453,1.0004061152490553,high_dose
-4.0,1.92096,2.002210759138204,0.08125075913820412,4.229695524019455,1.0422969552401946,1.0035973555332143,1.001032474239636,high_dose
-3.0,1.9204700000000001,2.0022311479832795,0.08176114798327938,4.257350960092028,1.0425735096009203,1.0033413571239755,1.0010426679197664,high_dose
-2.0,1.91998,1.9919758452798342,0.07199584527983416,3.7498226689774974,1.037498226689775,1.0030853587147366,0.9959153899883838,high_dose
-1.0,1.9194900000000001,1.9835757445046318,0.06408574450463167,3.3386860314266635,1.0333868603142666,1.0028293603054979,0.9917156454687397,high_dose
0.0,1.919,1.990643971917208,0.07164397191720795,3.733401350557996,1.03733401350558,1.0025733618962591,0.9952495018037966,high_dose
1.0,1.91422,1.995576320341781,0.08135632034178086,4.250102931835467,1.0425010293183548,1.0000760712918484,0.9977154964173643,high_dose
2.0,1.90944,1.982700107524121,0.07326010752412104,3.836732629677866,1.0383673262967787,0.9975787806874378,0.9912778588625416,high_dose
3.0,1.90466,1.970567938670849,0.06590793867084899,3.4603519090467056,1.034603519090467,0.995081490083027,0.985212216197475,high_dose
4.0,1.89988,1.9646394698310807,0.06475946983108072,3.40860842953664,1.0340860842953663,0.9925841994786164,0.9822481976474597,high_dose
5.0,1.8951,1.9597902943334955,0.06469029433349549,3.413555713867104,1.034135557138671,0.9900869088742057,0.9798237864688588,high_dose
6.0,1.88336,1.9639400657287613,0.08058006572876142,4.278526979906201,1.042785269799062,0.9839533959671385,0.9818985210632926,high_dose
7.0,1.87162,1.9658836949104397,0.09426369491043962,5.03647614956239,1.050364761495624,0.9778198830600712,0.982870264881899,high_dose
8.0,1.85988,1.9494329211599124,0.08955292115991242,4.814983824758179,1.0481498382475818,0.971686370153004,0.9746454770190394,high_dose
9.0,1.8481400000000001,1.9325693661500407,0.0844293661500406,4.568342557925297,1.0456834255792529,0.9655528572459366,0.9662143135568703,high_dose
10.0,1.8364,1.9122641178710387,0.07586411787103864,4.131132534907353,1.0413113253490736,0.9594193443388694,0.9560624287805002,high_dose
11.0,1.79814,1.8899171678692908,0.09177716786929069,5.104005687504348,1.0510400568750435,0.9394305705889211,0.944889767486048,high_dose
12.0,1.75988,1.8505468891246128,0.09066688912461274,5.151879055652245,1.0515187905565224,0.9194417968389728,0.9252060616806449,high_dose
13.0,1.72162,1.808884095233697,0.08726409523369716,5.06871988207021,1.050687198820702,0.8994530230890243,0.9043761817781364,high_dose
14.0,1.68336,1.748106736983173,0.06474673698317313,3.8462798797151607,1.0384627987971515,0.879464249339076,0.8739897157032773,high_dose
15.0,1.6451,1.6839218827001707,0.03882188270017073,2.359849413419897,1.023598494134199,0.8594754755891276,0.8418996256873394,high_dose
16.0,1.53922,1.5913259610683608,0.05210596106836074,3.3852185566949973,1.03385218556695,0.8041589213642314,0.7956050365125781,high_dose
17.0,1.43334,1.4954730605856605,0.06213306058566048,4.334844529955243,1.0433484452995525,0.7488423671393352,0.7476820765068378,penumbra_or_shoulder
18.0,1.3274599999999999,1.3724640769837804,0.045004076983780505,3.390239780014502,1.033902397800145,0.6935258129144388,0.6861820637600812,penumbra_or_shoulder
19.0,1.2215799999999999,1.2466795713227523,0.025099571322752423,2.054680931478284,1.020546809314783,0.6382092586895426,0.6232943910472121,penumbra_or_shoulder
20.0,1.1157,1.0977532796115148,-0.017946720388485105,-1.6085614760675007,0.983914385239325,0.5828927044646464,0.5488366679575605,penumbra_or_shoulder
21.0,0.9900599999999999,0.9500385777079815,-0.04002142229201844,-4.042322919016872,0.9595767708098313,0.5172526225528975,0.4749846956548496,penumbra_or_shoulder
22.0,0.86442,0.8124258859895511,-0.051994114010448844,-6.014913353514361,0.9398508664648564,0.4516125406411487,0.4061833606061011,penumbra_or_shoulder
23.0,0.73878,0.6779378537706018,-0.06084214622939821,-8.235489080565014,0.9176451091943498,0.3859724587293999,0.3389442415306942,penumbra_or_shoulder
24.0,0.61314,0.5695026505603077,-0.04363734943969233,-7.117028645936054,0.9288297135406395,0.32033237681765103,0.284730588313188,penumbra_or_shoulder
25.0,0.4875,0.46489340535984514,-0.022606594640154853,-4.637250182595867,0.9536274981740414,0.25469229490590223,0.232429774788226,penumbra_or_shoulder
26.0,0.43015,0.3921842855461632,-0.037965714453836785,-8.826157027510586,0.9117384297248942,0.22473003211030532,0.196077862396044,penumbra_or_shoulder
27.0,0.3728,0.3223274247863176,-0.050472575213682425,-13.538780904957733,0.8646121909504227,0.1947677693147084,0.1611519756731393,low_dose
28.0,0.31545,0.27625216884784065,-0.03919783115215936,-12.426004486339945,0.8757399551366005,0.16480550651911152,0.1381160254152502,low_dose
29.0,0.2581,0.2318914261046843,-0.026208573895315695,-10.154426150839091,0.8984557384916091,0.1348432437235146,0.11593726932545506,low_dose
30.0,0.20075,0.20182597509433636,0.001075975094336351,0.5359776310517315,1.0053597763105173,0.10488098092791769,0.10090563857596625,low_dose
31.0,0.182072,0.17310995229127923,-0.008962047708720777,-4.922254772134528,0.9507774522786547,0.09512273952432293,0.0865486727941827,tail
32.0,0.163394,0.15564521057976025,-0.007748789420239766,-4.742395326780521,0.9525760467321948,0.08536449812072819,0.07781693787184964,tail
33.0,0.144716,0.13863409470668336,-0.006081905293316647,-4.202648838633356,0.9579735116136664,0.07560625671713343,0.06931199935112527,tail
34.0,0.126038,0.12540522659685935,-0.0006327734031406629,-0.5020497017888754,0.9949795029821112,0.06584801531353868,0.06269804699125142,tail
35.0,0.10736000000000001,0.1124744936854916,0.005114493685491592,4.763872657872198,1.047638726578722,0.05608977390994393,0.05623315137478307,tail
36.0,0.09991080000000001,0.10202955653783265,0.002118756537832639,2.1206481559877797,1.0212064815598778,0.05219797115463511,0.05101106312634168,tail
37.0,0.0924616,0.09205065109334257,-0.0004109489066574379,-0.44445359658218964,0.995555464034178,0.0483061683993263,0.04602197376014486,tail
38.0,0.0850124,0.0859574312018826,0.0009450312018825929,1.111639245430776,1.0111163924543078,0.04441436564401748,0.042975585683267425,tail
39.0,0.0775632,0.07994240382311651,0.002379203823116516,3.0674389699193894,1.030674389699194,0.04052256288870867,0.039968291015558696,tail
40.0,0.070114,0.07457933105358348,0.004465331053583488,6.368672524151365,1.0636867252415136,0.03663076013339985,0.03728694991322458,tail
41.0,0.0663136,0.06915214622221573,0.0028385462222157293,4.280488802019087,1.0428048880201908,0.03464525736917341,0.03457355511444811,tail
42.0,0.06251319999999999,0.06319040695870876,0.0006772069587087648,1.0833023404797144,1.010833023404797,0.03265975460494697,0.03159290256401996,tail
43.0,0.058712799999999996,0.05783478245075699,-0.000878017549243007,-1.4954448591159117,0.9850455514088409,0.030674251840720524,0.028915285321267286,tail
44.0,0.0549124,0.05753282989929396,0.0026204298992939593,4.772018522763454,1.0477201852276345,0.02868874907649408,0.028764320040357443,tail
45.0,0.051112,0.056813897323520414,0.005701897323520416,11.155692055721586,1.1115569205572158,0.02670324631226764,0.028404879930542113,tail
46.0,0.0488618,0.052618262958258444,0.003756462958258447,7.6879340471665945,1.076879340471666,0.025527638923555307,0.026307215521091637,tail
47.0,0.046611599999999996,0.048599549847835585,0.001987949847835589,4.264925142744701,1.042649251427447,0.02435203153484298,0.024298005296930526,tail
48.0,0.0443614,0.04605597321263057,0.0016945732126305707,3.8199272625087817,1.0381992726250877,0.023176424146130647,0.023026309597096537,tail
49.0,0.0421112,0.04371121693470949,0.0016000169347094861,3.799504489801967,1.0379950448980197,0.022000816757418315,0.021854016836375112,tail
50.0,0.039861,0.04302418776997248,0.0031631877699724795,7.935545445353804,1.079355454453538,0.020825209368705987,0.021510527270397806,tail
51.0,0.0378605,0.04222098604337288,0.004360486043372878,11.517243679752985,1.1151724367975298,0.019780056679558792,0.02110895565361276,tail
52.0,0.03586,0.04044915913050686,0.004589159130506858,12.797432042685045,1.1279743204268504,0.018734903990411597,0.020223106713676952,tail
53.0,0.0338595,0.038515106028259714,0.004655606028259714,13.74977784155027,1.1374977784155027,0.017689751301264402,0.019256150586097944,tail
54.0,0.031859,0.035228441169955715,0.003369441169955717,10.576104617080627,1.1057610461708063,0.016644598612117208,0.017612937832351367,tail
55.0,0.0298585,0.03198984291824677,0.002131342918246768,7.1381446430556394,1.0713814464305564,0.015599445922970013,0.015993756631681077,tail
56.0,0.0285008,0.029152015080995776,0.0006512150809957762,2.2849010589028245,1.0228490105890282,0.014890121351085412,0.014574946045221039,tail
57.0,0.0271431,0.026447301237246614,-0.0006957987627533857,-2.5634461898360383,0.9743655381016396,0.014180796779200809,0.013222687608509913,tail
58.0,0.0257854,0.024852467081808625,-0.0009329329181913745,-3.6180664957354725,0.9638193350426453,0.013471472207316208,0.012425328602554351,tail
59.0,0.0244277,0.02334095591668283,-0.0010867440833171697,-4.448818690737031,0.9555118130926297,0.012762147635431605,0.011669628057763568,tail
60.0,0.02307,0.022524176327734808,-0.0005458236722651923,-2.365945696858224,0.9763405430314177,0.012052823063547003,0.011261268004207072,tail
61.0,0.0223125,0.021697452759219436,-0.0006150472407805627,-2.756514244394679,0.9724348575560532,0.011657070420693217,0.010847936322951212,tail
62.0,0.021555,0.02078781814091544,-0.0007671818590845626,-3.5591828303621553,0.9644081716963785,0.01126131777783943,0.010393152135792609,tail
63.0,0.0207975,0.01992023958516434,-0.0008772604148356601,-4.218105132038274,0.9578189486796173,0.010865565134985645,0.009959394448547645,tail
64.0,0.020040000000000002,0.019403316646977344,-0.0006366833530226587,-3.177062639833626,0.9682293736016637,0.010469812492131858,0.009700951801866795,tail
65.0,0.0192825,0.018906513219263392,-0.00037598678073660907,-1.949886066311988,0.9805011393368801,0.010074059849278071,0.0094525681778225,tail
66.0,0.0188306,0.018577462523064386,-0.00025313747693561303,-1.3442878980787285,0.9865571210192127,0.009837966622471965,0.009288054811253567,tail
67.0,0.0183787,0.01821796001103402,-0.00016073998896598204,-0.8745993403558577,0.9912540065964415,0.009601873395665856,0.009108316645593114,tail
68.0,0.0179268,0.01760455592957202,-0.00032224407042797873,-1.7975548922729028,0.982024451077271,0.00936578016885975,0.008801636940386208,tail
69.0,0.0174749,0.017056396822597453,-0.00041850317740254814,-2.3948816725849538,0.9760511832741504,0.009129686942053641,0.00852757734669592,tail
70.0,0.017023,0.01705223816248045,2.923816248045011e-05,0.17175681419520714,1.0017175681419521,0.008893593715247535,0.008525498168064279,tail
71.0,0.0168833,0.01694653604075199,6.323604075198982e-05,0.3745478712810281,1.0037454787128104,0.008820608046327833,0.008472650956069592,tail
72.0,0.0167436,0.015994183446308,-0.0007494165536920012,-4.475838850020313,0.9552416114997969,0.00874762237740813,0.007996509336305677,tail
73.0,0.016603899999999998,0.015103317033405393,-0.001500582966594605,-9.037533149408302,0.909624668505917,0.00867463670848843,0.0075511085684520805,tail
74.0,0.0164642,0.01472511095176738,-0.0017390890482326185,-10.562851813222743,0.8943714818677726,0.008601651039568729,0.0073620192990299475,tail
75.0,0.0163245,0.014372785505179701,-0.0019517144948202978,-11.955738275722368,0.8804426172427763,0.008528665370649027,0.007185869404756551,tail
76.0,0.0161246,0.0142362479739517,-0.0018883520260483,-11.71100074450405,0.8828899925549595,0.008424228468594279,0.007117605610803827,tail
77.0,0.0159247,0.014019875531002195,-0.0019048244689978053,-11.961446488774076,0.8803855351122593,0.00831979156653953,0.0070094272679723044,tail
78.0,0.0157248,0.013137854461587198,-0.0025869455384128024,-16.45137323471715,0.8354862676528285,0.00821535466448478,0.006568448849782194,tail
79.0,0.0155249,0.012364579177388488,-0.0031603208226115113,-20.35646492158733,0.7964353507841267,0.008110917762430033,0.006181839364503547,tail
80.0,0.015325,0.012498005998850488,-0.002826994001149512,-18.446942911252933,0.8155305708874706,0.008006480860375285,0.006248547916841726,tail
81.0,0.0151362,0.012603332498886276,-0.0025328675011137246,-16.733840072896268,0.8326615992710373,0.007907843105958394,0.006301207331667369,tail
82.0,0.0149474,0.012474363751927276,-0.0024730362480727235,-16.544925860502318,0.8345507413949769,0.007809205351541503,0.006236727654251431,tail
83.0,0.0147586,0.01231455841249437,-0.00244404158750563,-16.560118083731723,0.8343988191626828,0.007710567597124612,0.006156830803433348,tail
84.0,0.014569799999999999,0.011897643307640366,-0.0026721566923596334,-18.340380048865693,0.8165961995113431,0.007611929842707721,0.005948388431892243,tail
85.0,0.014381,0.01148023829791992,-0.00290076170208008,-20.170792727070996,0.79829207272929,0.00751329208829083,0.005739701125756539,tail
86.0,0.0141284,0.011058748552656924,-0.0030696514473430754,-21.726815827291663,0.7827318417270833,0.007381322296099587,0.005528971600584645,tail
87.0,0.013875799999999999,0.01066511864341855,-0.0032106813565814483,-23.13871168928241,0.7686128831071759,0.0072493525039083444,0.005332170978981145,tail
88.0,0.0136232,0.010503778858681548,-0.0031194211413184524,-22.897859102989404,0.771021408970106,0.007117382711717101,0.005251506961383873,tail
89.0,0.0133706,0.010270853974149589,-0.003099746025850411,-23.183297876313784,0.7681670212368622,0.006985412919525859,0.005135053000475497,tail
90.0,0.013118,0.009441065858652588,-0.003676934141347411,-28.02968548061756,0.7197031451938244,0.006853443127334616,0.004720189157316381,tail
91.0,0.012680199999999999,0.008713045657808532,-0.003967154342191467,-31.28621269531606,0.6871378730468394,0.006624716385365787,0.004356205565868176,tail
92.0,0.0122424,0.008833547377340528,-0.003408852622659473,-27.84464339230439,0.7215535660769561,0.0063959896433969585,0.00441645203787553,tail
93.0,0.0118046,0.008925173837246385,-0.0028794261627536153,-24.39240772879738,0.7560759227120262,0.006167262901428131,0.004462261931487758,tail
94.0,0.011366800000000002,0.008776043759761393,-0.002590756240238608,-22.79230953512517,0.7720769046487483,0.005938536159459302,0.004387702322931561,tail
95.0,0.010929000000000001,0.008613764944069858,-0.002315235055930143,-21.184326616617646,0.7881567338338236,0.005709809417490473,0.004306568824049408,tail
96.0,0.010501620000000001,0.008341854397870855,-0.002159765602129146,-20.566023167179406,0.794339768328206,0.005486526560060967,0.00417062345186961,tail
97.0,0.010074240000000002,0.00793557749831535,-0.0021386625016846517,-21.22902076667472,0.7877097923332528,0.00526324370263146,0.003967499795615008,tail
98.0,0.00964686,0.006408978967204353,-0.003237881032795647,-33.564092697475104,0.664359073025249,0.005039960845201953,0.0032042561171990577,tail
99.0,0.00921948,0.004936258100112424,-0.004283221899887576,-46.45838919209734,0.5354161080790266,0.004816677987772446,0.0024679493089767696,tail
100.0,0.0087921,0.003912759162100417,-0.004879340837899583,-55.49687603529968,0.44503123964700325,0.00459339513034294,0.001956237108039047,tail
