x_mm,intensity,net_od,dose_cgy,dose_gy,normalized_percent,smoothed_percent
0,36999.89,0.218414341,197.8400222,1.978400222,65.94667405,65.94667405
0.127,36926.89,0.2192720412,198.8895096,1.988895096,66.29650322,66.29650322
0.254,36902.91,0.2195541598,199.2347119,1.992347119,66.41157062,66.41157062
0.381,36816.12,0.220576757,200.5182003,2.005182003,66.83940011,66.83940011
0.508,36685.37,0.2221218703,202.5342063,2.025342063,67.51140211,67.51140211
0.635,36737.64,0.2215035198,201.7274058,2.017274058,67.24246859,67.24246859
0.762,36679.72,0.2221887621,202.6214843,2.026214843,67.54049478,67.54049478
0.889,36655.77,0.222472427,202.9915997,2.029915997,67.66386657,67.66386657
1.016,36672.45,0.2222748488,202.733807,2.02733807,67.57793565,67.57793565
1.143,36651.2,0.2225265754,203.0622505,2.030622505,67.68741682,67.68741682
1.27,36640.83,0.222649471,203.2226,2.032226,67.74086668,67.74086668
1.397,36607.27,0.2230474315,203.741844,2.03741844,67.91394798,67.91394798
1.524,36522.47,0.2240546329,205.0560027,2.050560027,68.35200089,68.35200089
1.651,36513.86,0.2241570278,205.1896038,2.051896038,68.39653459,68.39653459
1.778,36544.98,0.2237870453,204.7068645,2.047068645,68.23562149,68.23562149
1.905,36516.07,0.2241307429,205.1553083,2.051553083,68.38510275,68.38510275
2.032,36539.09,0.2238570468,204.7981997,2.047981997,68.26606657,68.26606657
2.159,36486.12,0.2244870917,205.6202588,2.056202588,68.54008627,68.54008627
2.286,36482.9,0.2245254211,205.6702695,2.056702695,68.55675651,68.55675651
2.413,36386.55,0.2256738941,207.1687541,2.071687541,69.05625138,69.05625138
2.54,36378.04,0.2257754777,207.3012967,2.073012967,69.10043222,69.10043222
2.667,36431.28,0.2251403436,206.4725974,2.064725974,68.82419914,68.82419914
2.794,36433.24,0.2251169792,206.4421124,2.064421124,68.81403748,68.81403748
2.921,36493.69,0.2243969953,205.5027044,2.055027044,68.50090146,68.50090146
3.048,36480.55,0.2245533965,205.7067708,2.057067708,68.56892361,68.56892361
3.175,36445.04,0.2249763427,206.2586151,2.062586151,68.75287171,68.75287171
3.302,36395.59,0.2255660099,207.0279908,2.070279908,69.00933028,69.00933028
3.429,36385.81,0.2256827265,207.1802783,2.071802783,69.06009278,69.06009278
3.556,36377.3,0.2257843122,207.3128236,2.073128236,69.10427453,69.10427453
3.683,36359.3,0.2259992604,207.59328,2.0759328,69.19775999,69.19775999
3.81,36317.59,0.2264977524,208.2436937,2.082436937,69.41456456,69.41456456
3.937,36267.13,0.2271015848,209.0315516,2.090315516,69.67718388,69.67718388
4.064,36260.27,0.2271837403,209.138745,2.09138745,69.71291499,69.71291499
4.191,36227.76,0.2275732919,209.6470173,2.096470173,69.88233912,69.88233912
4.318,36226.05,0.2275937917,209.6737647,2.096737647,69.8912549,69.8912549
4.445,36152.48,0.2284766793,210.8257235,2.108257235,70.27524117,70.27524117
4.572,36087.71,0.2292554498,211.841834,2.11841834,70.61394467,70.61394467
4.699,36108.15,0.2290095359,211.5209749,2.115209749,70.50699162,70.50699162
4.826,36090.38,0.2292233191,211.7999111,2.117999111,70.59997035,70.59997035
4.953,36069.66,0.2294727253,212.125327,2.12125327,70.70844233,70.70844233
5.08,36055.42,0.229644215,212.3490803,2.123490803,70.78302677,70.78302677
5.207,36015.95,0.2301198991,212.9697352,2.129697352,70.98991174,70.98991174
5.334,36017.87,0.2300967476,212.939528,2.12939528,70.97984267,70.97984267
5.461,35985.7,0.2304848188,213.4458687,2.134458687,71.14862291,71.14862291
5.588,35989.41,0.2304400469,213.387452,2.13387452,71.12915066,71.12915066
5.715,35969.16,0.2306844782,213.7063768,2.137063768,71.23545894,71.23545894
5.842,35933.62,0.2311138031,214.2665439,2.142665439,71.4221813,71.4221813
5.969,35973.16,0.2306361845,213.6433651,2.136433651,71.21445503,71.21445503
6.096,35963.18,0.2307566872,213.8005924,2.138005924,71.26686414,71.26686414
6.223,35957.55,0.2308246809,213.889308,2.13889308,71.29643601,71.29643601
6.35,35922.05,0.2312536609,214.4490251,2.144490251,71.48300836,71.48300836
6.477,35936.79,0.2310754921,214.2165571,2.142165571,71.40551904,71.40551904
6.604,35949.51,0.2309217987,214.0160237,2.140160237,71.33867457,71.33867457
6.731,35907.24,0.2314327494,214.6826931,2.146826931,71.5608977,71.5608977
6.858,35891.05,0.23162861,214.9382447,2.149382447,71.64608156,71.64608156
6.985,35896.75,0.2315596434,214.8482597,2.148482597,71.61608657,71.61608657
7.112,35858.08,0.2320277421,215.4590173,2.154590173,71.81967244,71.81967244
7.239,35869.7,0.2318870295,215.2754207,2.152754207,71.75847358,71.75847358
7.366,35915.81,0.2313291085,214.5474663,2.145474663,71.5158221,71.5158221
7.493,35922.5,0.2312482204,214.4419266,2.144419266,71.48064221,71.48064221
7.62,35905.37,0.2314553674,214.7122043,2.147122043,71.57073477,71.57073477
7.747,35910.06,0.2313986431,214.6381925,2.146381925,71.54606417,71.54606417
7.874,35959.08,0.2308062019,213.8651974,2.138651974,71.28839915,71.28839915
8.001,35912.75,0.2313661116,214.5957466,2.145957466,71.53191554,71.53191554
8.128,35921.72,0.2312576505,214.4542307,2.144542307,71.48474356,71.48474356
8.255,35916,0.231326811,214.5444686,2.145444686,71.51482288,71.51482288
8.382,35925.11,0.2312166673,214.4007573,2.144007573,71.46691909,71.46691909
8.509,35884.34,0.231709811,215.0441927,2.150441927,71.68139756,71.68139756
8.636,35910.93,0.2313881215,214.6244643,2.146244643,71.54148811,71.54148811
8.763,35926.14,0.2312042159,214.3845112,2.143845112,71.46150373,71.46150373
8.89,35953.62,0.2308721499,213.9512439,2.139512439,71.31708129,71.31708129
9.017,35933.67,0.2311131988,214.2657554,2.142657554,71.42191847,71.42191847
9.144,35989.85,0.2304347373,213.3805243,2.133805243,71.12684142,71.12684142
9.271,35902.06,0.2314954055,214.7644445,2.147644445,71.58814815,71.58814815
9.398,35979.65,0.2305578395,213.5411435,2.135411435,71.18038116,71.18038116
9.525,35961.19,0.2307807192,213.8319486,2.138319486,71.27731619,71.27731619
9.652,36016.73,0.2301104937,212.9574633,2.129574633,70.98582112,70.98582112
9.779,36002.19,0.2302858543,213.1862673,2.131862673,71.06208911,71.06208911
9.906,36009.56,0.2301969591,213.0702802,2.130702802,71.02342673,71.02342673
10.033,36000.2,0.2303098604,213.2175895,2.132175895,71.07252984,71.07252984
10.16,36005.44,0.2302466513,213.1351168,2.131351168,71.04503892,71.04503892
10.287,35987.64,0.2304614065,213.4153212,2.134153212,71.13844041,71.13844041
10.414,36023.75,0.2300258539,212.8470285,2.128470285,70.94900948,70.94900948
10.541,36023.72,0.2300262155,212.8475003,2.128475003,70.94916678,70.94916678
10.668,36048.4,0.2297287805,212.4594182,2.124594182,70.81980606,70.81980606
10.795,36050.99,0.2296975785,212.418707,2.12418707,70.80623566,70.80623566
10.922,36067.14,0.2295030682,212.1649173,2.121649173,70.72163912,70.72163912
11.049,36035.76,0.229881088,212.6581434,2.126581434,70.88604781,70.88604781
11.176,36016.4,0.2301144729,212.9626553,2.129626553,70.98755175,70.98755175
11.303,36082.91,0.2293132188,211.9172089,2.119172089,70.63906962,70.63906962
11.43,36060.13,0.2295874858,212.2750622,2.122750622,70.75835408,70.75835408
11.557,36056.07,0.2296363857,212.3388649,2.123388649,70.77962164,70.77962164
11.684,36033.77,0.2299050717,212.6894364,2.126894364,70.89647881,70.89647881
11.811,36134.23,0.2286959693,211.1118448,2.111118448,70.37061494,70.37061494
11.938,36126.32,0.2287910494,211.2359018,2.112359018,70.41196725,70.41196725
12.065,36133.11,0.2287094307,211.1294088,2.111294088,70.37646959,70.37646959
12.192,36149.54,0.2285119986,210.8718067,2.108718067,70.29060224,70.29060224
12.319,36110.88,0.2289767018,211.4781341,2.114781341,70.49271138,70.49271138
12.446,36142.92,0.2285915374,210.975586,2.10975586,70.32519534,70.32519534
12.573,36120.22,0.228864387,211.33159,2.1133159,70.44386333,70.44386333
12.7,36196.53,0.2279478352,210.1357075,2.101357075,70.04523583,70.04523583
12.827,36175.83,0.2281962697,210.4598555,2.104598555,70.15328518,70.15328518
12.954,36124.82,0.2288090821,211.2594301,2.112594301,70.41981005,70.41981005
13.081,36195.8,0.227956594,210.1471356,2.101471356,70.04904521,70.04904521
13.208,36179.93,0.2281470516,210.3956376,2.103956376,70.13187919,70.13187919
13.335,36192.65,0.2279943909,210.1964515,2.101964515,70.06548385,70.06548385
13.462,36223.9,0.2276195676,209.7073962,2.097073962,69.9024654,69.9024654
13.589,36241.75,0.2274056137,209.4282371,2.094282371,69.80941235,69.80941235
13.716,36250.64,0.2272990955,209.2892561,2.092892561,69.76308538,69.76308538
13.843,36255.47,0.2272412344,209.2137611,2.092137611,69.73792037,69.73792037
13.97,36248.46,0.2273252134,209.3233338,2.093233338,69.7744446,69.7744446
14.097,36288.57,0.2268449193,208.696664,2.08696664,69.56555468,69.56555468
14.224,36292.16,0.226801957,208.6406084,2.086406084,69.54686948,69.54686948
14.351,36258.54,0.2272044612,209.1657809,2.091657809,69.72192697,69.72192697
14.478,36289.28,0.2268364222,208.6855774,2.086855774,69.56185913,69.56185913
14.605,36322.71,0.2264365306,208.1638137,2.081638137,69.38793789,69.38793789
14.732,36370.54,0.2258650247,207.4181343,2.074181343,69.13937808,69.13937808
14.859,36337.2,0.2262633146,207.937808,2.07937808,69.31260267,69.31260267
14.986,36346.4,0.2261533721,207.7943591,2.077943591,69.26478637,69.26478637
15.113,36331.85,0.2263272614,208.0212434,2.080212434,69.34041445,69.34041445
15.24,36348.37,0.2261298337,207.7636471,2.077636471,69.25454902,69.25454902
15.367,36375.26,0.2258086677,207.3446017,2.073446017,69.11486722,69.11486722
15.494,36414.56,0.2253397072,206.7327196,2.067327196,68.91090652,68.91090652
15.621,36417.9,0.2252998748,206.6807478,2.066807478,68.8935826,68.8935826
15.748,36406.57,0.2254350095,206.8570665,2.068570665,68.95235551,68.95235551
15.875,36390.22,0.2256300927,207.1116038,2.071116038,69.03720125,69.03720125
16.002,36383.68,0.2257081505,207.2134507,2.072134507,69.07115023,69.07115023
16.129,36389.48,0.2256389242,207.1231268,2.071231268,69.04104227,69.04104227
16.256,36429.77,0.2251583446,206.4960844,2.064960844,68.83202813,68.83202813
16.383,36427.45,0.2251860031,206.5321723,2.065321723,68.84405742,68.84405742
16.51,36352.2,0.2260840748,207.7039426,2.077039426,69.23464753,69.23464753
16.637,36370.51,0.225865383,207.4186017,2.074186017,69.13953388,69.13953388
16.764,36401.11,0.2255001468,206.9420552,2.069420552,68.98068508,68.98068508
16.891,36399.39,0.2255206683,206.9688309,2.069688309,68.98961029,68.98961029
17.018,36294.8,0.2267703663,208.59939,2.0859939,69.53313002,69.53313002
17.145,36362.91,0.2259561428,207.5370217,2.075370217,69.17900725,69.17900725
17.272,36476.47,0.2246019709,205.7701489,2.057701489,68.59004963,68.59004963
17.399,36430.15,0.2251538144,206.4901737,2.064901737,68.83005789,68.83005789
17.526,36461.29,0.224782744,206.0060148,2.060060148,68.6686716,68.6686716
17.653,36409.12,0.2254045916,206.8173784,2.068173784,68.93912612,68.93912612
17.78,36454.42,0.224864581,206.1127927,2.061127927,68.70426423,68.70426423
17.907,36414.04,0.2253459089,206.7408114,2.067408114,68.9136038,68.9136038
18.034,36465.5,0.2247326011,205.9405902,2.059405902,68.64686341,68.64686341
18.161,36400.55,0.2255068281,206.9507727,2.069507727,68.98359091,68.98359091
18.288,36470.14,0.2246773434,205.8684921,2.058684921,68.6228307,68.6228307
18.415,36482.42,0.2245311351,205.6777249,2.056777249,68.55924164,68.55924164
18.542,36519.42,0.2240909024,205.1033258,2.051033258,68.36777527,68.36777527
18.669,36488.51,0.2244586445,205.5831419,2.055831419,68.52771397,68.52771397
18.796,36518.87,0.2240974431,205.1118599,2.051118599,68.37061997,68.37061997
18.923,36529.15,0.2239752072,204.952371,2.04952371,68.31745701,68.31745701
19.05,36566.76,0.2235282925,204.3692535,2.043692535,68.1230845,68.1230845
19.177,36520.86,0.224073778,205.0809826,2.050809826,68.36032753,68.36032753
19.304,36449.02,0.2249289179,206.1967371,2.061967371,68.73224569,68.73224569
19.431,36511.09,0.2241899753,205.2325925,2.052325925,68.41086415,68.41086415
19.558,36438.85,0.2250501116,206.3548661,2.063548661,68.78495535,68.78495535
19.685,36512.78,0.2241698735,205.2063643,2.052063643,68.40212144,68.40212144
19.812,36533.97,0.2239179061,204.8776067,2.048776067,68.29253555,68.29253555
19.939,36541.26,0.2238312554,204.7645482,2.047645482,68.25484939,68.25484939
20.066,36555.32,0.2236641839,204.5465594,2.045465594,68.18218648,68.18218648
20.193,36572.75,0.2234571566,204.276438,2.04276438,68.09214599,68.09214599
20.32,36527.38,0.2239962512,204.9798285,2.049798285,68.32660949,68.32660949
20.447,36562.45,0.2235794844,204.4360467,2.044360467,68.14534889,68.14534889
20.574,36577.01,0.2234065728,204.2104382,2.042104382,68.07014606,68.07014606
20.701,36572.11,0.2234647565,204.2863541,2.042863541,68.09545137,68.09545137
20.828,36540.75,0.2238373169,204.7724569,2.047724569,68.25748563,68.25748563
20.955,36581.45,0.223353858,204.1416579,2.041416579,68.04721929,68.04721929
21.082,36559.44,0.2236152391,204.4826981,2.044826981,68.16089937,68.16089937
21.209,36550.84,0.2237174116,204.616009,2.04616009,68.20533635,68.20533635
21.336,36514.62,0.2241479885,205.1778096,2.051778096,68.3926032,68.3926032
21.463,36498.36,0.2243414234,205.4301962,2.054301962,68.47673206,68.47673206
21.59,36500.35,0.224317745,205.3993015,2.053993015,68.46643384,68.46643384
21.717,36466.85,0.2247165232,205.9196125,2.059196125,68.63987082,68.63987082
21.844,36515.01,0.22414335,205.1717574,2.051717574,68.39058581,68.39058581
21.971,36514.27,0.2241521513,205.1832411,2.051832411,68.3944137,68.3944137
22.098,36573.15,0.2234524067,204.2702405,2.042702405,68.09008016,68.09008016
22.225,36505.35,0.2242582572,205.3216841,2.053216841,68.44056137,68.44056137
22.352,36527.15,0.2239989858,204.9833965,2.049833965,68.32779882,68.32779882
22.479,36569.99,0.2234899323,204.3192025,2.043192025,68.10640083,68.10640083
22.606,36601.58,0.2231149407,203.8299274,2.038299274,67.94330915,67.94330915
22.733,36628.04,0.2228010941,203.4204322,2.034204322,67.80681072,67.80681072
22.86,36628.86,0.2227913715,203.4077466,2.034077466,67.80258219,67.80258219
22.987,36596.7,0.2231728479,203.9054827,2.039054827,67.96849423,67.96849423
23.114,36603.59,0.2230910917,203.7988103,2.037988103,67.93293676,67.93293676
23.241,36630.73,0.2227692002,203.3788183,2.033788183,67.79293942,67.79293942
23.368,36627.41,0.222808564,203.4301786,2.034301786,67.81005954,67.81005954
23.495,36634.86,0.2227202377,203.3149337,2.033149337,67.77164458,67.77164458
23.622,36618.83,0.2229103097,203.5629327,2.035629327,67.85431089,67.85431089
23.749,36583.06,0.2233347445,204.1167193,2.041167193,68.03890644,68.03890644
23.876,36613.56,0.2229728157,203.6444882,2.036444882,67.88149605,67.88149605
24.003,36638.9,0.2226723474,203.2524483,2.032524483,67.7508161,67.7508161
24.13,36608.71,0.2230303482,203.7195543,2.037195543,67.90651811,67.90651811
24.257,36630.35,0.2227737055,203.3846966,2.033846966,67.79489888,67.79489888
24.384,36573.05,0.2234535942,204.2717899,2.042717899,68.09059662,68.09059662
24.511,36528.14,0.2239872152,204.9680387,2.049680387,68.32267955,68.32267955
24.638,36575.33,0.2234265207,204.2364654,2.042364654,68.07882179,68.07882179
24.765,36495.21,0.2243789069,205.4791033,2.054791033,68.49303443,68.49303443
24.892,36425.42,0.2252102058,206.563751,2.06563751,68.85458368,68.85458368
25.019,36312.05,0.2265640061,208.3301391,2.083301391,69.44337968,69.44337968
25.146,36370.88,0.2258609649,207.4128371,2.074128371,69.13761236,69.13761236
25.273,36212.63,0.2277547066,209.8837205,2.098837205,69.96124015,69.96124015
25.4,36506.54,0.2242441003,205.3032128,2.053032128,68.43440425,68.43440425
25.527,36635.35,0.2227144289,203.3073547,2.033073547,67.76911823,67.76911823
25.654,36638.6,0.2226759034,203.2570881,2.032570881,67.75236269,67.75236269
25.781,36668.3,0.222323998,202.7979351,2.027979351,67.59931169,67.59931169
25.908,36675.44,0.222239441,202.6876083,2.026876083,67.5625361,67.5625361
26.035,36682.27,0.2221585707,202.5820917,2.025820917,67.5273639,67.5273639
26.162,36690.46,0.2220616172,202.4555904,2.024555904,67.4851968,67.4851968
26.289,36731.74,0.2215732723,201.8184162,2.018184162,67.27280542,67.27280542
26.416,36726.12,0.221639725,201.9051212,2.019051212,67.30170706,67.30170706
26.543,36689.97,0.2220674172,202.4631581,2.024631581,67.48771935,67.48771935
26.67,36678.9,0.2221984712,202.6341523,2.026341523,67.54471745,67.54471745
26.797,36702.67,0.221917115,202.2670493,2.022670493,67.42234976,67.42234976
26.924,36713.52,0.2217887483,202.0995613,2.020995613,67.36652043,67.36652043
27.051,36760.16,0.2212373809,201.3801577,2.013801577,67.12671922,67.12671922
27.178,36777.31,0.2210348134,201.1158552,2.011158552,67.03861839,67.03861839
27.305,36758.8,0.2212534486,201.4011222,2.014011222,67.1337074,67.1337074
27.432,36643.94,0.2226126105,203.1745059,2.031745059,67.72483529,67.72483529
27.559,36742.17,0.2214499716,201.6575381,2.016575381,67.21917938,67.21917938
27.686,36763.88,0.221193434,201.3228174,2.013228174,67.10760582,67.10760582
27.813,36693.5,0.2220256351,202.4086423,2.024086423,67.46954742,67.46954742
27.94,36738.28,0.2214959541,201.7175343,2.017175343,67.23917811,67.23917811
28.067,36726.7,0.2216328664,201.8961724,2.018961724,67.29872413,67.29872413
28.194,36692.65,0.2220356956,202.4217688,2.024217688,67.47392294,67.47392294
28.321,36665.55,0.2223565699,202.8404336,2.028404336,67.61347787,67.61347787
28.448,36633.15,0.2227405096,203.3413838,2.033413838,67.78046128,67.78046128
28.575,36735.32,0.2215309466,201.7631912,2.017631912,67.25439706,67.25439706
28.702,36742.91,0.2214412249,201.6461257,2.016461257,67.21537523,67.21537523
28.829,36681.36,0.2221693447,202.5961491,2.025961491,67.53204972,67.53204972
28.956,36737.15,0.2215093124,201.7349637,2.017349637,67.2449879,67.2449879
29.083,36731.91,0.2215712623,201.8157937,2.018157937,67.27193124,67.27193124
29.21,36754.93,0.2212991739,201.4607829,2.014607829,67.1535943,67.1535943
29.337,36804.85,0.2207097218,200.6916878,2.006916878,66.89722928,66.89722928
29.464,36711.05,0.2218179676,202.1376855,2.021376855,67.37922851,67.37922851
29.591,36743.29,0.2214367334,201.6402653,2.016402653,67.21342178,67.21342178
29.718,36734.03,0.2215461975,201.7830901,2.017830901,67.26103003,67.26103003
29.845,36665.37,0.2223587019,202.8432155,2.028432155,67.61440515,67.61440515
29.972,36657.28,0.2224545371,202.9682575,2.029682575,67.65608584,67.65608584
30.099,36706.79,0.2218683667,202.2034443,2.022034443,67.40114811,67.40114811
30.226,36711.35,0.2218144186,202.1330549,2.021330549,67.37768497,67.37768497
30.353,36698.46,0.2219669338,202.332051,2.02332051,67.44401702,67.44401702
30.48,36721.82,0.2216905764,201.9714702,2.019714702,67.32382341,67.32382341
30.607,36693.64,0.2220239781,202.4064803,2.024064803,67.46882676,67.46882676
30.734,36673.57,0.2222615853,202.7165013,2.027165013,67.57216711,67.57216711
30.861,36669.02,0.2223154705,202.7868087,2.027868087,67.59560291,67.59560291
30.988,36732.37,0.2215658236,201.8086975,2.018086975,67.26956583,67.26956583
31.115,36714.67,0.2217751449,202.081812,2.02081812,67.360604,67.360604
31.242,36708.58,0.2218471889,202.1758124,2.021758124,67.39193745,67.39193745
31.369,36686.06,0.2221137019,202.5235485,2.025235485,67.50784951,67.50784951
31.496,36720.49,0.2217063061,201.9919937,2.019919937,67.33066457,67.33066457
31.623,36659.69,0.2224259857,202.9310048,2.029310048,67.64366826,67.64366826
31.75,36678.77,0.2222000104,202.6361607,2.026361607,67.5453869,67.5453869
31.877,36682.69,0.2221535982,202.5756038,2.025756038,67.52520126,67.52520126
32.004,36676.88,0.2222223895,202.6653601,2.026653601,67.55512004,67.55512004
32.131,36674.38,0.2222519933,202.703986,2.02703986,67.56799533,67.56799533
32.258,36685.57,0.2221195026,202.5311171,2.025311171,67.51037236,67.51037236
32.385,36691.45,0.222049899,202.4403009,2.024403009,67.48010031,67.48010031
32.512,36698.34,0.2219683539,202.3339039,2.023339039,67.44463465,67.44463465
32.639,36831.88,0.2203908869,200.275684,2.00275684,66.75856132,66.75856132
32.766,36764.73,0.221183393,201.3097163,2.013097163,67.10323878,67.10323878
32.893,36749.95,0.2213580213,201.5375648,2.015375648,67.17918828,67.17918828
33.02,36747.81,0.2213833116,201.5705627,2.015705627,67.19018756,67.19018756
33.147,36726.47,0.2216355862,201.899721,2.01899721,67.29990701,67.29990701
33.274,36744.9,0.2214177041,201.6154366,2.016154366,67.20514555,67.20514555
33.401,36681.44,0.2221683975,202.5949133,2.025949133,67.53163777,67.53163777
33.528,36728.89,0.2216069703,201.8623842,2.018623842,67.28746139,67.28746139
33.655,36762.67,0.2212077281,201.3414678,2.013414678,67.1138226,67.1138226
33.782,36806.11,0.2206948541,200.6722891,2.006722891,66.89076303,66.89076303
33.909,36837.55,0.2203240355,200.1884589,2.001884589,66.72948628,66.72948628
34.036,36876.37,0.21986661,199.6170279,1.996170279,66.53900931,66.53900931
34.163,36855.8,0.2201089313,199.9135338,1.999135338,66.63784462,66.63784462
34.29,36857.47,0.2200892532,199.8894555,1.998894555,66.6298185,66.6298185
34.417,36829.53,0.2204185972,200.3118394,2.003118394,66.77061314,66.77061314
34.544,36820.69,0.2205228512,200.4478661,2.004478661,66.81595536,66.81595536
34.671,36829.47,0.2204193048,200.3127626,2.003127626,66.77092085,66.77092085
34.798,36864.23,0.2200096069,199.7919998,1.997919998,66.59733325,66.59733325
34.925,36872.45,0.2199127785,199.67352,1.9967352,66.55783999,66.55783999
35.052,36805.23,0.2207052378,200.6858374,2.006858374,66.89527912,66.89527912
35.179,36810.14,0.2206473047,200.6102483,2.006102483,66.87008277,66.87008277
35.306,36836.08,0.2203413664,200.2110715,2.002110715,66.73702383,66.73702383
35.433,36842.79,0.2202622632,200.1078606,2.001078606,66.70262021,66.70262021
35.56,36805.59,0.2207009899,200.6802948,2.006802948,66.89343161,66.89343161
35.687,36837.63,0.2203230924,200.1872283,2.001872283,66.72907609,66.72907609
35.814,36846.27,0.2202212437,200.0543399,2.000543399,66.68477997,66.68477997
35.941,36872.78,0.2199088917,199.668764,1.99668764,66.55625467,66.55625467
36.068,36879.27,0.219832458,199.5752392,1.995752392,66.52507975,66.52507975
36.195,36890.48,0.2197004678,199.4137352,1.994137352,66.47124507,66.47124507
36.322,36878.25,0.2198444698,199.589937,1.99589937,66.52997899,66.52997899
36.449,36874.7,0.2198862781,199.641094,1.99641094,66.54703132,66.54703132
36.576,36863.14,0.2200224482,199.8077126,1.998077126,66.60257085,66.60257085
36.703,36844.01,0.2202478824,200.089097,2.00089097,66.69636568,66.69636568
36.83,36848.15,0.2201990853,200.0254285,2.000254285,66.67514284,66.67514284
36.957,36812.82,0.2206156866,200.5689942,2.005689942,66.8563314,66.8563314
37.084,36801.91,0.220744415,200.7369542,2.007369542,66.91231806,66.91231806
37.211,36861.9,0.2200370573,199.8255882,1.998255882,66.60852942,66.60852942
37.338,36840.45,0.2202898475,200.1438516,2.001438516,66.71461718,66.71461718
37.465,36834.6,0.2203588158,200.2338389,2.002338389,66.74461295,66.74461295
37.592,36809.23,0.2206580412,200.6242569,2.006242569,66.87475231,66.87475231
37.719,36768.91,0.2211340183,201.2452941,2.012452941,67.08176469,67.08176469
37.846,36819.18,0.2205406618,200.4711047,2.004711047,66.82370155,66.82370155
37.973,36810.86,0.22063881,200.5991648,2.005991648,66.86638828,66.86638828
38.1,36753.54,0.2213155984,201.482213,2.01482213,67.16073765,67.16073765
38.227,36793.3,0.2208460323,200.8695407,2.008695407,66.95651357,66.95651357
38.354,36801.61,0.2207479552,200.7415734,2.007415734,66.9138578,66.9138578
38.481,36807.94,0.2206732616,200.6441159,2.006441159,66.88137196,66.88137196
38.608,36820.41,0.2205261538,200.4521751,2.004521751,66.81739171,66.81739171
38.735,36825.88,0.2204616402,200.3680003,2.003680003,66.78933343,66.78933343
38.862,36868.79,0.2199558892,199.7262705,1.997262705,66.57542349,66.57542349
38.989,36867.83,0.2199671976,199.7401075,1.997401075,66.58003585,66.58003585
39.116,36875.23,0.2198800361,199.6334561,1.996334561,66.54448537,66.54448537
39.243,36805.88,0.220697568,200.6758301,2.006758301,66.89194336,66.89194336
39.37,36831.69,0.2203931272,200.2786071,2.002786071,66.7595357,66.7595357
39.497,36853.17,0.2201399234,199.9514559,1.999514559,66.65048529,66.65048529
39.624,36799.57,0.2207720299,200.7729851,2.007729851,66.92432836,66.92432836
39.751,36832.14,0.2203878212,200.2716839,2.002716839,66.75722798,66.75722798
39.878,36856.07,0.2201057498,199.9096409,1.999096409,66.63654695,66.63654695
40.005,36836.09,0.2203412485,200.2109177,2.002109177,66.73697255,66.73697255
40.132,36845.7,0.2202279621,200.0631059,2.000631059,66.68770196,66.68770196
40.259,36849.14,0.2201874173,200.0102045,2.000102045,66.67006816,66.67006816
40.386,36861.84,0.2200377642,199.8264532,1.998264532,66.60881774,66.60881774
40.513,36863.55,0.2200176179,199.8018022,1.998018022,66.60060073,66.60060073
40.64,36855.44,0.2201131735,199.9187245,1.999187245,66.63957484,66.63957484
40.767,36864.03,0.220011963,199.7948828,1.997948828,66.59829427,66.59829427
40.894,36878.11,0.2198461185,199.5919543,1.995919543,66.53065144,66.53065144
41.021,36822.08,0.2205064567,200.4264751,2.004264751,66.80882503,66.80882503
41.148,36821.14,0.2205175435,200.4409408,2.004409408,66.81364695,66.81364695
41.275,36838.75,0.2203098884,200.1700002,2.001700002,66.72333341,66.72333341
41.402,36807.83,0.2206745594,200.6458093,2.006458093,66.88193644,66.88193644
41.529,36860.55,0.2200529628,199.8450504,1.998450504,66.61501679,66.61501679
41.656,36805.11,0.2207066538,200.6876849,2.006876849,66.89589496,66.89589496
41.783,36824.99,0.2204721363,200.3816952,2.003816952,66.79389839,66.79389839
41.91,36833.22,0.2203750869,200.2550687,2.002550687,66.75168957,66.75168957
42.037,36829.9,0.2204142342,200.3061467,2.003061467,66.76871557,66.76871557
42.164,36803.44,0.22072636,200.7133968,2.007133968,66.90446559,66.90446559
42.291,36829.16,0.2204229603,200.3175322,2.003175322,66.77251073,66.77251073
42.418,36850.81,0.2201677356,199.9854871,1.999854871,66.66182902,66.66182902
42.545,36820.93,0.2205200204,200.4441726,2.004441726,66.8147242,66.8147242
42.672,36816.57,0.2205714487,200.5112743,2.005112743,66.83709142,66.83709142
42.799,36825.45,0.2204667113,200.3746169,2.003746169,66.79153896,66.79153896
42.926,36805.94,0.2206968601,200.6749063,2.006749063,66.89163545,66.89163545
43.053,36778.05,0.221026075,201.1044537,2.011044537,67.03481788,67.03481788
43.18,36730.44,0.221588643,201.8384714,2.018384714,67.27949046,67.27949046
43.307,36810.03,0.2206486025,200.6119417,2.006119417,66.87064722,66.87064722
43.434,36828.28,0.2204333375,200.331072,2.00331072,66.77702399,66.77702399
43.561,36806.67,0.2206882465,200.6636676,2.006636676,66.88788921,66.88788921
43.688,36756.45,0.221281214,201.4373495,2.014373495,67.14578318,67.14578318
43.815,36796.14,0.2208125113,200.8258038,2.008258038,66.94193458,66.94193458
43.942,36789.26,0.2208937216,200.9317639,2.009317639,66.97725464,66.97725464
44.069,36778.23,0.2210239495,201.1016803,2.011016803,67.03389345,67.03389345
44.196,36809.16,0.2206588671,200.6253345,2.006253345,66.87511151,66.87511151
44.323,36817.09,0.2205653147,200.5032709,2.005032709,66.83442363,66.83442363
44.45,36821.81,0.2205096412,200.4306301,2.004306301,66.81021004,66.81021004
44.577,36831.88,0.2203908869,200.275684,2.00275684,66.75856132,66.75856132
44.704,36791.87,0.2208629118,200.8915645,2.008915645,66.96385483,66.96385483
44.831,36837.62,0.2203232103,200.1873821,2.001873821,66.72912736,66.72912736
44.958,36819.24,0.2205399541,200.4701812,2.004701812,66.82339375,66.82339375
45.085,36770.93,0.2211101598,201.2141644,2.012141644,67.07138813,67.07138813
45.212,36788.87,0.2208983255,200.937771,2.00937771,66.97925699,66.97925699
45.339,36775.79,0.2210527631,201.1392753,2.011392753,67.04642509,67.04642509
45.466,36755.69,0.2212901939,201.4490661,2.014490661,67.1496887,67.1496887
45.593,36721.71,0.2216918773,201.9731676,2.019731676,67.32438921,67.32438921
45.72,36745.34,0.2214125037,201.6086513,2.016086513,67.20288378,67.20288378
45.847,36731.62,0.2215746911,201.8202675,2.018202675,67.27342249,67.27342249
45.974,36758.88,0.2212525034,201.399889,2.01399889,67.13329633,67.13329633
46.101,36791.1,0.2208720011,200.9034238,2.009034238,66.96780793,66.96780793
46.228,36705.03,0.2218891905,202.2306145,2.022306145,67.41020483,67.41020483
46.355,36744.16,0.2214264504,201.6268485,2.016268485,67.20894949,67.20894949
46.482,36755.03,0.2212979923,201.4592412,2.014592412,67.1530804,67.1530804
46.609,36768.14,0.2211431132,201.2571608,2.012571608,67.08572026,67.08572026
46.736,36723.93,0.221665623,201.9389119,2.019389119,67.31297065,67.31297065
46.863,36762.16,0.221213753,201.3493289,2.013493289,67.11644296,67.11644296
46.99,36729.22,0.2216030683,201.857293,2.01857293,67.28576433,67.28576433
47.117,36730.42,0.2215888795,201.8387799,2.018387799,67.27959331,67.27959331
47.244,36741.87,0.2214535177,201.6621649,2.016621649,67.22072162,67.22072162
47.371,36720.17,0.2217100907,201.9969318,2.019969318,67.3323106,67.3323106
47.498,36690.63,0.222059605,202.4529649,2.024529649,67.48432163,67.48432163
47.625,36632.11,0.2227528392,203.3574711,2.033574711,67.78582369,67.78582369
47.752,36543.04,0.2238101006,204.7369461,2.047369461,68.2456487,68.2456487
47.879,36657.07,0.222457025,202.9715037,2.029715037,67.65716791,67.65716791
48.006,36686.56,0.2221077828,202.5158256,2.025158256,67.5052752,67.5052752
48.133,36671.72,0.2222834939,202.7450868,2.027450868,67.5816956,67.5816956
48.26,36692.31,0.2220397198,202.4270195,2.024270195,67.47567318,67.47567318
48.387,36721.49,0.2216944792,201.9765625,2.019765625,67.32552082,67.32552082
48.514,36732.1,0.2215690159,201.8128626,2.018128626,67.27095422,67.27095422
48.641,36739.74,0.2214786953,201.6950157,2.016950157,67.23167191,67.23167191
48.768,36734.25,0.2215435966,201.7796964,2.017796964,67.25989881,67.25989881
48.895,36758.89,0.2212523853,201.3997348,2.013997348,67.13324494,67.13324494
49.022,36737.29,0.2215076573,201.7328043,2.017328043,67.24426809,67.24426809
49.149,36700.22,0.2219461062,202.304876,2.02304876,67.43495867,67.43495867
49.276,36698.31,0.2219687089,202.3343672,2.023343672,67.44478905,67.44478905
49.403,36728.33,0.221613592,201.8710239,2.018710239,67.2903413,67.2903413
49.53,36712.08,0.2218057828,202.1217873,2.021217873,67.37392908,67.37392908
49.657,36703.66,0.2219054007,202.2517649,2.022517649,67.41725497,67.41725497
49.784,36657.73,0.2224492057,202.9613014,2.029613014,67.65376715,67.65376715
49.911,36676.78,0.2222235736,202.6669051,2.026669051,67.55563503,67.55563503
50.038,36725.55,0.2216464654,201.9139158,2.019139158,67.30463862,67.30463862
50.165,36709.95,0.2218309809,202.1546648,2.021546648,67.38488826,67.38488826
50.292,36721.78,0.2216910495,201.9720875,2.019720875,67.32402916,67.32402916
50.419,36672.48,0.2222744935,202.7333434,2.027333434,67.57778113,67.57778113
50.546,36707.87,0.2218555889,202.1867724,2.021867724,67.39559079,67.39559079
50.673,36631.02,0.222765762,203.3743322,2.033743322,67.79144406,67.79144406
50.8,36658.31,0.2224423344,202.9523359,2.029523359,67.65077864,67.65077864
50.927,36652.85,0.2225070243,203.036741,2.03036741,67.67891365,67.67891365
51.054,36645.35,0.2225958999,203.1527024,2.031527024,67.71756748,67.71756748
51.181,36653.19,0.2225029957,203.0314846,2.030314846,67.67716154,67.67716154
51.308,36675.97,0.2222331651,202.6794196,2.026794196,67.55980654,67.55980654
51.435,36628.45,0.2227962328,203.4140893,2.034140893,67.80469645,67.80469645
51.562,36638.58,0.2226761405,203.2573974,2.032573974,67.7524658,67.7524658
51.689,36580.95,0.223359794,204.149403,2.04149403,68.04980099,68.04980099
51.816,36612.48,0.2229856264,203.6612031,2.036612031,67.88706769,67.88706769
51.943,36615.03,0.2229553796,203.6217381,2.036217381,67.8739127,67.8739127
52.07,36587.84,0.2232780026,204.0426846,2.040426846,68.01422821,68.01422821
52.197,36634.1,0.2227292473,203.3266892,2.033266892,67.77556306,67.77556306
52.324,36573.45,0.2234488443,204.2655924,2.042655924,68.0885308,68.0885308
52.451,36572.51,0.2234600065,204.2801565,2.042801565,68.0933855,68.0933855
52.578,36570.95,0.2234785318,204.3043275,2.043043275,68.10144251,68.10144251
52.705,36546.62,0.2237675563,204.6814359,2.046814359,68.2271453,68.2271453
52.832,36548.83,0.223741295,204.6471711,2.046471711,68.21572371,68.21572371
52.959,36552.83,0.2236937673,204.5851587,2.045851587,68.19505291,68.19505291
53.086,36536.12,0.2238923489,204.8442606,2.048442606,68.2814202,68.2814202
53.213,36539.44,0.2238528868,204.7927719,2.047927719,68.2642573,68.2642573
53.34,36553.05,0.2236911534,204.5817482,2.045817482,68.19391608,68.19391608
53.467,36539.52,0.2238519359,204.7915313,2.047915313,68.26384376,68.26384376
53.594,36514.42,0.2241503672,205.1809133,2.051809133,68.39363777,68.39363777
53.721,36525.06,0.2240238359,205.0158199,2.050158199,68.33860663,68.33860663
53.848,36500.77,0.2243127477,205.3927812,2.053927812,68.46426041,68.46426041
53.975,36462.53,0.2247679744,205.9867441,2.059867441,68.66224802,68.66224802
54.102,36418.01,0.2252985631,206.6790362,2.066790362,68.89301208,68.89301208
54.229,36449.84,0.2249191476,206.1839892,2.061839892,68.72799639,68.72799639
54.356,36447.63,0.2249454802,206.218347,2.06218347,68.73944899,68.73944899
54.483,36445.18,0.2249746744,206.2564384,2.062564384,68.75214613,68.75214613
54.61,36457.18,0.2248317014,206.0698926,2.060698926,68.6899642,68.6899642
54.737,36451.89,0.2248947228,206.1521206,2.061521206,68.71737355,68.71737355
54.864,36415.77,0.2253252765,206.7138909,2.067138909,68.90463031,68.90463031
54.991,36404.54,0.2254592261,206.8886634,2.068886634,68.9628878,68.9628878
55.118,36404.14,0.225463998,206.8948896,2.068948896,68.9649632,68.9649632
55.245,36386.95,0.2256691199,207.1625249,2.071625249,69.05417498,69.05417498
55.372,36315.49,0.2265228655,208.2764602,2.082764602,69.42548675,69.42548675
55.499,36323.35,0.2264288784,208.1538295,2.081538295,69.38460982,69.38460982
55.626,36287.95,0.2268523394,208.7063455,2.087063455,69.56878184,69.56878184
55.753,36267.72,0.2270945197,209.0223333,2.090223333,69.67411111,69.67411111
55.88,36278.83,0.2269615014,208.8487759,2.088487759,69.61625865,69.61625865
56.007,36306.09,0.226635294,208.4231528,2.084231528,69.47438425,69.47438425
56.134,36277.7,0.2269750288,208.8664261,2.088664261,69.62214202,69.62214202
56.261,36238.39,0.2274458793,209.4807741,2.094807741,69.82692472,69.82692472
56.388,36239.13,0.2274370109,209.4692031,2.094692031,69.82306769,69.82306769
56.515,36193.18,0.2279880312,210.1881536,2.101881536,70.06271788,70.06271788
56.642,36187.72,0.2280535525,210.2736435,2.102736435,70.09121449,70.09121449
56.769,36161.85,0.2283641335,210.6788779,2.106788779,70.22629262,70.22629262
56.896,36123.39,0.228826274,211.2818615,2.112818615,70.42728716,70.42728716
57.023,36113.7,0.2289427879,211.4338845,2.114338845,70.47796149,70.47796149
57.15,36031.05,0.2299378556,212.7322116,2.127322116,70.91073719,70.91073719
57.277,35987.62,0.2304616478,213.4156361,2.134156361,71.13854538,71.13854538
57.404,35936.42,0.2310799635,214.2223913,2.142223913,71.40746377,71.40746377
57.531,35879.46,0.2317688758,215.1212582,2.151212582,71.70708607,71.70708607
57.658,35758.68,0.2332332951,217.0319777,2.170319777,72.34399258,72.34399258
57.785,35715.13,0.2337625386,217.7225149,2.177225149,72.57417165,72.57417165
57.912,35643.43,0.2346352839,218.8612404,2.188612404,72.9537468,72.9537468
58.039,35481.08,0.2366179431,221.4481399,2.214481399,73.81604664,73.81604664
58.166,35310.74,0.2387079548,224.175109,2.24175109,74.72503632,74.72503632
58.293,35135.63,0.2408670288,226.992188,2.26992188,75.66406266,75.66406266
58.42,34880.47,0.2440324456,231.1223054,2.311223054,77.04076848,77.04076848
58.547,34525.25,0.2484779419,236.9226226,2.369226226,78.97420753,78.97420753
58.674,33961.54,0.2556273986,246.2509663,2.462509663,82.08365543,82.08365543
58.801,33230.97,0.2650717555,259.8736467,2.598736467,86.62454889,86.62454889
58.928,32315.23,0.2772075226,278.1089332,2.781089332,92.70297772,92.70297772
59.055,31177.81,0.2927691678,300,3,100,100
59.182,29965.1,0.3099990425,300,3,100,100
59.309,28776.29,0.3275799723,300,3,100,100
59.436,27734.91,0.3435880129,300,3,100,100
59.563,26928.21,0.3564072884,300,3,100,100
59.69,26255.68,0.3673915032,300,3,100,100
59.817,25826.18,0.3745546003,300,3,100,100
59.944,25515.67,0.3798077972,300,3,100,100
60.071,25326.86,0.3830334242,300,3,100,100
60.198,25167.16,0.3857805637,300,3,100,100
60.325,25121.42,0.3865705894,300,3,100,100
60.452,25033.37,0.3880954555,300,3,100,100
60.579,25019.36,0.3883385777,300,3,100,100
60.706,24981.08,0.3890035637,300,3,100,100
60.833,24955.06,0.3894561555,300,3,100,100
60.96,24972.96,0.3891447523,300,3,100,100
61.087,24956.76,0.3894265713,300,3,100,100
61.214,24968.08,0.3892296267,300,3,100,100
61.341,24994.23,0.3887750119,300,3,100,100
61.468,24980.03,0.3890218183,300,3,100,100
61.595,25004.45,0.3885974677,300,3,100,100
61.722,25012.46,0.3884583668,300,3,100,100
61.849,25003.2,0.3886191791,300,3,100,100
61.976,25050.31,0.3878016692,300,3,100,100
62.103,25044.18,0.3879079573,300,3,100,100
62.23,25099.97,0.3869415715,300,3,100,100
62.357,25094.19,0.387041592,300,3,100,100
62.484,25134.42,0.3863459059,300,3,100,100
62.611,25108.5,0.3867940055,300,3,100,100
62.738,25159.5,0.3859127678,300,3,100,100
62.865,25169.68,0.3857370798,300,3,100,100
62.992,25155.62,0.3859797482,300,3,100,100
63.119,25151.04,0.386058826,300,3,100,100
63.246,25159.89,0.3859060359,300,3,100,100
63.373,25137.84,0.3862868162,300,3,100,100
63.5,25208.96,0.3850598447,300,3,100,100
63.627,25190.34,0.3853807446,300,3,100,100
63.754,25177.98,0.3855938896,300,3,100,100
63.881,25179.64,0.3855652573,300,3,100,100
64.008,25187.72,0.3854259171,300,3,100,100
64.135,25203.32,0.3851570203,300,3,100,100
64.262,25247.56,0.3843953609,300,3,100,100
64.389,25226.97,0.3847496831,300,3,100,100
64.516,25209.47,0.3850510586,300,3,100,100
64.643,25199.53,0.3852223331,300,3,100,100
64.77,25209.68,0.3850474409,300,3,100,100
64.897,25205.29,0.3851230753,300,3,100,100
65.024,25184.16,0.385487304,300,3,100,100
65.151,25198,0.3852487023,300,3,100,100
65.278,25174.25,0.3856582331,300,3,100,100
65.405,25180.64,0.3855480098,300,3,100,100
65.532,25205.8,0.3851142879,300,3,100,100
65.659,25222.74,0.3848225107,300,3,100,100
65.786,25235.32,0.3846059576,300,3,100,100
65.913,25242.35,0.3844849897,300,3,100,100
66.04,25259.45,0.3841908839,300,3,100,100
66.167,25297.51,0.3835369976,300,3,100,100
66.294,25290.22,0.3836621666,300,3,100,100
66.421,25241.44,0.3845006465,300,3,100,100
66.548,25244.57,0.3844467963,300,3,100,100
66.675,25219.35,0.3848808849,300,3,100,100
66.802,25253.36,0.384295604,300,3,100,100
66.929,25249.86,0.3843557994,300,3,100,100
67.056,25243.79,0.3844602152,300,3,100,100
67.183,25249.22,0.3843668075,300,3,100,100
67.31,25195.1,0.3852986875,300,3,100,100
67.437,25273.66,0.3839466351,300,3,100,100
67.564,25303.77,0.3834295425,300,3,100,100
67.691,25255.46,0.3842594908,300,3,100,100
67.818,25232.71,0.3846508775,300,3,100,100
67.945,25262.21,0.3841434329,300,3,100,100
68.072,25285.04,0.3837511289,300,3,100,100
68.199,25288.24,0.3836961693,300,3,100,100
68.326,25304.8,0.3834118647,300,3,100,100
68.453,25290.92,0.383650146,300,3,100,100
68.58,25337.61,0.3828491267,300,3,100,100
68.707,25311.55,0.3832960331,300,3,100,100
68.834,25314.15,0.3832514247,300,3,100,100
68.961,25293.92,0.3835986332,300,3,100,100
69.088,25289.58,0.3836731571,300,3,100,100
69.215,25313.87,0.3832562284,300,3,100,100
69.342,25338.7,0.3828304442,300,3,100,100
69.469,25353.3,0.3825802785,300,3,100,100
69.596,25364.84,0.3823826467,300,3,100,100
69.723,25297.41,0.3835387144,300,3,100,100
69.85,25292.19,0.3836283382,300,3,100,100
69.977,25289.98,0.383666288,300,3,100,100
70.104,25282.89,0.3837880587,300,3,100,100
70.231,25314.89,0.3832387293,300,3,100,100
70.358,25295.66,0.3835687586,300,3,100,100
70.485,25270.9,0.3839940647,300,3,100,100
70.612,25287,0.3837174653,300,3,100,100
70.739,25259.54,0.3841893365,300,3,100,100
70.866,25251.04,0.384335504,300,3,100,100
70.993,25297.21,0.3835421479,300,3,100,100
71.12,25317.35,0.3831965283,300,3,100,100
71.247,25327.85,0.3830164484,300,3,100,100
71.374,25295.15,0.3835775148,300,3,100,100
71.501,25315.3,0.3832316955,300,3,100,100
71.628,25331.3,0.3829572956,300,3,100,100
71.755,25294.43,0.3835898767,300,3,100,100
71.882,25271.68,0.3839806602,300,3,100,100
72.009,25342.84,0.3827594922,300,3,100,100
72.136,25370.05,0.3822934507,300,3,100,100
72.263,25373.79,0.3822294327,300,3,100,100
72.39,25405.44,0.381688053,300,3,100,100
72.517,25426.1,0.3813350232,300,3,100,100
72.644,25421.99,0.3814052303,300,3,100,100
72.771,25410.97,0.3815935304,300,3,100,100
72.898,25350.57,0.3826270451,300,3,100,100
73.025,25324.83,0.3830682352,300,3,100,100
73.152,25302.54,0.3834506538,300,3,100,100
73.279,25297.13,0.3835435213,300,3,100,100
73.406,25221.86,0.3848376632,300,3,100,100
73.533,25224.46,0.3847928962,300,3,100,100
73.66,25222.59,0.3848250935,300,3,100,100
73.787,25213.24,0.3849861161,300,3,100,100
73.914,25198.73,0.3852361207,300,3,100,100
74.041,25236.76,0.3845811763,300,3,100,100
74.168,25241.96,0.3844916997,300,3,100,100
74.295,25257.27,0.384228367,300,3,100,100
74.422,25290.58,0.3836559846,300,3,100,100
74.549,25287.34,0.383711626,300,3,100,100
74.676,25226.67,0.3847548478,300,3,100,100
74.803,25270.3,0.3840043761,300,3,100,100
74.93,25306.3,0.3833861217,300,3,100,100
75.057,25300.92,0.3834784605,300,3,100,100
75.184,25320.71,0.3831388946,300,3,100,100
75.311,25302.8,0.3834461911,300,3,100,100
75.438,25331,0.382962439,300,3,100,100
75.565,25324.05,0.3830816116,300,3,100,100
75.692,25273.44,0.3839504156,300,3,100,100
75.819,25316.43,0.3832123103,300,3,100,100
75.946,25323.09,0.3830980754,300,3,100,100
76.073,25299.26,0.3835069556,300,3,100,100
76.2,25304.13,0.3834233638,300,3,100,100
76.327,25291.13,0.38364654,300,3,100,100
76.454,25310.81,0.3833087301,300,3,100,100
76.581,25317.06,0.383201503,300,3,100,100
76.708,25345.21,0.3827188799,300,3,100,100
76.835,25294.49,0.3835888465,300,3,100,100
76.962,25278.75,0.383859179,300,3,100,100
77.089,25243.13,0.38447157,300,3,100,100
77.216,25210.16,0.3850391719,300,3,100,100
77.343,25217.03,0.3849208388,300,3,100,100
77.47,25212.12,0.3850054083,300,3,100,100
77.597,25221.38,0.3848459284,300,3,100,100
77.724,25222.62,0.384824577,300,3,100,100
77.851,25232.26,0.3846586228,300,3,100,100
77.978,25278.89,0.3838567738,300,3,100,100
78.105,25253.86,0.3842870053,300,3,100,100
78.232,25244.89,0.3844412912,300,3,100,100
78.359,25290.69,0.3836540956,300,3,100,100
78.486,25294.32,0.3835917653,300,3,100,100
78.613,25266.52,0.3840693439,300,3,100,100
78.74,25219.13,0.3848846735,300,3,100,100
78.867,25260.44,0.3841738628,300,3,100,100
78.994,25270.11,0.3840076415,300,3,100,100
79.121,25310.89,0.3833073575,300,3,100,100
79.248,25401.59,0.381753872,300,3,100,100
79.375,25324.28,0.3830776672,300,3,100,100
79.502,25275.93,0.3839076299,300,3,100,100
79.629,25273.89,0.3839426829,300,3,100,100
79.756,25267.13,0.3840588591,300,3,100,100
79.883,25254.33,0.3842789228,300,3,100,100
80.01,25239.99,0.3845255954,300,3,100,100
80.137,25241.1,0.3845064965,300,3,100,100
80.264,25272.79,0.3839615852,300,3,100,100
80.391,25277.99,0.3838722362,300,3,100,100
80.518,25268.9,0.3840284372,300,3,100,100
80.645,25272.99,0.3839581484,300,3,100,100
80.772,25271.55,0.3839828942,300,3,100,100
80.899,25284.97,0.3837523312,300,3,100,100
81.026,25262.51,0.3841382754,300,3,100,100
81.153,25281.99,0.3838035187,300,3,100,100
81.28,25235.33,0.3846057855,300,3,100,100
81.407,25250.44,0.3843458236,300,3,100,100
81.534,25232.14,0.3846606882,300,3,100,100
81.661,25219.81,0.3848729635,300,3,100,100
81.788,25223.88,0.3848028822,300,3,100,100
81.915,25182.12,0.3855224847,300,3,100,100
82.042,25163.74,0.3858395846,300,3,100,100
82.169,25196.87,0.3852681786,300,3,100,100
82.296,25208.75,0.3850634626,300,3,100,100
82.423,25205.92,0.3851122203,300,3,100,100
82.55,25156.02,0.3859728425,300,3,100,100
82.677,25216.44,0.384931,300,3,100,100
82.804,25188.42,0.3854138476,300,3,100,100
82.931,25172.53,0.3856879068,300,3,100,100
83.058,25209.28,0.3850543319,300,3,100,100
83.185,25167.3,0.3857781478,300,3,100,100
83.312,25175.05,0.3856444321,300,3,100,100
83.439,25151.58,0.3860495016,300,3,100,100
83.566,25147.44,0.3861209933,300,3,100,100
83.693,25151.88,0.3860443215,300,3,100,100
83.82,25146.97,0.3861291102,300,3,100,100
83.947,25170.81,0.3857175824,300,3,100,100
84.074,25164.62,0.3858243972,300,3,100,100
84.201,25142.25,0.3862106334,300,3,100,100
84.328,25122.62,0.3865498445,300,3,100,100
84.455,25072.91,0.3874100321,300,3,100,100
84.582,25136.51,0.3863097946,300,3,100,100
84.709,25141.24,0.38622808,300,3,100,100
84.836,25162.64,0.3858585696,300,3,100,100
84.963,25103.97,0.3868723666,300,3,100,100
85.09,25131.9,0.3863894509,300,3,100,100
85.217,25122.72,0.3865481158,300,3,100,100
85.344,25134.79,0.3863395128,300,3,100,100
85.471,25142.88,0.3861997513,300,3,100,100
85.598,25171.38,0.3857077478,300,3,100,100
85.725,25175.24,0.3856411544,300,3,100,100
85.852,25167.4,0.3857764222,300,3,100,100
85.979,25208.48,0.3850681141,300,3,100,100
86.106,25202.25,0.3851754585,300,3,100,100
86.233,25182.78,0.3855111024,300,3,100,100
86.36,25197.98,0.385249047,300,3,100,100
86.487,25169.08,0.3857474327,300,3,100,100
86.614,25179.57,0.3855664646,300,3,100,100
86.741,25195.84,0.3852859321,300,3,100,100
86.868,25158.38,0.3859321013,300,3,100,100
86.995,25204.58,0.385135309,300,3,100,100
87.122,25181.76,0.3855286934,300,3,100,100
87.249,25184.82,0.3854759226,300,3,100,100
87.376,25223.23,0.3848140738,300,3,100,100
87.503,25206.38,0.3851042947,300,3,100,100
87.63,25183.11,0.3855054114,300,3,100,100
87.757,25213.5,0.3849816376,300,3,100,100
87.884,25242.27,0.3844863661,300,3,100,100
88.011,25199.73,0.3852188863,300,3,100,100
88.138,25214.53,0.3849638966,300,3,100,100
88.265,25216.19,0.3849353057,300,3,100,100
88.392,25194.95,0.3853012731,300,3,100,100
88.519,25255.68,0.3842557077,300,3,100,100
88.646,25259.42,0.3841913997,300,3,100,100
88.773,25278.79,0.3838584918,300,3,100,100
88.9,25249.97,0.3843539074,300,3,100,100
89.027,25245.08,0.3844380226,300,3,100,100
89.154,25242.76,0.3844779357,300,3,100,100
89.281,25200.03,0.3852137161,300,3,100,100
89.408,25191.32,0.3853638492,300,3,100,100
89.535,25235.46,0.3846035483,300,3,100,100
89.662,25251.45,0.3843284525,300,3,100,100
89.789,25220.98,0.3848528161,300,3,100,100
89.916,25219.32,0.3848814016,300,3,100,100
90.043,25238.77,0.3845465879,300,3,100,100
90.17,25214.73,0.3849604518,300,3,100,100
90.297,25220.82,0.3848555713,300,3,100,100
90.424,25188.01,0.3854209168,300,3,100,100
90.551,25167.39,0.3857765948,300,3,100,100
90.678,25208.88,0.3850612229,300,3,100,100
90.805,25163.48,0.3858440719,300,3,100,100
90.932,25178.09,0.3855919923,300,3,100,100
91.059,25184.12,0.3854879938,300,3,100,100
91.186,25188.19,0.3854178133,300,3,100,100
91.313,25236.03,0.3845937389,300,3,100,100
91.44,25238.99,0.3845428023,300,3,100,100
91.567,25222.74,0.3848225107,300,3,100,100
91.694,25202.29,0.3851747692,300,3,100,100
91.821,25181.1,0.3855400762,300,3,100,100
91.948,25224.83,0.3847865258,300,3,100,100
92.075,25197.24,0.3852618013,300,3,100,100
92.202,25208.13,0.385074144,300,3,100,100
92.329,25235.01,0.3846112927,300,3,100,100
92.456,25231.88,0.3846651633,300,3,100,100
92.583,25270.46,0.3840016264,300,3,100,100
92.71,25279.89,0.383839594,300,3,100,100
92.837,25235.67,0.3845999343,300,3,100,100
92.964,25236.13,0.3845920179,300,3,100,100
93.091,25229.1,0.3847130157,300,3,100,100
93.218,25282.44,0.3837957886,300,3,100,100
93.345,25239.59,0.3845324781,300,3,100,100
93.472,25270.5,0.384000939,300,3,100,100
93.599,25252.04,0.3843183053,300,3,100,100
93.726,25243.8,0.3844600432,300,3,100,100
93.853,25233.24,0.3846417555,300,3,100,100
93.98,25264.22,0.3841088794,300,3,100,100
94.107,25266.64,0.3840672813,300,3,100,100
94.234,25251.11,0.3843343001,300,3,100,100
94.361,25235.9,0.3845959761,300,3,100,100
94.488,25297.08,0.3835443797,300,3,100,100
94.615,25261.15,0.3841616562,300,3,100,100
94.742,25279.84,0.383840453,300,3,100,100
94.869,25260.76,0.3841683612,300,3,100,100
94.996,25249.28,0.3843657754,300,3,100,100
95.123,25242.63,0.3844801723,300,3,100,100
95.25,25235.12,0.3846093996,300,3,100,100
95.377,25312.85,0.3832737283,300,3,100,100
95.504,25339.24,0.3828211889,300,3,100,100
95.631,25292.34,0.3836257626,300,3,100,100
95.758,25332.98,0.3829284936,300,3,100,100
95.885,25307.98,0.3833572913,300,3,100,100
96.012,25299.4,0.3835045523,300,3,100,100
96.139,25281.77,0.3838072978,300,3,100,100
96.266,25251.52,0.3843272485,300,3,100,100
96.393,25287.76,0.3837044128,300,3,100,100
96.52,25278.48,0.3838638177,300,3,100,100
96.647,25283.4,0.3837792983,300,3,100,100
96.774,25310.71,0.383310446,300,3,100,100
96.901,25320.29,0.3831460984,300,3,100,100
97.028,25317.66,0.3831912106,300,3,100,100
97.155,25324.94,0.3830663488,300,3,100,100
97.282,25283.85,0.3837715687,300,3,100,100
97.409,25279.28,0.3838500736,300,3,100,100
97.536,25269.4,0.3840198438,300,3,100,100
97.663,25262.22,0.3841432609,300,3,100,100
97.79,25289.05,0.3836822588,300,3,100,100
97.917,25287.74,0.3837047563,300,3,100,100
98.044,25277.64,0.3838782495,300,3,100,100
98.171,25292.43,0.3836242172,300,3,100,100
98.298,25329.39,0.3829900429,300,3,100,100
98.425,25324,0.383082469,300,3,100,100
98.552,25328.19,0.3830106185,300,3,100,100
98.679,25298.25,0.3835242939,300,3,100,100
98.806,25288.36,0.3836941085,300,3,100,100
98.933,25278.1,0.3838703463,300,3,100,100
99.06,25307.12,0.3833720495,300,3,100,100
99.187,25300.01,0.383494081,300,3,100,100
99.314,25311.57,0.3832956899,300,3,100,100
99.441,25320.14,0.3831486712,300,3,100,100
99.568,25347.33,0.3826825549,300,3,100,100
99.695,25321.91,0.383118313,300,3,100,100
99.822,25333.4,0.3829212934,300,3,100,100
99.949,25344.68,0.3827279617,300,3,100,100
100.076,25382.01,0.382088763,300,3,100,100
100.203,25366.45,0.3823550813,300,3,100,100
100.33,25383.28,0.3820670334,300,3,100,100
100.457,25344.89,0.3827243632,300,3,100,100
100.584,25295.49,0.3835716773,300,3,100,100
100.711,25353.45,0.3825777091,300,3,100,100
100.838,25320.18,0.3831479851,300,3,100,100
100.965,25343.63,0.3827459543,300,3,100,100
101.092,25354.5,0.3825597234,300,3,100,100
101.219,25328.86,0.3829991303,300,3,100,100
101.346,25341.92,0.3827752583,300,3,100,100
101.473,25324.31,0.3830771527,300,3,100,100
101.6,25287.1,0.3837157479,300,3,100,100
101.727,25265.13,0.3840932367,300,3,100,100
101.854,25248.95,0.3843714516,300,3,100,100
101.981,25290.06,0.3836649142,300,3,100,100
102.108,25273.55,0.3839485253,300,3,100,100
102.235,25262.01,0.3841468712,300,3,100,100
102.362,25271.38,0.3839858157,300,3,100,100
102.489,25270.98,0.3839926898,300,3,100,100
102.616,25287.88,0.3837023519,300,3,100,100
102.743,25273.43,0.3839505874,300,3,100,100
102.87,25230.37,0.3846911544,300,3,100,100
102.997,25287.24,0.3837133434,300,3,100,100
103.124,25298.06,0.3835275556,300,3,100,100
103.251,25317.8,0.3831888091,300,3,100,100
103.378,25299.26,0.3835069556,300,3,100,100
103.505,25315.84,0.3832224317,300,3,100,100
103.632,25310.66,0.3833113039,300,3,100,100
103.759,25300.09,0.3834927078,300,3,100,100
103.886,25300.05,0.3834933944,300,3,100,100
104.013,25294.45,0.3835895333,300,3,100,100
104.14,25276.96,0.3838899327,300,3,100,100
104.267,25299.89,0.3834961409,300,3,100,100
104.394,25275.78,0.3839102073,300,3,100,100
104.521,25288.44,0.3836927346,300,3,100,100
104.648,25352.47,0.3825944964,300,3,100,100
104.775,25335.07,0.3828926653,300,3,100,100
104.902,25379.62,0.3821296586,300,3,100,100
105.029,25344.33,0.3827339591,300,3,100,100
105.156,25356.41,0.3825270084,300,3,100,100
105.283,25330.42,0.3829723831,300,3,100,100
105.41,25370.91,0.3822787292,300,3,100,100
105.537,25322.98,0.3830999619,300,3,100,100
105.664,25372.73,0.3822475759,300,3,100,100
105.791,25380.38,0.3821166537,300,3,100,100
105.918,25313.51,0.3832624048,300,3,100,100
106.045,25306.29,0.3833862933,300,3,100,100
106.172,25337.36,0.3828534118,300,3,100,100
106.299,25339.23,0.3828213603,300,3,100,100
106.426,25345.92,0.3827067141,300,3,100,100
106.553,25319.49,0.3831598203,300,3,100,100
106.68,25310.31,0.3833173095,300,3,100,100
106.807,25303.54,0.3834334901,300,3,100,100
106.934,25270.26,0.3840050636,300,3,100,100
107.061,25330.8,0.3829658679,300,3,100,100
107.188,25336.33,0.3828710669,300,3,100,100
107.315,25309.9,0.3833243446,300,3,100,100
107.442,25325.36,0.3830591463,300,3,100,100
107.569,25372.1,0.3822583594,300,3,100,100
107.696,25375,0.382208723,300,3,100,100
107.823,25315.6,0.3832265489,300,3,100,100
107.95,25358.24,0.382495666,300,3,100,100
108.077,25337.43,0.382852212,300,3,100,100
108.204,25374.39,0.3822191633,300,3,100,100
108.331,25336.57,0.382866953,300,3,100,100
108.458,25344.5,0.3827310461,300,3,100,100
108.585,25356.39,0.382527351,300,3,100,100
108.712,25338.98,0.3828256451,300,3,100,100
108.839,25336.54,0.3828674673,300,3,100,100
108.966,25321.77,0.3831207141,300,3,100,100
109.093,25326.68,0.3830365107,300,3,100,100
109.22,25391.24,0.3819308634,300,3,100,100
109.347,25332.1,0.3829435801,300,3,100,100
109.474,25338.36,0.3828362717,300,3,100,100
109.601,25295.34,0.3835742526,300,3,100,100
109.728,25330.03,0.3829790697,300,3,100,100
109.855,25371.66,0.382265891,300,3,100,100
109.982,25351.41,0.3826126549,300,3,100,100
110.109,25370.88,0.3822792427,300,3,100,100
110.236,25348.63,0.3826602816,300,3,100,100
110.363,25358.73,0.3824872742,300,3,100,100
110.49,25338.19,0.3828391855,300,3,100,100
110.617,25329.65,0.382985585,300,3,100,100
110.744,25373.22,0.3822391888,300,3,100,100
110.871,25378.87,0.3821424927,300,3,100,100
110.998,25388.41,0.3819792707,300,3,100,100
111.125,25376.91,0.3821760344,300,3,100,100
111.252,25427.74,0.3813070118,300,3,100,100
111.379,25392.97,0.3819012743,300,3,100,100
111.506,25415.19,0.3815214131,300,3,100,100
111.633,25392.72,0.3819055501,300,3,100,100
111.76,25419.25,0.3814520414,300,3,100,100
111.887,25434.92,0.3811843979,300,3,100,100
112.014,25383.96,0.3820553991,300,3,100,100
112.141,25419.16,0.3814535791,300,3,100,100
112.268,25423.86,0.3813732855,300,3,100,100
112.395,25388.94,0.3819702046,300,3,100,100
112.522,25396.54,0.3818402211,300,3,100,100
112.649,25401.64,0.3817530171,300,3,100,100
112.776,25389.61,0.381958744,300,3,100,100
112.903,25399.48,0.3817899484,300,3,100,100
113.03,25369.33,0.3823057762,300,3,100,100
113.157,25424.32,0.3813654278,300,3,100,100
113.284,25389.21,0.3819655861,300,3,100,100
113.411,25411.87,0.3815781489,300,3,100,100
113.538,25420.25,0.3814349565,300,3,100,100
113.665,25419.48,0.3814481118,300,3,100,100
113.792,25421.45,0.3814144555,300,3,100,100
113.919,25404.16,0.3817099345,300,3,100,100
114.046,25423.52,0.3813790935,300,3,100,100
114.173,25439.41,0.3811077391,300,3,100,100
114.3,25410.13,0.3816078869,300,3,100,100
114.427,25386.2,0.3820170766,300,3,100,100
114.554,25388.17,0.3819833762,300,3,100,100
114.681,25388.04,0.3819856,300,3,100,100
114.808,25456.1,0.3808229055,300,3,100,100
114.935,25389.65,0.3819580598,300,3,100,100
115.062,25418.33,0.3814677601,300,3,100,100
115.189,25401.41,0.3817569495,300,3,100,100
115.316,25418.81,0.381459559,300,3,100,100
115.443,25417.9,0.3814751071,300,3,100,100
115.57,25361.48,0.3824401801,300,3,100,100
115.697,25378.23,0.3821534449,300,3,100,100
115.824,25399.58,0.3817882386,300,3,100,100
115.951,25384.44,0.3820471869,300,3,100,100
116.078,25458.35,0.380784521,300,3,100,100
116.205,25442.8,0.3810498698,300,3,100,100
116.332,25463.36,0.3806990638,300,3,100,100
116.459,25433.7,0.3812052296,300,3,100,100
116.586,25481.58,0.3803884207,300,3,100,100
116.713,25454.58,0.3808488383,300,3,100,100
116.84,25455.83,0.3808275119,300,3,100,100
116.967,25464.68,0.3806765509,300,3,100,100
117.094,25484.56,0.3803376341,300,3,100,100
117.221,25471.52,0.3805599118,300,3,100,100
117.348,25530.26,0.3795595362,300,3,100,100
117.475,25508.09,0.3799368332,300,3,100,100
117.602,25512.68,0.3798586921,300,3,100,100
117.729,25487.5,0.3802875351,300,3,100,100
117.856,25494.48,0.3801686156,300,3,100,100
117.983,25482.66,0.3803700141,300,3,100,100
118.11,25462.67,0.3807108323,300,3,100,100
118.237,25457.03,0.3808070395,300,3,100,100
118.364,25451.06,0.3809088991,300,3,100,100
118.491,25494.56,0.3801672528,300,3,100,100
118.618,25456.64,0.3808136929,300,3,100,100
118.745,25433.48,0.3812089862,300,3,100,100
118.872,25460.31,0.3807510866,300,3,100,100
118.999,25453.69,0.3808640233,300,3,100,100
119.126,25433.22,0.3812134259,300,3,100,100
119.253,25425.49,0.3813454425,300,3,100,100
119.38,25398.08,0.3818138871,300,3,100,100
119.507,25431.15,0.3812487744,300,3,100,100
119.634,25424.59,0.3813608157,300,3,100,100
119.761,25427.83,0.3813054746,300,3,100,100
119.888,25455.93,0.3808258058,300,3,100,100
120.015,25420.61,0.3814288061,300,3,100,100
120.142,25427.75,0.381306841,300,3,100,100
120.269,25405.31,0.3816902753,300,3,100,100
120.396,25388.21,0.3819826919,300,3,100,100
120.523,25334.88,0.3828959223,300,3,100,100
120.65,25349.4,0.3826470895,300,3,100,100
120.777,25353.31,0.3825801072,300,3,100,100
120.904,25337.26,0.3828551259,300,3,100,100
121.031,25359.87,0.3824677509,300,3,100,100
121.158,25337.33,0.3828539261,300,3,100,100
121.285,25390.91,0.3819365078,300,3,100,100
121.412,25387.43,0.3819960349,300,3,100,100
121.539,25421.84,0.3814077928,300,3,100,100
121.666,25378.48,0.3821491667,300,3,100,100
121.793,25380.21,0.3821195627,300,3,100,100
121.92,25366.97,0.3823461786,300,3,100,100
122.047,25368.07,0.3823273465,300,3,100,100
122.174,25334.33,0.3829053506,300,3,100,100
122.301,25462.74,0.3807096384,300,3,100,100
122.428,25482.97,0.3803647309,300,3,100,100
122.555,25401.55,0.3817545558,300,3,100,100
122.682,25409.66,0.38161592,300,3,100,100
122.809,25392.06,0.3819168383,300,3,100,100
122.936,25355.59,0.3825410533,300,3,100,100
123.063,25389.35,0.3819631914,300,3,100,100
123.19,25420.55,0.3814298311,300,3,100,100
123.317,25412.15,0.3815733637,300,3,100,100
123.444,25384.5,0.3820461604,300,3,100,100
123.571,25434.71,0.3811879836,300,3,100,100
123.698,25410.56,0.3816005377,300,3,100,100
123.825,25433.95,0.3812009607,300,3,100,100
123.952,25437.69,0.3811371034,300,3,100,100
124.079,25420.01,0.3814390568,300,3,100,100
124.206,25416.58,0.3814976615,300,3,100,100
124.333,25421.4,0.3814153097,300,3,100,100
124.46,25410.01,0.3816099379,300,3,100,100
124.587,25384.32,0.3820492399,300,3,100,100
124.714,25362.54,0.3824220289,300,3,100,100
124.841,25364.25,0.3823927488,300,3,100,100
124.968,25362.21,0.3824276797,300,3,100,100
125.095,25417.72,0.3814781826,300,3,100,100
125.222,25413.77,0.3815456787,300,3,100,100
125.349,25395.27,0.3818619393,300,3,100,100
125.476,25361.17,0.3824454887,300,3,100,100
125.603,25387.71,0.3819912451,300,3,100,100
125.73,25387.71,0.3819912451,300,3,100,100
125.857,25408.57,0.3816345503,300,3,100,100
125.984,25383.57,0.3820620717,300,3,100,100
126.111,25415.85,0.3815101352,300,3,100,100
126.238,25395.27,0.3818619393,300,3,100,100
126.365,25410.01,0.3816099379,300,3,100,100
126.492,25400.51,0.3817723373,300,3,100,100
126.619,25399.35,0.3817921712,300,3,100,100
126.746,25424.1,0.3813691858,300,3,100,100
126.873,25459.48,0.3807652448,300,3,100,100
127,25418.56,0.3814638304,300,3,100,100
127.127,25397.65,0.3818212399,300,3,100,100
127.254,25412.67,0.381564477,300,3,100,100
127.381,25416.71,0.3814954401,300,3,100,100
127.508,25497.51,0.3801170031,300,3,100,100
127.635,25460.24,0.3807522807,300,3,100,100
127.762,25422.29,0.3814001053,300,3,100,100
127.889,25426.78,0.3813234085,300,3,100,100
128.016,25434.93,0.3811842271,300,3,100,100
128.143,25452.61,0.3808824508,300,3,100,100
128.27,25406.53,0.3816694203,300,3,100,100
128.397,25389.08,0.3819678098,300,3,100,100
128.524,25389.95,0.3819529283,300,3,100,100
128.651,25386.49,0.3820121155,300,3,100,100
128.778,25379.34,0.38213445,300,3,100,100
128.905,25401.85,0.3817494267,300,3,100,100
129.032,25397.59,0.3818222659,300,3,100,100
129.159,25423.49,0.381379606,300,3,100,100
129.286,25448.25,0.3809568513,300,3,100,100
129.413,25472.19,0.3805484884,300,3,100,100
129.54,25453.12,0.3808737489,300,3,100,100
129.667,25456.71,0.3808124987,300,3,100,100
129.794,25447.81,0.3809643603,300,3,100,100
129.921,25452.57,0.3808831334,300,3,100,100
130.048,25459.55,0.3807640507,300,3,100,100
130.175,25451.15,0.3809073633,300,3,100,100
130.302,25480.88,0.3804003513,300,3,100,100
130.429,25458.1,0.3807887858,300,3,100,100
130.556,25438.49,0.3811234454,300,3,100,100
130.683,25453.79,0.3808623171,300,3,100,100
130.81,25452.14,0.3808904705,300,3,100,100
130.937,25485.71,0.3803180369,300,3,100,100
131.064,25490.27,0.3802403382,300,3,100,100
131.191,25444.63,0.3810186339,300,3,100,100
131.318,25498.62,0.3800980971,300,3,100,100
131.445,25476.18,0.3804804652,300,3,100,100
131.572,25430.92,0.3812527022,300,3,100,100
131.699,25401.12,0.3817619077,300,3,100,100
131.826,25402.74,0.3817342107,300,3,100,100
131.953,25385.59,0.3820275123,300,3,100,100
132.08,25410.93,0.381594214,300,3,100,100
132.207,25483.89,0.3803490521,300,3,100,100
132.334,25450.03,0.3809264753,300,3,100,100
132.461,25471.92,0.3805530918,300,3,100,100
132.588,25507.7,0.3799434733,300,3,100,100
132.715,25491.74,0.3802152936,300,3,100,100
132.842,25526.52,0.3796231619,300,3,100,100
132.969,25487.73,0.380283616,300,3,100,100
133.096,25498.69,0.3800969048,300,3,100,100
133.223,25487.29,0.3802911134,300,3,100,100
133.35,25462.2,0.3807188488,300,3,100,100
133.477,25493.11,0.380191954,300,3,100,100
133.604,25443.96,0.3810300697,300,3,100,100
133.731,25450.56,0.3809174311,300,3,100,100
133.858,25491.48,0.3802197231,300,3,100,100
133.985,25442.35,0.3810575511,300,3,100,100
134.112,25459.25,0.3807691682,300,3,100,100
134.239,25448.7,0.3809491718,300,3,100,100
134.366,25458.7,0.3807785504,300,3,100,100
134.493,25468.55,0.3806105539,300,3,100,100
134.62,25446.55,0.3809858641,300,3,100,100
134.747,25408.77,0.3816311319,300,3,100,100
134.874,25418.86,0.3814587047,300,3,100,100
135.001,25409.11,0.3816253205,300,3,100,100
135.128,25414.73,0.3815292737,300,3,100,100
135.255,25418.95,0.381457167,300,3,100,100
135.382,25404.1,0.3817109603,300,3,100,100
135.509,25433.32,0.3812117183,300,3,100,100
135.636,25465.7,0.3806591553,300,3,100,100
135.763,25434.46,0.3811922523,300,3,100,100
135.89,25414.52,0.3815328622,300,3,100,100
136.017,25403.45,0.3817220724,300,3,100,100
136.144,25382.2,0.382085512,300,3,100,100
136.271,25430.55,0.3812590209,300,3,100,100
136.398,25442.58,0.3810536251,300,3,100,100
136.525,25422.82,0.3813910513,300,3,100,100
136.652,25376.87,0.382176719,300,3,100,100
136.779,25425.7,0.3813418555,300,3,100,100
136.906,25455.05,0.3808408194,300,3,100,100
137.033,25450.29,0.3809220385,300,3,100,100
137.16,25422.9,0.3813896847,300,3,100,100
137.287,25415.51,0.381515945,300,3,100,100
137.414,25438.53,0.3811227625,300,3,100,100
137.541,25437.17,0.3811459814,300,3,100,100
137.668,25481.51,0.3803896137,300,3,100,100
137.795,25444.59,0.3810193166,300,3,100,100
137.922,25424.67,0.3813594492,300,3,100,100
138.049,25444.05,0.3810285335,300,3,100,100
138.176,25429.4,0.3812786606,300,3,100,100
138.303,25368.56,0.3823189579,300,3,100,100
138.43,25387.67,0.3819919293,300,3,100,100
138.557,25425.86,0.3813391225,300,3,100,100
138.684,25353.46,0.3825775378,300,3,100,100
138.811,25431.52,0.3812424559,300,3,100,100
138.938,25447.05,0.3809773307,300,3,100,100
139.065,25414.94,0.3815256851,300,3,100,100
139.192,25452.45,0.3808851809,300,3,100,100
139.319,25416.64,0.3814966362,300,3,100,100
139.446,25408.19,0.3816410455,300,3,100,100
139.573,25483.81,0.3803504154,300,3,100,100
139.7,25465.98,0.3806543802,300,3,100,100
139.827,25475.82,0.3804866022,300,3,100,100
139.954,25473.86,0.3805200162,300,3,100,100
140.081,25510.99,0.3798874614,300,3,100,100
140.208,25464.59,0.3806780858,300,3,100,100
140.335,25481.64,0.3803873981,300,3,100,100
140.462,25498.11,0.3801067835,300,3,100,100
140.589,25504.86,0.3799918299,300,3,100,100
140.716,25505.76,0.3799765051,300,3,100,100
140.843,25540.48,0.3793857189,300,3,100,100
140.97,25533.27,0.3795083362,300,3,100,100
141.097,25527.9,0.3795996839,300,3,100,100
141.224,25561.84,0.3790226618,300,3,100,100
141.351,25559.46,0.3790630997,300,3,100,100
141.478,25573.05,0.3788322461,300,3,100,100
141.605,25553.94,0.3791569031,300,3,100,100
141.732,25533.38,0.3795064652,300,3,100,100
141.859,25524.55,0.3796566797,300,3,100,100
141.986,25521.23,0.3797131724,300,3,100,100
142.113,25571.58,0.3788572111,300,3,100,100
142.24,25595.02,0.3784593006,300,3,100,100
142.367,25559.87,0.3790561332,300,3,100,100
142.494,25598.74,0.3783961845,300,3,100,100
142.621,25601.3,0.3783527551,300,3,100,100
142.748,25564.17,0.378983077,300,3,100,100
142.875,25610.26,0.3782007863,300,3,100,100
143.002,25626.72,0.3779217501,300,3,100,100
143.129,25692.03,0.3768163534,300,3,100,100
143.256,25728.38,0.3762023324,300,3,100,100
143.383,25719.75,0.376348031,300,3,100,100
143.51,25632.86,0.3778177084,300,3,100,100
143.637,25632.04,0.3778316017,300,3,100,100
143.764,25646.21,0.3775915798,300,3,100,100
143.891,25638.47,0.3777226692,300,3,100,100
144.018,25619.7,0.3780407339,300,3,100,100
144.145,25686.39,0.3769117017,300,3,100,100
144.272,25688.49,0.3768761972,300,3,100,100
144.399,25659.25,0.3773708157,300,3,100,100
144.526,25738.87,0.3760252975,300,3,100,100
144.653,25663.16,0.3773046423,300,3,100,100
144.78,25643.89,0.3776308686,300,3,100,100
144.907,25715.94,0.3764123701,300,3,100,100
145.034,25723.99,0.3762764418,300,3,100,100
145.161,25728.3,0.3762036828,300,3,100,100
145.288,25724.56,0.3762668187,300,3,100,100
145.415,25754.89,0.3757550745,300,3,100,100
145.542,25778.42,0.3753584786,300,3,100,100
145.669,25760.13,0.3756667235,300,3,100,100
145.796,25764.21,0.3755979435,300,3,100,100
145.923,25762.84,0.3756210375,300,3,100,100
146.05,25757.76,0.3757066816,300,3,100,100
146.177,25807.16,0.3748745595,300,3,100,100
146.304,25789.21,0.3751767353,300,3,100,100
146.431,25874.15,0.3737486823,300,3,100,100
146.558,25820.11,0.3746566857,300,3,100,100
146.685,25902.13,0.3732792952,300,3,100,100
146.812,25946.94,0.3725286263,300,3,100,100
146.939,25927.98,0.3728460909,300,3,100,100
147.066,25933.67,0.3727507936,300,3,100,100
147.193,25958.73,0.3723313326,300,3,100,100
147.32,26011.94,0.3714420303,300,3,100,100
147.447,26053.49,0.3707488663,300,3,100,100
147.574,26059.34,0.3706513617,300,3,100,100
147.701,26075.77,0.3703776322,300,3,100,100
147.828,26087.35,0.370184809,300,3,100,100
147.955,26158.82,0.3689966244,300,3,100,100
148.082,26155.99,0.3690436112,300,3,100,100
148.209,26177.2,0.3686915828,300,3,100,100
148.336,26257.6,0.3673597457,300,3,100,100
148.463,26279.66,0.3669950318,300,3,100,100
148.59,26312.04,0.3664602532,300,3,100,100
148.717,26313.09,0.3664429227,300,3,100,100
148.844,26370.41,0.3654978917,300,3,100,100
148.971,26351.08,0.3658163544,300,3,100,100
149.098,26370.21,0.3655011856,300,3,100,100
149.225,26365.66,0.3655761266,300,3,100,100
149.352,26442.09,0.3643189948,300,3,100,100
149.479,26468.21,0.3638902022,300,3,100,100
149.606,26468.63,0.3638833108,300,3,100,100
149.733,26534.11,0.3628102487,300,3,100,100
149.86,26557.48,0.3624279108,300,3,100,100
149.987,26578.92,0.3620774439,300,3,100,100
150.114,26605.07,0.361650368,300,3,100,100
150.241,26609.62,0.3615761012,300,3,100,100
150.368,26667.97,0.360624816,300,3,100,100
150.495,26755.29,0.3592051112,300,3,100,100
150.622,26753.25,0.359238226,300,3,100,100
150.749,26815.88,0.3582227204,300,3,100,100
150.876,26806.53,0.358374174,300,3,100,100
151.003,26863.17,0.3574575134,300,3,100,100
151.13,26921.78,0.3565110029,300,3,100,100
151.257,26942.71,0.3561734973,300,3,100,100
151.384,27040.7,0.3545968439,300,3,100,100
151.511,27048.56,0.3544706246,300,3,100,100
151.638,27134.47,0.3530934307,300,3,100,100
151.765,27199.61,0.3520520969,300,3,100,100
151.892,27271.88,0.3508996966,300,3,100,100
152.019,27271.68,0.3509028815,300,3,100,100
152.146,27312.58,0.3502520475,300,3,100,100
152.273,27421.31,0.3485265753,300,3,100,100
152.4,27412.71,0.3486628022,300,3,100,100
152.527,27484.63,0.347524879,300,3,100,100
152.654,27517.51,0.3470056409,300,3,100,100
152.781,27649.09,0.3449339317,300,3,100,100
152.908,27688.75,0.3443114238,300,3,100,100
153.035,27729.88,0.3436667837,300,3,100,100
153.162,27744.98,0.3434303578,300,3,100,100
153.289,27861.6,0.341608721,300,3,100,100
153.416,27922.82,0.3406554972,300,3,100,100
153.543,27928.97,0.3405598543,300,3,100,100
153.67,28013.27,0.3392509667,300,3,100,100
153.797,28106.18,0.3378129506,300,3,100,100
153.924,28177.52,0.3367120072,300,3,100,100
154.051,28262.78,0.3353998959,300,3,100,100
154.178,28285.97,0.3350436974,300,3,100,100
154.305,28368.93,0.3337718182,300,3,100,100
154.432,28413.69,0.333087136,300,3,100,100
154.559,28478.02,0.3321049832,300,3,100,100
154.686,28505.1,0.331692205,300,3,100,100
154.813,28583.22,0.3305036219,300,3,100,100
154.94,28699.37,0.3287424105,300,3,100,100
155.067,28781.23,0.3275054238,300,3,100,100
155.194,28884.39,0.3259515736,300,3,100,100
155.321,28910.68,0.3255564672,300,3,100,100
155.448,28988.33,0.3243915772,300,3,100,100
155.575,29023.31,0.3238678333,300,3,100,100
155.702,29101.69,0.3226965637,300,3,100,100
155.829,29216.34,0.320988964,300,3,100,100
155.956,29295.96,0.3198070399,300,3,100,100
156.083,29369.72,0.3187149677,300,3,100,100
156.21,29437.23,0.3177178328,300,3,100,100
156.337,29491.66,0.3169155555,300,3,100,100
156.464,29596.21,0.3153786737,300,3,100,100
156.591,29693.96,0.3139466547,300,3,100,100
156.718,29753.78,0.3130726264,300,3,100,100
156.845,29841.74,0.3117906317,300,3,100,100
156.972,29917.69,0.3106867161,300,3,100,100
157.099,30000.46,0.30948686,300,3,100,100
157.226,30125.62,0.3076787802,300,3,100,100
157.353,30198.86,0.3066242251,300,3,100,100
157.48,30271.19,0.3055852799,300,3,100,100
157.607,30369.08,0.3041831383,300,3,100,100
157.734,30461.25,0.3028670529,300,3,100,100
157.861,30533.7,0.3018353396,300,3,100,100
157.988,30659.89,0.3000441815,300,3,100,100
158.115,30758.37,0.298651457,300,3,100,100
158.242,30818.57,0.2978022905,300,3,100,100
158.369,30843.29,0.2974540766,300,3,100,100
158.496,30985.83,0.29545164,300,3,100,100
158.623,31007.87,0.2951428393,300,3,100,100
158.75,31067.4,0.2943098648,300,3,100,100
158.877,31199.5,0.2924671398,300,3,100,100
159.004,31295.79,0.2911288549,299.0272223,2.990272223,99.67574078,99.67574078
159.131,31391.65,0.2898006303,297.0314229,2.970314229,99.0104743,99.0104743
159.258,31441.74,0.2891082018,295.9909751,2.959909751,98.66365836,98.66365836
159.385,31510.53,0.2881590659,294.564797,2.94564797,98.18826567,98.18826567
159.512,31593.13,0.2870221193,292.8564133,2.928564133,97.61880445,97.61880445
159.639,31688.15,0.2857178887,290.8966675,2.908966675,96.96555582,96.96555582
159.766,31731.33,0.2851264982,290.0080401,2.900080401,96.66934669,96.66934669
159.893,31816.51,0.2839622344,288.2586093,2.882586093,96.08620309,96.08620309
160.02,31893.44,0.2829134095,286.6826378,2.866826378,95.56087927,95.56087927
160.147,31947.85,0.2821731372,285.5702996,2.855702996,95.19009988,95.19009988
160.274,31997.46,0.281499269,284.5577408,2.845577408,94.85258025,94.85258025
160.401,32068.66,0.2805339607,283.1072619,2.831072619,94.36908729,94.36908729
160.528,32161.9,0.2792730766,281.2126488,2.812126488,93.7375496,93.7375496
160.655,32231.98,0.278327789,279.7922531,2.797922531,93.26408438,93.26408438
160.782,32260.53,0.2779432759,279.2144811,2.792144811,93.07149369,93.07149369
160.909,32426.84,0.2757101452,275.8589637,2.758589637,91.9529879,91.9529879
161.036,32487.04,0.2749046307,274.6485921,2.746485921,91.54953071,91.54953071
161.163,32552.88,0.2740253566,273.3273889,2.733273889,91.10912962,91.10912962
161.29,32658.09,0.2726239923,271.2216893,2.712216893,90.40722977,90.40722977
161.417,32685.27,0.272262697,270.6788045,2.706788045,90.22626818,90.22626818
161.544,32732.55,0.2716349339,269.7355234,2.697355234,89.91184113,89.91184113
161.671,32819.84,0.2704783144,267.997579,2.67997579,89.33252632,89.33252632
161.798,32771.3,0.2711211042,268.9634393,2.689634393,89.65447978,89.65447978
161.925,32950.81,0.2687486789,265.3986169,2.653986169,88.46620565,88.46620565
162.052,33048.17,0.2674673579,263.4732952,2.634732952,87.82443172,87.82443172
162.179,33084.13,0.2669950552,262.7636099,2.627636099,87.58786998,87.58786998
162.306,33187.21,0.2656440304,260.7335509,2.607335509,86.91118363,86.91118363
162.433,33214.26,0.2652901929,260.2018722,2.602018722,86.73395739,86.73395739
162.56,33265.53,0.2646203267,259.1953266,2.591953266,86.39844221,86.39844221
162.687,33311.42,0.2640216277,258.2957174,2.582957174,86.09857247,86.09857247
162.814,33339.99,0.2636493086,257.7362683,2.577362683,85.91208943,85.91208943
162.941,33407.54,0.2627702768,256.415429,2.56415429,85.47180968,85.47180968
163.068,33512.59,0.2614067806,254.3666303,2.543666303,84.78887676,84.78887676
163.195,33548.82,0.2609375244,253.6615227,2.536615227,84.55384091,84.55384091
163.322,33633.55,0.2598420646,252.0154774,2.520154774,84.00515914,84.00515914
163.449,33740.71,0.2584605567,249.9475651,2.499475651,83.31585502,83.31585502
163.576,33821,0.2574283295,248.6007535,2.486007535,82.86691784,82.86691784
163.703,33827.04,0.2573507769,248.4995659,2.484995659,82.83318862,82.83318862
163.83,33916.26,0.256206818,247.0069711,2.470069711,82.33565702,82.33565702
163.957,33958.08,0.2556716468,246.3086996,2.463086996,82.10289988,82.10289988
164.084,34024.03,0.2548290212,245.2092734,2.452092734,81.73642446,81.73642446
164.211,34053.53,0.2544526362,244.7181803,2.447181803,81.57272675,81.57272675
164.338,34046.35,0.2545442145,244.8376681,2.448376681,81.61255605,81.61255605
164.465,34141.43,0.2533330665,243.2574076,2.432574076,81.08580252,81.08580252
164.592,34187.13,0.2527521305,242.499424,2.42499424,80.83314133,80.83314133
164.719,34216.06,0.2523847751,242.0201124,2.420201124,80.67337081,80.67337081
164.846,34221.35,0.2523176358,241.9325116,2.419325116,80.64417055,80.64417055
164.973,34294.38,0.2513918181,240.7245393,2.407245393,80.24151311,80.24151311
165.1,34358.91,0.250575396,239.6593023,2.396593023,79.88643411,79.88643411
165.227,34388.12,0.2502063403,239.1777722,2.391777722,79.72592408,79.72592408
165.354,34461.35,0.2492824872,237.9723633,2.379723633,79.32412111,79.32412111
165.481,34455.99,0.2493500412,238.0605052,2.380605052,79.35350172,79.35350172
165.608,34507.08,0.2487065632,237.2209191,2.372209191,79.07363971,79.07363971
165.735,34479.25,0.2490569635,237.6781084,2.376781084,79.22603612,79.22603612
165.862,34514.54,0.2486126843,237.0984295,2.370984295,79.03280982,79.03280982
165.989,34555.43,0.2480984723,236.4275049,2.364275049,78.80916829,78.80916829
166.116,34589.58,0.2476694852,235.8677786,2.358677786,78.62259287,78.62259287
166.243,34633.57,0.2471175133,235.1475863,2.351475863,78.38252877,78.38252877
166.37,34699.15,0.2462959376,234.075625,2.34075625,78.02520834,78.02520834
166.497,34697.76,0.2463133351,234.0983247,2.340983247,78.03277491,78.03277491
166.624,34677.88,0.2465622345,234.4230792,2.344230792,78.14102641,78.14102641
166.751,34712.17,0.2461330098,233.863043,2.33863043,77.95434767,77.95434767
166.878,34759.96,0.2455355059,233.0834422,2.330834422,77.69448073,77.69448073
167.005,34776.46,0.2453294021,232.8145257,2.328145257,77.6048419,77.6048419
167.132,34751.08,0.2456464677,233.228221,2.33228221,77.74274033,77.74274033
167.259,34801.55,0.2450161868,232.4058541,2.324058541,77.46861803,77.46861803
167.386,34811.72,0.2448892922,232.2402867,2.322402867,77.41342891,77.41342891
167.513,34818.09,0.2448098303,232.1366079,2.321366079,77.3788693,77.3788693
167.64,34714.23,0.2461072373,233.829416,2.33829416,77.94313866,77.94313866
167.767,34946.02,0.2432170527,230.0584113,2.300584113,76.6861371,76.6861371
167.894,34918.63,0.2435575776,230.5027154,2.305027154,76.83423848,76.83423848
168.021,34832.52,0.2446298787,231.9018138,2.319018138,77.3006046,77.3006046
168.148,34834.56,0.2446044446,231.8686283,2.318686283,77.28954276,77.28954276
168.275,34973.44,0.2428764221,229.6139692,2.296139692,76.53798973,76.53798973
168.402,35012.81,0.2423878068,228.9764422,2.289764422,76.32548075,76.32548075
168.529,35029.85,0.2421764962,228.7007321,2.287007321,76.23357736,76.23357736
168.656,35025.06,0.2422358859,228.7782216,2.287782216,76.25940719,76.25940719
168.783,35055.16,0.2418628202,228.2914593,2.282914593,76.09715311,76.09715311
168.91,35142.42,0.240783109,226.8826926,2.268826926,75.62756419,75.62756419
169.037,35124.54,0.2410041286,227.1710706,2.271710706,75.7236902,75.7236902
169.164,35180.27,0.2403156056,226.2727116,2.262727116,75.42423722,75.42423722
169.291,35154.18,0.2406378018,226.6931011,2.266931011,75.56436703,75.56436703
169.418,35182.41,0.2402891885,226.2382436,2.262382436,75.41274785,75.41274785
169.545,35183.78,0.2402722774,226.2161786,2.262161786,75.40539288,75.40539288
169.672,35198.28,0.2400933321,225.9826975,2.259826975,75.32756583,75.32756583
169.799,35221.63,0.2398053233,225.6069144,2.256069144,75.2023048,75.2023048
169.926,35255.87,0.2393833378,225.0563234,2.250563234,75.01877446,75.01877446
170.053,35266.93,0.2392471181,224.878589,2.24878589,74.95952968,74.95952968
170.18,35222.98,0.2397886777,225.5851958,2.255851958,75.19506526,75.19506526
170.307,35278.35,0.2391065093,224.695128,2.24695128,74.89837598,74.89837598
170.434,35205.75,0.2400011732,225.862452,2.25862452,75.28748399,75.28748399
170.561,35266.25,0.239255492,224.889515,2.24889515,74.96317168,74.96317168
170.688,35208.75,0.2399641671,225.8141678,2.258141678,75.27138926,75.27138926
170.815,35220.18,0.2398232027,225.6302427,2.256302427,75.2100809,75.2100809
170.942,35190.69,0.2401869915,226.1049008,2.261049008,75.36830026,75.36830026
171.069,35355.67,0.2381557022,223.4545505,2.234545505,74.48485015,74.48485015
171.196,35345.83,0.2382765895,223.6122797,2.236122797,74.53742657,74.53742657
171.323,35319.17,0.2386042848,224.0398442,2.240398442,74.67994806,74.67994806
171.45,35323.3,0.2385535041,223.9735875,2.239735875,74.65786249,74.65786249
171.577,35374.26,0.2379274103,223.1566837,2.231566837,74.38556125,74.38556125
171.704,35327.43,0.2385027293,223.9073385,2.239073385,74.63577949,74.63577949
171.831,35329.29,0.2384798642,223.8775049,2.238775049,74.62583497,74.62583497
171.958,35327.48,0.2385021147,223.9065365,2.239065365,74.63551216,74.63551216
172.085,35325.41,0.2385275627,223.9397402,2.239397402,74.64658005,74.64658005
172.212,35307.16,0.2387519882,224.2325621,2.242325621,74.74418738,74.74418738
172.339,35307.65,0.238745961,224.2246981,2.242246981,74.74156603,74.74156603
172.466,35335.21,0.2384070972,223.7825612,2.237825612,74.59418706,74.59418706
172.593,35328.7,0.238487117,223.8869681,2.238869681,74.62898936,74.62898936
172.72,35318.12,0.2386171961,224.0566904,2.240566904,74.68556345,74.68556345
172.847,35338.94,0.2383612553,223.7227484,2.237227484,74.57424947,74.57424947
172.974,35371.53,0.2379609282,223.2004166,2.232004166,74.40013887,74.40013887
173.101,35377.73,0.2378848108,223.1011014,2.231011014,74.36703381,74.36703381
173.228,35395.52,0.2376664769,222.8162276,2.228162276,74.27207585,74.27207585
173.355,35360.97,0.2380906041,223.3696128,2.233696128,74.45653761,74.45653761
173.482,35423.15,0.2373275957,222.3740681,2.223740681,74.12468936,74.12468936
173.609,35361.99,0.2380780769,223.3532678,2.233532678,74.45108927,74.45108927
173.736,35429.85,0.2372454602,222.2669008,2.222669008,74.08896692,74.08896692
173.863,35384.47,0.2378020789,222.993156,2.22993156,74.33105199,74.33105199
173.99,35392.2,0.2377072144,222.8693803,2.228693803,74.28979344,74.28979344
174.117,35361.59,0.2380829895,223.3596776,2.233596776,74.45322586,74.45322586
174.244,35366.73,0.238019867,223.2773177,2.232773177,74.42577257,74.42577257
174.371,35367.65,0.2380085698,223.2625775,2.232625775,74.42085918,74.42085918
174.498,35399.95,0.2376121253,222.7453116,2.227453116,74.24843719,74.24843719
174.625,35359.56,0.2381079217,223.3922082,2.233922082,74.4640694,74.4640694
174.752,35409.92,0.2374898283,222.5857431,2.225857431,74.19524769,74.19524769
174.879,35415.26,0.2374243394,222.5002956,2.225002956,74.16676519,74.16676519
175.006,35428.06,0.2372674024,222.29553,2.2229553,74.09851001,74.09851001
175.133,35458.74,0.2368914747,221.8050337,2.218050337,73.93501122,73.93501122
175.26,35473.87,0.2367062037,221.5632991,2.215632991,73.85443302,73.85443302
175.387,35458.5,0.2368944142,221.808869,2.21808869,73.93628967,73.93628967
175.514,35418.3,0.2373870617,222.4516571,2.224516571,74.15055235,74.15055235
175.641,35383.15,0.2378182803,223.014295,2.23014295,74.33809834,74.33809834
175.768,35372.32,0.2379512286,223.187761,2.23187761,74.39592032,74.39592032
175.895,35393.26,0.2376942074,222.8524093,2.228524093,74.28413644,74.28413644
176.022,35420.48,0.2373603316,222.4167807,2.224167807,74.1389269,74.1389269
176.149,35403.35,0.2375704153,222.69089,2.2269089,74.23029667,74.23029667
176.276,35415.78,0.2374179627,222.4919755,2.224919755,74.16399185,74.16399185
176.403,35387.62,0.2377634188,222.9427137,2.229427137,74.31423791,74.31423791
176.53,35385.61,0.2377880872,222.9749002,2.229749002,74.32496672,74.32496672
176.657,35350.14,0.2382236358,223.5431876,2.235431876,74.51439587,74.51439587
176.784,35406.75,0.2375287094,222.6364736,2.226364736,74.21215788,74.21215788
176.911,35405.08,0.2375491938,222.663201,2.22663201,74.22106701,74.22106701
177.038,35400.79,0.2376018201,222.7318658,2.227318658,74.24395525,74.24395525
177.165,35345.12,0.2382853134,223.6236623,2.236236623,74.54122076,74.54122076
177.292,35286.45,0.2390068056,224.5650383,2.245650383,74.85501277,74.85501277
177.419,35440.84,0.2371107671,222.0911582,2.220911582,74.03038608,74.03038608
177.546,35365.86,0.2380305505,223.2912572,2.232912572,74.43041906,74.43041906
177.673,35363.03,0.2380653044,223.3366028,2.233366028,74.44553426,74.44553426
177.8,35424.36,0.2373127611,222.3547125,2.223547125,74.11823749,74.11823749
177.927,35395.95,0.2376612009,222.8093437,2.228093437,74.26978123,74.26978123
178.054,35459.08,0.2368873104,221.7996003,2.217996003,73.93320009,73.93320009
178.181,35434.11,0.2371932448,222.1987721,2.221987721,74.06625736,74.06625736
178.308,35377.98,0.2378817418,223.0970972,2.230970972,74.36569905,74.36569905
178.435,35429.33,0.2372518344,222.2752175,2.222752175,74.09173916,74.09173916
178.562,35329.84,0.2384731032,223.8686835,2.238686835,74.62289448,74.62289448
178.689,35305.83,0.2387683482,224.253908,2.24253908,74.75130265,74.75130265
178.816,35377.95,0.2378821101,223.0975777,2.230975777,74.36585922,74.36585922
178.943,35394.03,0.2376847592,222.8400817,2.228400817,74.28002722,74.28002722
179.07,35350.23,0.2382225301,223.5417449,2.235417449,74.51391498,74.51391498
179.197,35397.18,0.2376461096,222.789653,2.22789653,74.26321768,74.26321768
179.324,35428.22,0.237265441,222.2929709,2.222929709,74.09765698,74.09765698
179.451,35326.36,0.2385158835,223.9245015,2.239245015,74.64150051,74.64150051
179.578,35393.76,0.2376880722,222.8444043,2.228444043,74.2814681,74.2814681
179.705,35371.88,0.2379566309,223.1948096,2.231948096,74.39826988,74.39826988
179.832,35350.5,0.238219213,223.537417,2.23537417,74.51247232,74.51247232
179.959,35284.63,0.2390292062,224.5942657,2.245942657,74.86475524,74.86475524
180.086,35270.96,0.2391974935,224.8138407,2.248138407,74.93794691,74.93794691
180.213,35344.01,0.2382989525,223.641458,2.23641458,74.54715268,74.54715268
180.34,35367.65,0.2380085698,223.2625775,2.232625775,74.42085918,74.42085918
180.467,35340.73,0.2383392578,223.6940469,2.236940469,74.56468231,74.56468231
180.594,35368.44,0.2379988691,223.2499205,2.232499205,74.41664017,74.41664017
180.721,35355.44,0.2381585274,223.4582367,2.234582367,74.48607891,74.48607891
180.848,35354.89,0.2381652835,223.4670518,2.234670518,74.48901726,74.48901726
180.975,35306.32,0.2387623207,224.2460436,2.242460436,74.74868121,74.74868121
181.102,35352,0.2382007853,223.5133732,2.235133732,74.50445774,74.50445774
181.229,35383.46,0.2378144754,223.0093305,2.230093305,74.33644349,74.33644349
181.356,35320.13,0.2385924805,224.0244424,2.240244424,74.67481414,74.67481414
181.483,35291.48,0.2389449024,224.4842693,2.244842693,74.82808976,74.82808976
