depth_mm,intensity,net_od,dose_cgy,dose_gy,smoothed_dose_cgy,pdd_percent
0,40229.04706,0.1822695869,153.433184,1.53433184,153.433184,84.4570038
0.127,40010.57647,0.1846345234,156.3346616,1.563346616,156.3346616,86.05411662
0.254,39991.47059,0.1848419576,156.5891571,1.565891571,156.5891571,86.19420316
0.381,39942.82353,0.1853705705,157.2376983,1.572376983,157.2376983,86.55119142
0.508,39881.55294,0.1860372712,158.0556556,1.580556556,158.0556556,87.00143448
0.635,39794.61176,0.18698506,159.2184724,1.592184724,159.2184724,87.6415048
0.762,39752.14118,0.187448806,159.7874301,1.597874301,159.7874301,87.95468644
0.889,39712.87059,0.1878780515,160.31406,1.6031406,160.31406,88.24456888
1.016,39662.40588,0.1884302776,160.9915714,1.609915714,160.9915714,88.61750374
1.143,39580.37059,0.1893294759,162.094774,1.62094774,162.094774,89.22475949
1.27,39531.04118,0.1898710791,162.7592524,1.627592524,162.7592524,89.5905204
1.397,39439.78235,0.1908748225,163.9907185,1.639907185,163.9907185,90.26837855
1.524,39409.90588,0.1912039344,164.3944972,1.643944972,164.3944972,90.49063775
1.651,39333.29412,0.1920490125,165.431301,1.65431301,165.431301,91.06134445
1.778,39367.5,0.1916714959,164.968136,1.64968136,164.968136,90.80639614
1.905,39277.43529,0.1926662103,166.1885245,1.661885245,166.1885245,91.47815669
2.032,39229.60588,0.1931953871,166.8377575,1.668377575,166.8377575,91.83552572
2.159,39152.31765,0.1940518566,167.8885371,1.678885371,167.8885371,92.41392539
2.286,39080.20588,0.1948524891,168.8708119,1.688708119,168.8708119,92.95461663
2.413,39084.76471,0.1948018303,168.8086599,1.688086599,168.8086599,92.92040522
2.54,39048.58235,0.1952040605,169.3021455,1.693021455,169.3021455,93.19204341
2.667,38994.76471,0.1958030279,170.0370027,1.700370027,170.0370027,93.59654415
2.794,38963.08824,0.1961559601,170.4700058,1.704700058,170.4700058,93.83488987
2.921,38993.23529,0.1958200617,170.057901,1.70057901,170.057901,93.60804757
3.048,38985.24706,0.1959090413,170.1670676,1.701670676,170.1670676,93.66813816
3.175,38921.00588,0.1966252764,171.0457974,1.710457974,171.0457974,94.15183327
3.302,38936.22353,0.1964555056,170.8375102,1.708375102,170.8375102,94.03718197
3.429,38886.43529,0.1970111988,171.5192753,1.715192753,171.5192753,94.41245828
3.556,38857.57059,0.1973336875,171.9149281,1.719149281,171.9149281,94.63024464
3.683,38877.98824,0.1971055481,171.63503,1.7163503,171.63503,94.47617524
3.81,38830.74706,0.1976335861,172.2828658,1.722828658,172.2828658,94.83277524
3.937,38858.44706,0.1973238917,171.9029099,1.719029099,171.9029099,94.62362922
4.064,38803.43529,0.1979391564,172.6577619,1.726577619,172.6577619,95.03913605
4.191,38831.18235,0.1976287177,172.2768929,1.722768929,172.2768929,94.82948744
4.318,38767.21765,0.1983446996,173.155312,1.73155312,173.155312,95.31301159
4.445,38819.91176,0.1977547882,172.4315654,1.724315654,172.4315654,94.91462662
4.572,38754.27647,0.1984896989,173.3332078,1.733332078,173.3332078,95.41093399
4.699,38770.64118,0.1983063488,173.1082604,1.731082604,173.1082604,95.28711213
4.826,38750.69412,0.1985298459,173.3824631,1.733824631,173.3824631,95.43804647
4.953,38742.8,0.1986183275,173.4910187,1.734910187,173.4910187,95.49780072
5.08,38669.12353,0.1994450036,174.5052457,1.745052457,174.5052457,96.05608
5.207,38654.28235,0.1996117174,174.7097825,1.747097825,174.7097825,96.16866688
5.334,38678.34706,0.1993414261,174.3781692,1.743781692,174.3781692,95.98613101
5.461,38635.46471,0.1998231918,174.9692347,1.749692347,174.9692347,96.3114819
5.588,38660.12941,0.1995460286,174.6291906,1.746291906,174.6291906,96.12430526
5.715,38586.84118,0.2003701046,175.6402275,1.756402275,175.6402275,96.68082857
5.842,38595.84706,0.2002687553,175.5158848,1.755158848,175.5158848,96.61238435
5.969,38549.02941,0.2007958843,176.1626052,1.761626052,176.1626052,96.9683704
6.096,38537.2,0.2009291752,176.3261363,1.763261363,176.3261363,97.05838579
6.223,38511.50588,0.2012188313,176.6815077,1.766815077,176.6815077,97.25399928
6.35,38481.68235,0.2015552817,177.0942898,1.770942898,177.0942898,97.48121438
6.477,38414.22941,0.2023172064,178.0290749,1.780290749,178.0290749,97.99576508
6.604,38355.94706,0.2029766216,178.8380938,1.788380938,178.8380938,98.441088
6.731,38395.28824,0.2025313999,178.2918632,1.782918632,178.2918632,98.14041639
6.858,38393.4,0.2025527585,178.3180675,1.783180675,178.3180675,98.1548405
6.985,38459.97647,0.2018003179,177.3949181,1.773949181,177.3949181,97.64669469
7.112,38340.07647,0.2031563573,179.0586068,1.790586068,179.0586068,98.56246898
7.239,38298.94118,0.2036225646,179.6305841,1.796305841,179.6305841,98.87731278
7.366,38316.81176,0.2034199666,179.3820221,1.793820221,179.3820221,98.74049226
7.493,38290.18235,0.2037218975,179.752453,1.79752453,179.752453,98.94439526
7.62,38275.12353,0.2038927311,179.9620442,1.799620442,179.9620442,99.05976434
7.747,38278.81176,0.203850884,179.9107031,1.799107031,179.9107031,99.03150373
7.874,38228.21765,0.2044252822,180.6154169,1.806154169,180.6154169,99.41941213
8.001,38264.95294,0.2040081485,180.1036468,1.801036468,180.1036468,99.13770923
8.128,38152.61765,0.2052849919,181.6701719,1.816701719,181.6701719,100
8.255,38222.89412,0.2044857647,180.6896214,1.806896214,180.6896214,99.46025782
8.382,38324.28235,0.2033353009,179.278148,1.79278148,179.278148,98.68331498
8.509,38234.48235,0.2043541173,180.5281067,1.805281067,180.5281067,99.37135238
8.636,38363.61176,0.2028898448,178.7316297,1.787316297,178.7316297,98.38248501
8.763,38361.30588,0.2029159492,178.7636565,1.787636565,178.7636565,98.40011415
8.89,38339.26471,0.2031655526,179.0698883,1.790698883,179.0698883,98.56867884
9.017,38319.90588,0.2033848984,179.3389977,1.793389977,179.3389977,98.71680961
9.144,38259.12353,0.2040743155,180.1848252,1.801848252,180.1848252,99.18239374
9.271,38320.91176,0.2033734985,179.3250115,1.793250115,179.3250115,98.70911091
9.398,38333.34118,0.2032326576,179.1522176,1.791522176,179.1522176,98.61399684
9.525,38288.83529,0.2037371763,179.7711982,1.797711982,179.7711982,98.95471353
9.652,38300.72941,0.2036022872,179.6057063,1.796057063,179.6057063,98.86361884
9.779,38314.11765,0.2034505037,179.4194871,1.794194871,179.4194871,98.76111484
9.906,38334.74706,0.2032167301,179.1326765,1.791326765,179.1326765,98.6032405
10.033,38371.38824,0.2028018203,178.6236348,1.786236348,178.6236348,98.32303944
10.16,38370.19412,0.2028153358,178.6402165,1.786402165,178.6402165,98.33216683
10.287,38350.28824,0.2030406997,178.9167096,1.789167096,178.9167096,98.48436189
10.414,38453.05882,0.2018784398,177.4907638,1.774907638,177.4907638,97.69945276
10.541,38463.42941,0.2017613286,177.3470832,1.773470832,177.3470832,97.62036407
10.668,38508.19412,0.2012561797,176.7273295,1.767273295,176.7273295,97.27922178
10.795,38463.91176,0.2017558824,177.3404014,1.773404014,177.3404014,97.61668605
10.922,38432.85882,0.2021066415,177.7707384,1.777707384,177.7707384,97.85356424
11.049,38469.01176,0.2016983023,177.2697579,1.772697579,177.2697579,97.57780049
11.176,38531.29412,0.2009957366,176.4077987,1.764077987,176.4077987,97.10333669
11.303,38535.95882,0.2009431628,176.3432974,1.763432974,176.3432974,97.06783207
11.43,38583.78235,0.200404533,175.6824668,1.756824668,175.6824668,96.7040791
11.557,38581.67059,0.2004283034,175.7116301,1.757116301,175.7116301,96.72013199
11.684,38571.85294,0.2005388298,175.8472319,1.758472319,175.8472319,96.79477378
11.811,38688.89412,0.1992230161,174.2328951,1.742328951,174.2328951,95.90616514
11.938,38724.07059,0.198828329,173.748664,1.73748664,173.748664,95.63962107
12.065,38731.34706,0.1987467303,173.6485527,1.736485527,173.6485527,95.584515
12.192,38778.17647,0.1982219494,173.0047131,1.730047131,173.0047131,95.23011468
12.319,38879.38235,0.1970899751,171.6159239,1.716159239,171.6159239,94.46565832
12.446,38858.67647,0.1973213277,171.8997642,1.718997642,171.8997642,94.6218977
12.573,38959.4,0.1961970723,170.5204452,1.705204452,170.5204452,93.86265414
12.7,38965.85882,0.1961250794,170.432119,1.70432119,170.432119,93.81403519
12.827,39086.62941,0.1947811109,168.7832399,1.687832399,168.7832399,92.9064128
12.954,39069.73529,0.1949688633,169.0135883,1.690135883,169.0135883,93.03320764
13.081,39123.18235,0.1943751582,168.2851873,1.682851873,168.2851873,92.63226072
13.208,39246.45294,0.1930089204,166.6089865,1.666089865,166.6089865,91.70959915
13.335,39195.32353,0.1935750785,167.3035908,1.673035908,167.3035908,92.09194279
13.462,39338.23529,0.1919944584,165.3643701,1.653643701,165.3643701,91.02450245
13.589,39454.18824,0.1907162198,163.7961332,1.637961332,163.7961332,90.16126942
13.716,39537.24118,0.1898029702,162.6756915,1.626756915,162.6756915,89.54452443
13.843,39586.12353,0.1892663565,162.0173345,1.620173345,162.0173345,89.18213307
13.97,39613.84706,0.1889623116,161.6443098,1.616443098,161.6443098,88.97680234
14.097,39688.21765,0.1881477364,160.6449292,1.606449292,160.6449292,88.42669521
14.224,39791.61765,0.1870177372,159.2585633,1.592585633,159.2585633,87.66357272
14.351,39842.08235,0.1864673033,158.5832505,1.585832505,158.5832505,87.29184809
14.478,39952.22941,0.1852683133,157.1122416,1.571122416,157.1122416,86.48213404
14.605,40100.37647,0.1836608822,155.1401272,1.551401272,155.1401272,85.39658741
14.732,40151.2,0.1831108025,154.465249,1.54465249,154.465249,85.02510202
14.859,40132.26471,0.183315664,154.7165881,1.547165881,154.7165881,85.16345114
14.986,40023.46471,0.1844946507,156.1630555,1.561630555,156.1630555,85.95965636
15.113,40399.43529,0.1804340375,151.1811973,1.511811973,151.1811973,83.21740201
15.24,40534.96471,0.1789795329,149.4135778,1.494135778,149.4135778,82.2444192
15.367,40626.46471,0.1780003002,148.2457849,1.482457849,148.2457849,81.60160984
15.494,40756.11176,0.1766165876,146.5956258,1.465956258,146.5956258,80.69328289
15.621,40785.11765,0.1763076127,146.227155,1.46227155,146.227155,80.49045884
15.748,41018.17059,0.1738330452,143.2760869,1.432760869,143.2760869,78.86604904
15.875,41057.17059,0.173420315,142.7838817,1.427838817,142.7838817,78.59511565
16.002,41167,0.1722601127,141.4002719,1.414002719,141.4002719,77.83351025
16.129,41329.52941,0.1705488718,139.3595159,1.393595159,139.3595159,76.71018002
16.256,41368.00588,0.1701447456,138.8775715,1.388775715,138.8775715,76.44489465
16.383,41512.41176,0.1686313666,137.0727776,1.370727776,137.0727776,75.45144928
16.51,41675.88235,0.1669245287,135.0372725,1.350372725,135.0372725,74.33100938
16.637,41859.67059,0.1650135257,132.7582885,1.327582885,132.7582885,73.07654696
16.764,41984.71176,0.1637181561,131.2134836,1.312134836,131.2134836,72.22621207
16.891,42088.34706,0.1626474621,129.9366178,1.299366178,129.9366178,71.52336368
17.018,42254.78235,0.160933463,127.8925725,1.278925725,127.8925725,70.39822286
17.145,42301.14118,0.1604572484,127.3246584,1.273246584,127.3246584,70.08561564
17.272,42464.22353,0.1587861448,125.3317686,1.253317686,125.3317686,68.98863321
17.399,42548.56471,0.1579244175,124.3041078,1.243041078,124.3041078,68.42295932
17.526,42720.75294,0.1561704337,122.2123784,1.222123784,122.2123784,67.27157085
17.653,42810.60588,0.1552579578,121.124197,1.21124197,121.124197,66.67258345
17.78,42935.46471,0.1539931643,119.615856,1.19615856,119.615856,65.84232001
17.907,43105.07059,0.1522809715,117.5739648,1.175739648,117.5739648,64.71836489
18.034,43211.37647,0.1512112314,116.2982365,1.162982365,116.2982365,64.01614268
18.161,43415.58235,0.1491637013,113.8564358,1.138564358,113.8564358,62.67205815
18.288,43488.39412,0.1484359612,112.9885627,1.129885627,112.9885627,62.19433905
18.415,43739.07647,0.1459397232,110.0116513,1.100116513,110.0116513,60.55570386
18.542,43909.13529,0.1442544475,108.0018604,1.080018604,108.0018604,59.44941827
18.669,44113.18235,0.1422409429,105.6006371,1.056006371,105.6006371,58.12766949
18.796,44206.92353,0.1413190398,104.5012131,1.045012131,104.5012131,57.52249366
18.923,44404.95882,0.1393778604,102.186242,1.02186242,102.186242,56.24822219
19.05,44582.25882,0.1376472633,100.1224025,1.001224025,100.1224025,55.1121857
19.177,44785.36471,0.1356732169,98.56968078,0.9856968078,98.56968078,54.25749298
19.304,44865.42941,0.1348975033,97.97680197,0.9797680197,97.97680197,53.93114397
19.431,45039.95294,0.133211404,96.68811428,0.9668811428,96.68811428,53.22178828
19.558,45222.20588,0.1314575892,95.34767156,0.9534767156,95.34767156,52.48394414
19.685,45482.74118,0.128962701,93.44082554,0.9344082554,93.44082554,51.43432438
19.812,45593.09412,0.1279102661,92.63644824,0.9263644824,92.63644824,50.99155644
19.939,45803.73529,0.1259084359,91.10644712,0.9110644712,91.10644712,50.14937023
20.066,46045.81176,0.1236191983,89.3567801,0.893567801,89.3567801,49.18626935
20.193,46185.32353,0.1223053419,88.35259806,0.8835259806,88.35259806,48.63351926
20.32,46369.75294,0.1205745501,87.02975186,0.8702975186,87.02975186,47.90536109
20.447,46561.80588,0.1187795162,85.65780529,0.8565780529,85.65780529,47.15017572
20.574,46762.21176,0.1169142878,84.23220903,0.8423220903,84.23220903,46.36545897
20.701,46963.37059,0.1150500732,82.80738757,0.8280738757,82.80738757,45.58116872
20.828,47159.20588,0.1132428487,81.42612379,0.8142612379,81.42612379,44.8208547
20.955,47327.43529,0.1116963617,80.24414192,0.8024414192,80.24414192,44.17023503
21.082,47485.08235,0.1102521366,79.14031893,0.7914031893,79.14031893,43.56263777
21.209,47670.13529,0.1085629476,77.84926979,0.7784926979,77.84926979,42.85198223
21.336,47901.32941,0.1064617655,76.24333382,0.7624333382,76.24333382,41.96799783
21.463,48164.58235,0.1040815333,74.42411956,0.7442411956,74.42411956,40.96661481
21.59,48250.53529,0.1033071963,73.83229285,0.7383229285,73.83229285,40.64084493
21.717,48485.52353,0.1011972428,72.21965286,0.7221965286,72.21965286,39.75317032
21.844,48647.34706,0.09975017073,71.11365398,0.7111365398,71.11365398,39.14437534
21.971,48863.15294,0.0978278453,69.64441838,0.6964441838,69.64441838,38.3356374
22.098,49055.28235,0.09612355233,68.34182524,0.6834182524,68.34182524,37.61862749
22.225,49268.82353,0.09423714005,66.90003809,0.6690003809,66.90003809,36.8249985
22.352,49434.57647,0.0927785144,65.78520878,0.6578520878,65.78520878,36.21134283
22.479,49654.69412,0.0908490212,64.31049484,0.6431049484,64.31049484,35.39958936
22.606,49852.58824,0.08912162127,62.99024102,0.6299024102,62.99024102,34.67285816
22.733,50027.82941,0.08759767181,61.82548465,0.6182548465,61.82548465,34.03172023
22.86,50266.34118,0.08553205747,60.24673315,0.6024673315,60.24673315,33.16269948
22.987,50485.95294,0.08363877396,58.79969432,0.5879969432,58.79969432,32.36617971
23.114,50649.82353,0.08223139554,57.72403333,0.5772403333,57.72403333,31.77408416
23.241,50854.33529,0.08048134998,56.38647143,0.5638647143,56.38647143,31.03782577
23.368,51028.67647,0.07899502791,55.25047371,0.5525047371,55.25047371,30.41251798
23.495,51193.59412,0.07759371123,54.17944571,0.5417944571,54.17944571,29.82297266
23.622,51371.28824,0.07608887546,53.02929794,0.5302929794,53.02929794,29.18987602
23.749,51549.08824,0.07458834391,51.8824399,0.518824399,51.8824399,28.55859019
23.876,51734.27647,0.07303095246,50.69212377,0.5069212377,50.69212377,27.90338294
24.003,51963.87647,0.07110779041,49.29456333,0.4929456333,49.29456333,27.13409846
24.13,52135.81176,0.06967319212,48.30004647,0.4830004647,48.30004647,26.58666855
24.257,52345.53529,0.06792968677,47.09138375,0.4709138375,47.09138375,25.92136246
24.384,52500.56471,0.06664535732,46.20103884,0.4620103884,46.20103884,25.4312738
24.511,52623.38824,0.06563052475,45.49751919,0.4549751919,45.49751919,25.04402275
24.638,52749.64706,0.06458977393,44.77603203,0.4477603203,44.77603203,24.64688152
24.765,52907.39412,0.06329296063,43.87703285,0.4387703285,43.87703285,24.15202913
24.892,53072.08824,0.06194315589,42.94129803,0.4294129803,42.94129803,23.63695569
25.019,53200.2,0.06089606712,42.21541718,0.4221541718,42.21541718,23.23739595
25.146,53396.81765,0.05929395746,41.10477521,0.4110477521,41.10477521,22.6260452
25.273,53592.47647,0.05770550615,40.00360173,0.4000360173,40.00360173,22.01990635
25.4,53684.50588,0.05696037193,39.48704699,0.3948704699,39.48704699,21.73556978
25.527,53808.69412,0.05595687981,38.79138895,0.3879138895,38.79138895,21.35264614
25.654,54002.60588,0.054394615,37.70836892,0.3770836892,37.70836892,20.75649982
25.781,54147.97059,0.05322714776,36.89903723,0.3689903723,36.89903723,20.31100474
25.908,54242.42941,0.05247019961,36.37429264,0.3637429264,36.37429264,20.02216008
26.035,54239.73529,0.05249177072,36.38924654,0.3638924654,36.38924654,20.03039142
26.162,54535.30588,0.05013157871,34.75307371,0.3475307371,34.75307371,19.12976321
26.289,54653.27647,0.04919312903,34.10250551,0.3410250551,34.10250551,18.77165918
26.416,54819.44706,0.04787468142,33.18850862,0.3318850862,33.18850862,18.26855134
26.543,54912.62941,0.04713709233,32.67718445,0.3267718445,32.67718445,17.98709392
26.67,55053.10588,0.04602750689,31.90797858,0.3190797858,31.90797858,17.56368601
26.797,55180.22941,0.04502583037,31.21357919,0.3121357919,31.21357919,17.18145519
26.924,55332.92941,0.04382566905,30.38158275,0.3038158275,30.38158275,16.72348434
27.051,55447.52353,0.04292717822,29.7587155,0.297587155,29.7587155,16.38062825
27.178,55592.01176,0.04179694152,28.97519342,0.2897519342,28.97519342,15.94934001
27.305,55775.98824,0.04036205828,27.98047902,0.2798047902,27.98047902,15.40180136
27.432,55888.66471,0.03948559854,27.37288455,0.2737288455,27.37288455,15.06735215
27.559,56001.48235,0.03860980922,26.76575484,0.2676575484,26.76575484,14.73315875
27.686,56047.75294,0.03825112649,26.51710265,0.2651710265,26.51710265,14.59628863
27.813,56103.51176,0.0378192856,26.21773449,0.2621773449,26.21773449,14.43150199
27.94,56124.91765,0.03765361534,26.1028857,0.261028857,26.1028857,14.3682837
28.067,56186.60588,0.03717653405,25.77215522,0.2577215522,25.77215522,14.18623374
28.194,56296.49412,0.03632798224,25.18390756,0.2518390756,25.18390756,13.86243394
28.321,56346.62353,0.03594143526,24.91593883,0.2491593883,24.91593883,13.71493106
28.448,56518.47059,0.03461893094,23.99912968,0.2399912968,23.99912968,13.21027521
28.575,56548.81176,0.03438584838,23.83754819,0.2383754819,23.83754819,13.12133298
28.702,56673.92941,0.03342600718,23.17215059,0.2317215059,23.17215059,12.75506614
28.829,56733.98824,0.03296601782,22.85326887,0.2285326887,22.85326887,12.57953831
28.956,56697.38235,0.03324632358,23.04758724,0.2304758724,23.04758724,12.68650048
29.083,56779.73529,0.03261596858,22.61060172,0.2261060172,22.61060172,12.44596264
29.21,56916.77059,0.03156908151,21.8848607,0.218848607,21.8848607,12.04647987
29.337,57045.57059,0.03058740366,21.20432512,0.2120432512,21.20432512,11.67188036
29.464,57173.75294,0.02961263143,20.52857679,0.2052857679,20.52857679,11.29991598
29.591,57109.82353,0.03009851391,20.86540858,0.2086540858,20.86540858,11.4853244
29.718,57203.45882,0.02938704277,20.37219034,0.2037219034,20.37219034,11.21383336
29.845,57304.54706,0.02862024793,19.84061965,0.1984061965,19.84061965,10.92123129
29.972,57377.07059,0.02807096072,19.45983334,0.1945983334,19.45983334,10.71162819
30.099,57368.54118,0.02813552574,19.50459222,0.1950459222,19.50459222,10.73626562
30.226,57414.28824,0.02778934685,19.26460814,0.1926460814,19.26460814,10.60416685
30.353,57493.7,0.02718907359,18.8484764,0.188484764,18.8484764,10.37510792
30.48,57424.75882,0.02771015221,19.20970747,0.1920970747,19.20970747,10.57394688
30.607,57455.45294,0.02747807941,19.04882598,0.1904882598,19.04882598,10.48538997
30.734,57476.57059,0.02731848459,18.93818892,0.1893818892,18.93818892,10.42449001
30.861,57493.67647,0.02718925132,18.84859962,0.1884859962,18.84859962,10.37517575
30.988,57515.42353,0.02702500992,18.73474137,0.1873474137,18.73474137,10.31250269
31.115,57508.95294,0.02707387158,18.76861409,0.1876861409,18.76861409,10.33114787
31.242,57575.91176,0.02656850798,18.41827726,0.1841827726,18.41827726,10.13830562
31.369,57487.26471,0.02723768707,18.88217708,0.1888217708,18.88217708,10.3936584
31.496,57627.97647,0.02617596192,18.14614974,0.1814614974,18.14614974,9.988513551
31.623,57611.88235,0.02629726694,18.23024289,0.1823024289,18.23024289,10.03480246
31.75,57657.84118,0.02595095459,17.99016629,0.1799016629,17.99016629,9.90265276
31.877,57689.91765,0.0257094131,17.82272076,0.1782272076,17.82272076,9.810482683
32.004,57561.46471,0.02667749566,18.49383157,0.1849383157,18.49383157,10.17989435
32.131,57642.75882,0.02606457382,18.06893137,0.1806893137,18.06893137,9.946008844
32.258,57743.19412,0.02530852849,17.54481265,0.1754481265,17.54481265,9.657508694
32.385,57834.40588,0.02462305355,17.06961594,0.1706961594,17.06961594,9.395937571
32.512,57781.27647,0.0250222003,17.3463193,0.173463193,17.3463193,9.54824841
32.639,57799.9,0.02488224505,17.24929712,0.1724929712,17.24929712,9.494842736
32.766,57884.33529,0.0242482816,16.80981009,0.1680981009,16.80981009,9.252927937
32.893,57884.61765,0.02424616317,16.80834152,0.1680834152,16.80834152,9.252119562
33.02,57844.22941,0.02454929223,17.01848185,0.1701848185,17.01848185,9.367790908
33.147,57891.63529,0.02419351463,16.77184359,0.1677184359,16.77184359,9.232029348
33.274,57935.00588,0.0238682767,16.54637657,0.1654637657,16.54637657,9.107921459
33.401,57959.94706,0.02368135199,16.41679341,0.1641679341,16.41679341,9.036592656
33.528,58014.38235,0.02327365919,16.13416561,0.1613416561,16.13416561,8.88102072
33.655,57996.43529,0.02340803129,16.22731735,0.1622731735,16.22731735,8.932295915
33.782,57957.17647,0.02370211253,16.43118539,0.1643118539,16.43118539,9.044514693
33.909,57913.55882,0.02402907869,16.65785048,0.1665785048,16.65785048,9.169282061
34.036,58006.61765,0.02333178951,16.17446371,0.1617446371,16.17446371,8.903202731
34.163,57933.37059,0.02388053543,16.55487478,0.1655487478,16.55487478,9.112599279
34.29,57965.14118,0.02364243416,16.38981413,0.1638981413,16.38981413,9.021741958
34.417,58059.48824,0.02293612867,15.90017691,0.1590017691,15.90017691,8.752222086
34.544,58030.67647,0.02315169888,16.04961819,0.1604961819,16.04961819,8.834481755
34.671,58008.95294,0.02331430556,16.16234318,0.1616234318,16.16234318,8.896531011
34.798,58049.37059,0.02301181692,15.95264682,0.1595264682,15.95264682,8.781104047
34.925,58028.62941,0.02316701909,16.06023873,0.1606023873,16.06023873,8.84032781
35.052,58056.51176,0.02295839373,15.91561188,0.1591561188,15.91561188,8.760718233
35.179,58105.64118,0.02259103426,15.66094463,0.1566094463,15.66094463,8.620537135
35.306,58134.27059,0.02237710437,15.51264048,0.1551264048,15.51264048,8.538903397
35.433,58168.73529,0.02211971064,15.33420558,0.1533420558,15.33420558,8.440684248
35.56,58165.57647,0.02214329542,15.35055543,0.1535055543,15.35055543,8.44968399
35.687,58171.34706,0.02210021134,15.32068795,0.1532068795,15.32068795,8.433243489
35.814,58152.50588,0.0222408982,15.41821731,0.1541821731,15.41821731,8.486928342
35.941,58132.83529,0.02238782692,15.52007376,0.1552007376,15.52007376,8.542995029
36.068,58225.81176,0.02169378006,15.03893468,0.1503893468,15.03893468,8.27815294
36.195,58285.07647,0.02125196149,14.73264962,0.1473264962,14.73264962,8.109558916
36.322,58281.73529,0.02127685802,14.74990882,0.1474990882,14.74990882,8.119059209
36.449,58319.35294,0.0209966353,14.55564802,0.1455564802,14.55564802,8.012128718
36.576,58352.86471,0.02074715046,14.38269585,0.1438269585,14.38269585,7.916927528
36.703,58340.87647,0.02083638274,14.44455499,0.1444455499,14.44455499,7.950977771
36.83,58370.74706,0.02061408043,14.29044676,0.1429044676,14.29044676,7.866149192
36.957,58385.37059,0.02050529096,14.21502986,0.1421502986,14.21502986,7.8246361
37.084,58380.10588,0.02054445378,14.24217898,0.1424217898,14.24217898,7.839580283
37.211,58377.94118,0.02056055751,14.25334268,0.1425334268,14.25334268,7.845725322
37.338,58411.08824,0.02031403461,14.08244384,0.1408244384,14.08244384,7.751654382
37.465,58340.50588,0.02083914144,14.44646742,0.1444646742,14.44646742,7.952030467
37.592,58366.42353,0.02064624987,14.31274782,0.1431274782,14.31274782,7.878424765
37.719,58388.58824,0.02048135743,14.19843825,0.1419843825,14.19843825,7.81550328
37.846,58337.78235,0.02085941623,14.46052266,0.1446052266,14.46052266,7.959767145
37.973,58388.22941,0.02048402637,14.20028845,0.1420028845,14.20028845,7.816521723
38.1,58364.16471,0.02066305772,14.32439964,0.1432439964,14.32439964,7.884838487
38.227,58374.17059,0.02058860917,14.27278914,0.1427278914,14.27278914,7.856429587
38.354,58338.56471,0.02085359206,14.45648512,0.1445648512,14.45648512,7.957544693
38.481,58271.78824,0.02135098625,14.80129726,0.1480129726,14.80129726,8.147345877
38.608,58405.34118,0.02035676688,14.11206745,0.1411206745,14.11206745,7.767960637
38.735,58292.18235,0.02119901728,14.69594673,0.1469594673,14.69594673,8.089355877
38.862,58335.32353,0.02087772128,14.4732124,0.144732124,14.4732124,7.966752188
38.989,58356.59412,0.02071939499,14.36345473,0.1436345473,14.36345473,7.906336289
39.116,58368.77647,0.0206287424,14.30061098,0.1430061098,14.30061098,7.871744068
39.243,58342.10588,0.02082723099,14.43821065,0.1443821065,14.43821065,7.947485545
39.37,58399.14706,0.02040282797,14.14399871,0.1414399871,14.14399871,7.785537139
39.497,58313.47059,0.02104044241,14.58601673,0.1458601673,14.58601673,8.028845121
39.624,58381.35882,0.02053513315,14.23571757,0.1423571757,14.23571757,7.836023613
39.751,58404.90588,0.02036000368,14.11431132,0.1411431132,14.11431132,7.769195772
39.878,58368.13529,0.02063351312,14.30391822,0.1430391822,14.30391822,7.873564532
40.005,58385.48235,0.02050445961,14.21445353,0.1421445353,14.21445353,7.824318864
40.132,58395.68235,0.02042859457,14.16186107,0.1416186107,14.16186107,7.795369443
40.259,58381.64118,0.02053303275,14.2342615,0.142342615,14.2342615,7.83522212
40.386,58404.15294,0.02036560253,14.11819265,0.1411819265,14.11819265,7.771332243
40.513,58440.72353,0.02009374799,13.92973297,0.1392973297,13.92973297,7.667594975
40.64,58430.98235,0.02016614429,13.97992078,0.1397992078,13.97992078,7.695220755
40.767,58382.39412,0.02052743174,14.23037867,0.1423037867,14.23037867,7.833084825
40.894,58384.37647,0.02051268568,14.22015615,0.1422015615,14.22015615,7.82745786
41.021,58374.33529,0.02058738379,14.27193966,0.1427193966,14.27193966,7.855961992
41.148,58329.95882,0.02091766225,14.50090096,0.1450090096,14.50090096,7.981993306
41.275,58394.09412,0.02044040659,14.1700496,0.141700496,14.1700496,7.799876806
41.402,58395.51176,0.02042986325,14.16274057,0.1416274057,14.16274057,7.795853561
41.529,58429.45294,0.02017751195,13.98780126,0.1398780126,13.98780126,7.699558555
41.656,58408.25294,0.02033511592,14.09705819,0.1409705819,14.09705819,7.759698823
41.783,58407.70588,0.02033918359,14.09987806,0.1409987806,14.09987806,7.761251012
41.91,58437.92941,0.0201145126,13.94412777,0.1394412777,13.94412777,7.675518566
42.037,58375.47059,0.02057893749,14.26608437,0.1426608437,14.26608437,7.852738959
42.164,58429.97059,0.0201736644,13.985134,0.13985134,13.985134,7.698090364
42.291,58339.11765,0.02084947577,14.45363156,0.1445363156,14.45363156,7.955973955
42.418,58381.78824,0.0205319388,14.23350313,0.1423350313,14.23350313,7.834804677
42.545,58377.04706,0.02056720922,14.2579539,0.142579539,14.2579539,7.848263556
42.672,58374.42941,0.02058668357,14.27145424,0.1427145424,14.27145424,7.855694795
42.799,58378.17059,0.02055885083,14.25215955,0.1425215955,14.25215955,7.84507407
42.926,58388.18824,0.02048433264,14.20050077,0.1420050077,14.20050077,7.816638594
43.053,58385.32353,0.020505641,14.21527252,0.1421527252,14.21527252,7.824769674
43.18,58378.48824,0.02055648776,14.25052138,0.1425052138,14.25052138,7.844172342
43.307,58364.91176,0.0206574988,14.32054599,0.1432054599,14.32054599,7.882717255
43.434,58394.42941,0.02043791292,14.16832089,0.1416832089,14.16832089,7.798925241
43.561,58378.17647,0.02055880707,14.25212921,0.1425212921,14.25212921,7.845057372
43.688,58394.92941,0.0204341943,14.16574301,0.1416574301,14.16574301,7.797506251
43.815,58397.96471,0.02041162082,14.15009423,0.1415009423,14.15009423,7.78889241
43.942,58384.77647,0.02050971027,14.21809349,0.1421809349,14.21809349,7.826322471
44.069,58406.08824,0.02035121189,14.10821652,0.1410821652,14.10821652,7.7658409
44.196,58386.1,0.02049986533,14.21126861,0.1421126861,14.21126861,7.822565728
44.323,58391.65882,0.02045851899,14.18260579,0.1418260579,14.18260579,7.806788334
44.45,58403.61765,0.02036958301,14.12095206,0.1412095206,14.12095206,7.772851158
44.577,58448.64706,0.02003486933,13.88891609,0.1388891609,13.88891609,7.645127402
44.704,58448.27647,0.02003762294,13.890825,0.13890825,13.890825,7.646178156
44.831,58452.98824,0.02000261402,13.86655552,0.1386655552,13.86655552,7.632819065
44.958,58498.51176,0.01966451458,13.63217242,0.1363217242,13.63217242,7.503803333
45.085,58525.18235,0.01946655655,13.49494056,0.1349494056,13.49494056,7.428264318
45.212,58455.93529,0.01998071849,13.85137672,0.1385137672,13.85137672,7.624463926
45.339,58553.87647,0.01925367993,13.34736657,0.1334736657,13.34736657,7.347032498
45.466,58447.12941,0.02004614614,13.8967336,0.138967336,13.8967336,7.649430532
45.593,58499.82941,0.01965473244,13.62539108,0.1362539108,13.62539108,7.500070557
45.72,58498.47647,0.0196647766,13.63235406,0.1363235406,13.63235406,7.503903319
45.847,58550.06471,0.01928195274,13.36696633,0.1336696633,13.36696633,7.357821148
45.974,58506.28235,0.01960682936,13.59218288,0.1359218288,13.59218288,7.481791168
46.101,58504.55294,0.01961966704,13.60108244,0.1360108244,13.60108244,7.486689913
46.228,58496.11176,0.0196823326,13.64452454,0.1364452454,13.64452454,7.510602534
46.355,58520.05882,0.0195045781,13.52129851,0.1352129851,13.52129851,7.442773001
46.482,58571.56471,0.01912250599,13.25643192,0.1325643192,13.25643192,7.296977691
46.609,58581.47059,0.01904906239,13.20551809,0.1320551809,13.20551809,7.268952271
46.736,58605.98235,0.01886738212,13.07957057,0.1307957057,13.07957057,7.199624699
46.863,58692.88235,0.01822389426,12.63348087,0.1263348087,12.63348087,6.954075474
46.99,58734.81176,0.01791375085,12.41847793,0.1241847793,12.41847793,6.835727514
47.117,58746.36471,0.01782833498,12.35926447,0.1235926447,12.35926447,6.803133579
47.244,58618.56471,0.01877415171,13.01493978,0.1301493978,13.01493978,7.164048805
47.371,58665.74118,0.01842477023,12.77273556,0.1277273556,12.77273556,7.03072795
47.498,58682.23529,0.01830268369,12.68810063,0.1268810063,12.68810063,6.984140815
47.625,58735.91176,0.01790561735,12.41283949,0.1241283949,12.41283949,6.832623844
47.752,58760.45294,0.01772419731,12.28707237,0.1228707237,12.28707237,6.763395575
47.879,58547.64118,0.01929992961,13.37942857,0.1337942857,13.37942857,7.364680963
48.006,58735.45882,0.01790896642,12.41516118,0.1241516118,12.41516118,6.833901819
48.133,58780.57647,0.01757549115,12.18398373,0.1218398373,12.18398373,6.706650629
48.26,58722.65294,0.01800366442,12.48080936,0.1248080936,12.48080936,6.870037731
48.387,58683.28824,0.01829489117,12.68269856,0.1268269856,12.68269856,6.981167259
48.514,58930.4,0.01646994315,11.41757676,0.1141757676,11.41757676,6.284783375
48.641,59039.85882,0.01566402177,10.85888211,0.1085888211,10.85888211,5.977250968
48.768,58970.2,0.01617673139,11.21431148,0.1121431148,11.21431148,6.172896385
48.895,58748.35294,0.01781363679,12.34907514,0.1234907514,12.34907514,6.797524883
49.022,58843.17647,0.01711322334,11.8635225,0.118635225,11.8635225,6.530253358
49.149,58763.35882,0.01770272067,12.27218396,0.1227218396,12.27218396,6.755200278
49.276,58799.13529,0.01743839275,12.08894203,0.1208894203,12.08894203,6.654335106
49.403,58869.06471,0.01692219617,11.73109537,0.1173109537,11.73109537,6.457359096
49.53,58851.37647,0.01705270712,11.82157041,0.1182157041,11.82157041,6.507160908
49.657,58862.7,0.01696915303,11.76364761,0.1176364761,11.76364761,6.475277412
49.784,58807.35294,0.01737770089,12.04686817,0.1204686817,12.04686817,6.63117563
49.911,58711.45882,0.01808646053,12.53820669,0.1253820669,12.53820669,6.901631986
50.038,58767.87647,0.01766933398,12.24903907,0.1224903907,12.24903907,6.742460217
50.165,58785.45294,0.01753946332,12.1590079,0.121590079,12.1590079,6.692902732
50.292,58807.3,0.01737809186,12.0471392,0.120471392,12.0471392,6.631324822
50.419,58858.15882,0.01700265954,11.78687557,0.1178687557,11.78687557,6.4880632
50.546,58951.56471,0.01631399537,11.30946797,0.1130946797,11.30946797,6.225275096
50.673,58927.14118,0.01649396009,11.4342262,0.114342262,11.4342262,6.293948028
50.8,58904.14706,0.01666346038,11.5517301,0.115517301,11.5517301,6.358627825
50.927,58986.24706,0.01605856661,11.13239525,0.1113239525,11.13239525,6.127805757
51.054,59011.59412,0.01587198543,11.00305025,0.1100305025,11.00305025,6.056608045
51.181,58979.85882,0.01610560343,11.16500293,0.1116500293,11.16500293,6.145754588
51.308,58947.73529,0.01634220746,11.32902563,0.1132902563,11.32902563,6.236040575
51.435,58977.32941,0.01612422899,11.17791486,0.1117791486,11.17791486,6.152861937
51.562,59016.33529,0.01583709425,10.97886239,0.1097886239,10.97886239,6.043293882
51.689,59047.91765,0.01560474548,10.81778958,0.1081778958,10.81778958,5.954631665
51.816,59022.74118,0.01578995665,10.94618485,0.1094618485,10.94618485,6.025306595
51.943,59044.01765,0.01563343073,10.83767527,0.1083767527,10.83767527,5.965577701
52.07,58973.06471,0.01615563437,11.19968623,0.1119968623,11.19968623,6.164845948
52.197,58945.62353,0.01635776605,11.33981143,0.1133981143,11.33981143,6.241977597
52.324,58996.85882,0.01598044303,11.07823709,0.1107823709,11.07823709,6.097994498
52.451,58932.94706,0.01645117271,11.40456439,0.1140456439,11.40456439,6.277620742
52.578,58902.72353,0.01667395605,11.55900609,0.1155900609,11.55900609,6.362632878
52.705,58787.10588,0.01752725191,12.1505425,0.121505425,12.1505425,6.688242967
52.832,58817.31765,0.0173041174,11.99585736,0.1199585736,11.99585736,6.603096827
52.959,58855.71765,0.01702067253,11.79936284,0.1179936284,11.79936284,6.494936796
53.086,58775.97059,0.01760952259,12.20757559,0.1220757559,12.20757559,6.719636723
53.213,58786.05882,0.01753498721,12.1559049,0.121559049,12.1559049,6.691194689
53.34,58834.21176,0.01717939276,11.9093936,0.119093936,11.9093936,6.555503019
53.467,58896.24118,0.01672175358,11.59214112,0.1159214112,11.59214112,6.380871992
53.594,58839.84118,0.01713784031,11.8805879,0.118805879,11.8805879,6.539646975
53.721,58810.5,0.01735446036,12.03075697,0.1203075697,12.03075697,6.622307253
53.848,58770.22353,0.01765198957,12.23701528,0.1223701528,12.23701528,6.735841744
53.975,58818.88235,0.0172925641,11.98784818,0.1198784818,11.98784818,6.598688191
54.102,58819.88235,0.01728518057,11.98272965,0.1198272965,11.98272965,6.595870703
54.229,58659.42353,0.01847154143,12.80515909,0.1280515909,12.80515909,7.048575422
54.356,58688.52941,0.01825610479,12.6558104,0.126558104,12.6558104,6.966366722
54.483,58724.91176,0.01798695919,12.46922867,0.1246922867,12.46922867,6.863663162
54.61,58732.44706,0.01793123621,12.43059943,0.1243059943,12.43059943,6.842399772
54.737,58772.27647,0.01763681921,12.22649862,0.1222649862,12.22649862,6.73005287
54.864,58747.11176,0.01782281223,12.35543589,0.1235543589,12.35543589,6.801026147
54.991,58691.41765,0.0182347324,12.64099427,0.1264099427,12.64099427,6.958211211
55.118,58740.34118,0.01787286743,12.39013602,0.1239013602,12.39013602,6.820126766
55.245,58715.38235,0.01805743876,12.51808773,0.1251808773,12.51808773,6.890557539
55.372,58735.34118,0.01790983631,12.41576423,0.1241576423,12.41576423,6.834233762
55.499,58688.39412,0.01825710596,12.65650445,0.1265650445,12.65650445,6.966748762
55.626,58691.97647,0.01823059734,12.63812769,0.1263812769,12.63812769,6.956633307
55.753,58682.89412,0.0182978079,12.68472055,0.1268472055,12.68472055,6.98228026
55.88,58768.72941,0.01766303079,12.24466946,0.1224466946,12.24466946,6.740054977
56.007,58762.03529,0.01771250241,12.27896503,0.1227896503,12.27896503,6.758932904
56.134,58789.63529,0.01750856608,12.13758878,0.1213758878,12.13758878,6.681112621
56.261,58778.5,0.01759083322,12.19461942,0.1219461942,12.19461942,6.712505026
56.388,58783.04706,0.01755723783,12.17132985,0.1217132985,12.17132985,6.699685327
56.515,58731.44118,0.01793867423,12.43575574,0.1243575574,12.43575574,6.845238053
56.642,58762.13529,0.01771176333,12.27845267,0.1227845267,12.27845267,6.75865088
56.769,58798.61765,0.01744221615,12.09159255,0.1209159255,12.09159255,6.655794079
56.896,58792.25882,0.01748918581,12.12415366,0.1212415366,12.12415366,6.673717283
57.023,58737.77647,0.0178918299,12.40328151,0.1240328151,12.40328151,6.827362675
57.15,58706.51176,0.01812305595,12.563576,0.12563576,12.563576,6.915596474
57.277,58780.62941,0.0175751,12.18371257,0.1218371257,12.18371257,6.706501369
57.404,58752.98824,0.01777937195,12.32532148,0.1232532148,12.32532148,6.784449723
57.531,58715.98235,0.01805300082,12.51501118,0.1251501118,12.51501118,6.88886406
57.658,58720.28235,0.01802119691,12.49296353,0.1249296353,12.49296353,6.876727971
57.785,58724.22941,0.01799200549,12.47272695,0.1247272695,12.47272695,6.865588787
57.912,58744.74706,0.01784029393,12.36755486,0.1236755486,12.36755486,6.807697008
58.039,58783.01765,0.01755745513,12.17148049,0.1217148049,12.17148049,6.699768246
58.166,58756.49412,0.01775345769,12.30735675,0.1230735675,12.30735675,6.774561075
58.293,58740.07059,0.01787486802,12.3915229,0.123915229,12.3915229,6.820890173
58.42,58757.6,0.01774528372,12.30169025,0.1230169025,12.30169025,6.771441959
58.547,58836.55294,0.01716211132,11.89741347,0.1189741347,11.89741347,6.548908576
58.674,58827.92941,0.01722576947,11.94154366,0.1194154366,11.94154366,6.573199956
58.801,58791.64706,0.0174937049,12.12728646,0.1212728646,12.12728646,6.675441727
58.928,58777.86471,0.01759552721,12.19787348,0.1219787348,12.19787348,6.714296214
59.055,58766.37059,0.01768046259,12.25675383,0.1225675383,12.25675383,6.746706795
59.182,58777.26471,0.01759996048,12.20094678,0.1220094678,12.20094678,6.715987909
59.309,58819.37059,0.01728895918,11.98534912,0.1198534912,11.98534912,6.597312588
59.436,58831.24706,0.01720127778,11.92456511,0.1192456511,11.92456511,6.563854147
59.563,58778.70588,0.01758931202,12.19356487,0.1219356487,12.19356487,6.711924552
59.69,58834.27059,0.01717895855,11.90909259,0.1190909259,11.90909259,6.555337326
59.817,58880.96471,0.01683441523,11.67024236,0.1167024236,11.67024236,6.423862671
59.944,58773.27059,0.01762947329,12.22140616,0.1222140616,12.22140616,6.727249734
60.071,58825.06471,0.01724691854,11.95620498,0.1195620498,11.95620498,6.581270254
60.198,58823.12941,0.01726120669,11.96611006,0.1196611006,11.96611006,6.586722484
60.325,58854,0.01703334718,11.80814938,0.1180814938,11.80814938,6.499773329
60.452,58767.05882,0.01767537643,12.25322792,0.1225322792,12.25322792,6.744765963
60.579,58837.60588,0.01715433924,11.89202557,0.1189202557,11.89202557,6.545942819
60.706,58812.22941,0.01734168946,12.02190371,0.1202190371,12.02190371,6.617433992
60.833,58823.6,0.01725773233,11.9637015,0.119637015,11.9637015,6.585396697
60.96,58770.08824,0.01765298935,12.23770836,0.1223770836,12.23770836,6.736223252
61.087,58803.22353,0.01740819782,12.06800977,0.1206800977,12.06800977,6.642812986
61.214,58802.89412,0.01741063071,12.06969635,0.1206969635,12.06969635,6.643741358
61.341,58758.42353,0.01773919681,12.29747058,0.1229747058,12.29747058,6.769119251
61.468,58882.92353,0.01681996757,11.6602267,0.116602267,11.6602267,6.418349573
61.595,58921.68235,0.01653419362,11.46211758,0.1146211758,11.46211758,6.309300783
61.722,58854.74118,0.01702787794,11.8043579,0.118043579,11.8043579,6.497686314
61.849,58844.01176,0.01710705846,11.85924878,0.1185924878,11.85924878,6.527900895
61.976,58813.10588,0.01733521728,12.01741695,0.1201741695,12.01741695,6.614964265
62.103,58801.28235,0.01742253472,12.07794865,0.1207794865,12.07794865,6.648283821
62.23,58839.46471,0.01714061904,11.88251422,0.1188251422,11.88251422,6.540707311
62.357,58761.14706,0.01771906717,12.28351596,0.1228351596,12.28351596,6.761437957
62.484,58769.08235,0.0176604226,12.24286137,0.1224286137,12.24286137,6.739059715
62.611,58856.53529,0.01701463918,11.7951803,0.117951803,11.7951803,6.492634523
62.738,58812.04706,0.01734303604,12.02283721,0.1202283721,12.02283721,6.617947833
62.865,58813.84118,0.01732978767,12.01365295,0.1201365295,12.01365295,6.612892374
62.992,58810.12353,0.01735724047,12.03268425,0.1203268425,12.03268425,6.623368118
63.119,58739.08824,0.0178821311,12.39655794,0.1239655794,12.39655794,6.823661701
63.246,58782.27059,0.01756297451,12.17530673,0.1217530673,12.17530673,6.701874391
63.373,58886.71765,0.01679198473,11.64082796,0.1164082796,11.64082796,6.407671572
63.5,58734.75882,0.01791414231,12.4187493,0.124187493,12.4187493,6.83587689
63.627,58582.31765,0.01904278276,13.20116481,0.1320116481,13.20116481,7.266556018
63.754,58641.74118,0.01860247531,12.89592732,0.1289592732,12.89592732,7.098538623
63.881,58614.66471,0.01880304707,13.03497112,0.1303497112,13.03497112,7.175075018
64.008,58657.47647,0.01848595703,12.81515252,0.1281515252,12.81515252,7.054076288
64.135,58610.40588,0.01883460318,13.05684699,0.1305684699,13.05684699,7.187116548
64.262,58678.31176,0.01833172185,12.70823096,0.1270823096,12.70823096,6.995221518
64.389,58662.03529,0.01845220524,12.79175452,0.1279175452,12.79175452,7.041196905
64.516,58659.95294,0.01846762186,12.8024419,0.128024419,12.8024419,7.04707975
64.643,58669.34118,0.01839812074,12.75426114,0.1275426114,12.75426114,7.020558742
64.77,58617.67059,0.01878077611,13.01953207,0.1301953207,13.01953207,7.16657662
64.897,58613.59412,0.01881097947,13.04047015,0.1304047015,13.04047015,7.17810195
65.024,58656.74118,0.01849140111,12.81892656,0.1281892656,12.81892656,7.056153701
65.151,58597.92353,0.01892710543,13.12097299,0.1312097299,13.12097299,7.222414581
65.278,58647.4,0.01856056869,12.86687609,0.1286687609,12.86687609,7.08254743
65.405,58689.18235,0.01825127306,12.65246087,0.1265246087,12.65246087,6.964522977
65.532,58763.12941,0.01770441615,12.27335933,0.1227335933,12.27335933,6.755847261
65.659,58769.92353,0.01765420648,12.23855213,0.1223855213,12.23855213,6.736687699
65.786,58843.39412,0.01711161699,11.86240892,0.1186240892,11.86240892,6.529640389
65.913,58828.85882,0.01721890818,11.93678716,0.1193678716,11.93678716,6.57058175
66.04,58800.94118,0.01742505459,12.07969551,0.1207969551,12.07969551,6.64924538
66.167,58837.92941,0.0171519512,11.89037009,0.1189037009,11.89037009,6.545031564
66.294,58869.09412,0.01692197919,11.73094495,0.1173094495,11.73094495,6.457276298
66.421,58765.45294,0.01768724423,12.26145512,0.1226145512,12.26145512,6.749294607
66.548,58792.28824,0.01748896855,12.12400305,0.1212400305,12.12400305,6.673634378
66.675,58810.24706,0.01735632825,12.03205186,0.1203205186,12.03205186,6.623020021
66.802,58920.5,0.01654290849,11.46815905,0.1146815905,11.46815905,6.312626297
66.929,58834.65882,0.01717609273,11.9071059,0.119071059,11.9071059,6.554243758
67.056,58841.27647,0.01712724659,11.87324394,0.1187324394,11.87324394,6.535604507
67.183,58701.95294,0.01815678217,12.58695627,0.1258695627,12.58695627,6.928466099
67.31,58678.47647,0.01833050282,12.70738588,0.1270738588,12.70738588,6.994756346
67.437,58773.76471,0.01762582211,12.21887503,0.1221887503,12.21887503,6.725856477
67.564,58743.84706,0.0178469476,12.37216743,0.1237216743,12.37216743,6.810235988
67.691,58766.6,0.0176787672,12.25557853,0.1225557853,12.25557853,6.746059849
67.818,58727.86471,0.01796512154,12.45409,0.1245409,12.45409,6.855330111
67.945,58746.77059,0.01782533442,12.35718437,0.1235718437,12.35718437,6.801988593
68.072,58727.84706,0.01796525204,12.45418047,0.1245418047,12.45418047,6.855379909
68.199,58772.41176,0.01763581946,12.22580556,0.1222580556,12.22580556,6.729671375
68.326,58709.01765,0.01810451853,12.55072517,0.1255072517,12.55072517,6.908522757
68.453,58602.48824,0.01889327574,13.09752099,0.1309752099,13.09752099,7.209505475
68.58,58668.92353,0.01840121234,12.75640435,0.1275640435,12.75640435,7.021738471
68.707,58583.34706,0.01903515138,13.19587445,0.1319587445,13.19587445,7.263643951
68.834,58700.32353,0.01816883721,12.59531328,0.1259531328,12.59531328,6.933066194
68.961,58650.65294,0.01853648074,12.85017744,0.1285017744,12.85017744,7.073355686
69.088,58708.9,0.01810538881,12.55132848,0.1255132848,12.55132848,6.90885485
69.215,58586.21765,0.01901387144,13.18112241,0.1318112241,13.18112241,7.255523716
69.342,58672.05882,0.01837800407,12.74031551,0.1274031551,12.74031551,7.0128824
69.469,58739.40588,0.01787978255,12.39492984,0.1239492984,12.39492984,6.822765513
69.596,58731.75882,0.01793632537,12.43412742,0.1243412742,12.43412742,6.844341748
69.723,58670.22353,0.01839158925,12.74973327,0.1274973327,12.74973327,7.018066384
69.85,58698.60588,0.01818154541,12.60412307,0.1260412307,12.60412307,6.937915531
69.977,58741.43529,0.01786477819,12.38452826,0.1238452826,12.38452826,6.817039983
70.104,58702.08824,0.01815578123,12.58626238,0.1258626238,12.58626238,6.928084147
70.231,58737,0.01789757099,12.40726145,0.1240726145,12.40726145,6.829553426
70.358,58741.76471,0.01786234275,12.38283992,0.1238283992,12.38283992,6.816110641
70.485,58693.33529,0.01822054277,12.63115749,0.1263115749,12.63115749,6.952796572
70.612,58756.31765,0.01775476206,12.30826099,0.1230826099,12.30826099,6.775058811
70.739,58783.3,0.01755536908,12.17003437,0.1217003437,12.17003437,6.69897223
70.866,58690.01765,0.018245092,12.64817593,0.1264817593,12.64817593,6.962164342
70.993,58752.88235,0.01778015462,12.32586405,0.1232586405,12.32586405,6.784748383
71.12,58652.02941,0.01852628842,12.84311174,0.1284311174,12.84311174,7.069466385
71.247,58695.13529,0.01820722408,12.62192448,0.1262192448,12.62192448,6.947714281
71.374,58705.57647,0.01812997505,12.56837258,0.1256837258,12.56837258,6.918236741
71.501,58723.06471,0.01800061915,12.47869826,0.1247869826,12.47869826,6.868875682
71.628,58649.59412,0.01854432116,12.8556127,0.128556127,12.8556127,7.076347518
71.755,58635.71176,0.01864713078,12.92688416,0.1292688416,12.92688416,7.115578755
71.882,58656.13529,0.01849588709,12.82203641,0.1282203641,12.82203641,7.05786551
72.009,58640.16471,0.01861415064,12.90402109,0.1290402109,12.90402109,7.102993825
72.136,58655.35294,0.01850167973,12.82605208,0.1282605208,12.82605208,7.060075929
72.263,58640.20588,0.01861384568,12.90380969,0.1290380969,12.90380969,7.102877456
72.39,58698.74118,0.01818054441,12.60342914,0.1260342914,12.60342914,6.937533557
72.517,58629.41176,0.01869379522,12.95923368,0.1295923368,12.95923368,7.133385486
72.644,58634.04118,0.01865950443,12.93546203,0.1293546203,12.93546203,7.120300428
72.771,58640.84706,0.0186090971,12.90051779,0.1290051779,12.90051779,7.101065439
72.898,58611.83529,0.01882401158,13.0495045,0.130495045,13.0495045,7.183074887
73.025,58683.31765,0.0182946735,12.68254767,0.1268254767,12.68254767,6.9810842
73.152,58560.65882,0.01920337809,13.31249546,0.1331249546,13.31249546,7.327837764
73.279,58555.79412,0.01923945696,13.33750668,0.1333750668,13.33750668,7.341605141
73.406,58572.43529,0.01911605083,13.25195696,0.1325195696,13.25195696,7.29451446
73.533,58539.33529,0.01936154533,13.42214287,0.1342214287,13.42214287,7.388192971
73.66,58565.71176,0.01916590635,13.28651866,0.1328651866,13.28651866,7.313538882
73.787,58533.17647,0.01940723911,13.4538195,0.134538195,13.4538195,7.405629311
73.914,58512.94118,0.01955740345,13.55791901,0.1355791901,13.55791901,7.462930685
74.041,58471.84118,0.01986256287,13.76946686,0.1376946686,13.76946686,7.579376796
74.168,58543.84706,0.01932807452,13.39893966,0.1339893966,13.39893966,7.375420808
74.295,58593.34118,0.01896106855,13.14451748,0.1314451748,13.14451748,7.235374605
74.422,58545.67059,0.01931454728,13.38956208,0.1338956208,13.38956208,7.370258935
74.549,58541.55882,0.01934504961,13.41070743,0.1341070743,13.41070743,7.381898353
74.676,58498.83529,0.01966211269,13.63050734,0.1363050734,13.63050734,7.502886795
74.803,58529.50588,0.01943447437,13.4727,0.134727,13.4727,7.416022043
74.93,58522.85294,0.01948384263,13.50692391,0.1350692391,13.50692391,7.434860531
75.057,58452.43529,0.02000672229,13.86940352,0.1386940352,13.86940352,7.634386743
75.184,58417.87647,0.02026356607,14.04745718,0.1404745718,14.04745718,7.732396041
75.311,58503.08235,0.01963058373,13.6086503,0.136086503,13.6086503,7.490855627
75.438,58461.1,0.01994234935,13.82477781,0.1382477781,13.82477781,7.609822603
75.565,58470.12353,0.01987532073,13.77831108,0.1377831108,13.77831108,7.584245081
75.692,58373.39412,0.02059438603,14.27679387,0.1427679387,14.27679387,7.858633984
75.819,58396.49412,0.02042255744,14.1576759,0.141576759,14.1576759,7.793065727
75.946,58366.43529,0.02064616234,14.31268713,0.1431268713,14.31268713,7.878391361
76.073,58355.24706,0.02072942003,14.37040446,0.1437040446,14.37040446,7.910161753
76.2,58343.38235,0.02081772914,14.43162362,0.1443162362,14.43162362,7.943859723
76.327,58434.75294,0.02013811989,13.96049323,0.1396049323,13.96049323,7.684526897
76.454,58402.34706,0.02037903132,14.12750198,0.1412750198,14.12750198,7.776456548
76.581,58418.98824,0.02025530099,14.04172752,0.1404172752,14.04172752,7.729242158
76.708,58343.04118,0.02082026879,14.43338419,0.1443338419,14.43338419,7.944828829
76.835,58284.93529,0.02125301343,14.73337887,0.1473337887,14.73337887,8.109960325
76.962,58293.35294,0.02119029613,14.6899009,0.146899009,14.6899009,8.086027964
77.089,58239.32941,0.02159296639,14.96904689,0.1496904689,14.96904689,8.23968334
77.216,58250.72353,0.02150800802,14.91015059,0.1491015059,14.91015059,8.207263985
77.343,58259.61765,0.02144170204,14.86418482,0.1486418482,14.86418482,8.181962214
77.47,58355.42941,0.02072806291,14.36946365,0.1436946365,14.36946365,7.90964389
77.597,58378.88235,0.02055355581,14.24848885,0.1424848885,14.24848885,7.843053538
77.724,58266.81176,0.02138807702,14.82700997,0.1482700997,14.82700997,8.161499388
77.851,58254.47059,0.02148007232,14.89078453,0.1489078453,14.89078453,8.196603971
77.978,58245.2,0.02154919123,14.93870033,0.1493870033,14.93870033,8.222979132
78.105,58250.44706,0.02151006928,14.91157953,0.1491157953,14.91157953,8.208050543
78.232,58199.44118,0.02189051747,15.17532036,0.1517532036,15.17532036,8.353226179
78.359,58182.10588,0.02201989576,15.2650102,0.152650102,15.2650102,8.402595779
78.486,58172.15294,0.02209419484,15.31651709,0.1531651709,15.31651709,8.430947647
78.613,58201.97059,0.02187164296,15.16223585,0.1516223585,15.16223585,8.346023836
78.74,58175.07059,0.02207241318,15.30141723,0.1530141723,15.30141723,8.422635959
78.867,58241.04118,0.02158020183,14.96019803,0.1496019803,14.96019803,8.2348125
78.994,58129.14118,0.02241542554,15.53920615,0.1553920615,15.53920615,8.553526416
79.121,58105.15882,0.02259463948,15.66344391,0.1566344391,15.66344391,8.621912858
79.248,58099.22941,0.02263895986,15.69416844,0.1569416844,15.69416844,8.638825116
79.375,58093.82353,0.02267937096,15.72218292,0.1572218292,15.72218292,8.654245634
79.502,58126.43529,0.0224356422,15.55322109,0.1555322109,15.55322109,8.561240913
79.629,58135.98824,0.0223642728,15.50374517,0.1550374517,15.50374517,8.534006987
79.756,58087.54706,0.02272629478,15.75471225,0.1575471225,15.75471225,8.672151343
79.883,57918.31765,0.02399339368,16.63311231,0.1663311231,16.63311231,9.15566498
80.01,58014.32941,0.02327405551,16.13444035,0.1613444035,16.13444035,8.881171951
80.137,58006.96471,0.02332919109,16.17266239,0.1617266239,16.17266239,8.902211199
80.264,57980.09412,0.0235304161,16.31215905,0.1631215905,16.31215905,8.978996867
80.391,57937.42353,0.02385015383,16.53381312,0.1653381312,16.53381312,9.101005932
80.518,57907.45294,0.02407486919,16.68959416,0.1668959416,16.68959416,9.186755307
80.645,57844.94118,0.02454394833,17.01477726,0.1701477726,17.01477726,9.365751725
80.772,57874.7,0.02432057928,16.85992953,0.1685992953,16.85992953,9.280516088
80.899,57898.80588,0.02413972526,16.73455481,0.1673455481,16.73455481,9.211503808
81.026,57900.57059,0.02412648854,16.72537862,0.1672537862,16.72537862,9.206452794
81.153,57825.05882,0.02469324886,17.11827794,0.1711827794,17.11827794,9.422723476
81.28,57828.85882,0.02466470994,17.0984937,0.170984937,17.0984937,9.411833278
81.407,57842.93529,0.02455900857,17.02521758,0.1702521758,17.02521758,9.371498578
81.534,57722.98824,0.0254605263,17.65018318,0.1765018318,17.65018318,9.715509701
81.661,57728.37059,0.0254200326,17.62211144,0.1762211144,17.62211144,9.700057667
81.788,57710.08235,0.02555763805,17.71750465,0.1771750465,17.71750465,9.752566677
81.915,57686.95882,0.02573168794,17.8381625,0.178381625,17.8381625,9.818982564
82.042,57723.73529,0.02545490564,17.64628673,0.1764628673,17.64628673,9.713364906
82.169,57789.63529,0.02495937842,17.30276884,0.1730276884,17.30276884,9.524276142
82.296,57744.19412,0.02530100742,17.53959876,0.1753959876,17.53959876,9.65463872
82.423,57676.34118,0.02581162993,17.89358126,0.1789358126,17.89358126,9.849487712
82.55,57679.54118,0.02578753506,17.8768778,0.178768778,17.8768778,9.840293325
82.677,57656.72353,0.02595937309,17.99600231,0.1799600231,17.99600231,9.905865185
82.804,57623.73529,0.02620792534,18.16830797,0.1816830797,18.16830797,10.00071051
82.931,57629.75294,0.02616257434,18.13686897,0.1813686897,18.13686897,9.983404968
83.058,57506.28824,0.0270939953,18.7825646,0.187825646,18.7825646,10.3388269
83.185,57357.27059,0.02822085535,19.56374587,0.1956374587,19.56374587,10.76882664
83.312,57501.01176,0.02713384567,18.81019036,0.1881019036,18.81019036,10.35403344
83.439,57496.68824,0.02716650172,18.83282874,0.1883282874,18.83282874,10.3664947
83.566,57493.04706,0.02719400579,18.85189559,0.1885189559,18.85189559,10.37699001
83.693,57532.95882,0.02689262246,18.64296547,0.1864296547,18.64296547,10.26198482
83.82,57478.93529,0.02730061718,18.92580257,0.1892580257,18.92580257,10.41767196
83.947,57454.19412,0.02748759471,19.05542234,0.1905542234,19.05542234,10.48902092
84.074,57516.72353,0.02701519384,18.7279365,0.187279365,18.7279365,10.30875696
84.201,57471.11176,0.02735973356,18.96678424,0.1896678424,18.96678424,10.44023025
84.328,57396.65882,0.02792272013,19.35706746,0.1935706746,19.35706746,10.6550609
84.455,57405.40588,0.02785654015,19.31118903,0.1931118903,19.31118903,10.62980721
84.582,57432.03529,0.02765512488,19.17156049,0.1917156049,19.17156049,10.55294894
84.709,57357.27647,0.02822081081,19.563715,0.19563715,19.563715,10.76880965
84.836,57293.36471,0.028705004,19.89937571,0.1989937571,19.89937571,10.95357345
84.963,57369.11176,0.02813120627,19.5015978,0.195015978,19.5015978,10.73461735
85.09,57315.84706,0.02853461696,19.78125708,0.1978125708,19.78125708,10.88855527
85.217,57310.5,0.02857513467,19.80934546,0.1980934546,19.80934546,10.90401647
85.344,57256.36471,0.02898556156,20.09386864,0.2009386864,20.09386864,11.06063171
85.471,57291.79412,0.02871690952,19.90762906,0.1990762906,19.90762906,10.95811648
85.598,57212.17647,0.02932086255,20.32631175,0.2032631175,20.32631175,11.18857958
85.725,57169.91765,0.02964176548,20.54877359,0.2054877359,20.54877359,11.31103327
85.852,57167.83529,0.02965758448,20.55973991,0.2055973991,20.55973991,11.31706966
85.979,57133.84706,0.02991586421,20.73878901,0.2073878901,20.73878901,11.4156269
86.106,57074.41765,0.03036784319,21.05211765,0.2105211765,21.05211765,11.58809805
86.233,57107.10588,0.03011918089,20.87973569,0.2087973569,20.87973569,11.49321073
86.36,57090.67059,0.03024418783,20.96639515,0.2096639515,20.96639515,11.54091227
86.487,57047.57647,0.03057213291,21.19373887,0.2119373887,21.19373887,11.66605318
86.614,56992.00588,0.03099538949,21.48715607,0.2148715607,21.48715607,11.82756412
86.741,57026.30588,0.03073409285,21.30601552,0.2130601552,21.30601552,11.72785565
86.868,57118.96471,0.03002900495,20.81722238,0.2081722238,20.81722238,11.4588004
86.995,57166.22353,0.02966982896,20.56822824,0.2056822824,20.56822824,11.32174204
87.122,57090.41176,0.03024615673,20.96776007,0.2096776007,20.96776007,11.54166358
87.249,56936.90588,0.03141546948,21.77837113,0.2177837113,21.77837113,11.98786289
87.376,56880.6,0.03184516324,22.07625081,0.2207625081,22.07625081,12.1518302
87.503,57040.05882,0.03062936738,21.23341594,0.2123341594,21.23341594,11.68789335
87.63,56989.48824,0.03101457507,21.50045622,0.2150045622,21.50045622,11.83488516
87.757,56950.7,0.03131026559,21.70543988,0.2170543988,21.70543988,11.94771803
87.884,56909.32353,0.03162590884,21.92425551,0.2192425551,21.92425551,12.06816468
88.011,56942.35294,0.03137392324,21.74956973,0.2174956973,21.74956973,11.97200922
88.138,56899.97059,0.03169729019,21.97373972,0.2197373972,21.97373972,12.09540316
88.265,56985.58235,0.03104434128,21.52109127,0.2152109127,21.52109127,11.84624368
88.392,56929.83529,0.03146940476,21.81576107,0.2181576107,21.81576107,12.00844412
88.519,56827.63529,0.0322497475,22.35672366,0.2235672366,22.35672366,12.30621594
88.646,56898.04118,0.03171201686,21.9839488,0.219839488,21.9839488,12.10102273
88.773,56822.17059,0.03229151249,22.3856767,0.223856767,22.3856767,12.32215309
88.9,56862.38824,0.03198423588,22.17266114,0.2217266114,22.17266114,12.20489908
89.027,56864.99412,0.03196433354,22.1588641,0.221588641,22.1588641,12.19730452
89.154,56832.94706,0.03220915524,22.32858359,0.2232858359,22.32858359,12.2907263
89.281,56769.77647,0.03269214789,22.66341206,0.2266341206,22.66341206,12.47503199
89.408,56766.77059,0.0327151438,22.67935368,0.2267935368,22.67935368,12.48380702
89.535,56778.42941,0.03262595707,22.61752612,0.2261752612,22.61752612,12.44977416
89.662,56806.51176,0.0324112101,22.46865553,0.2246865553,22.46865553,12.36782863
89.789,56841.29412,0.03214537506,22.28436881,0.2228436881,22.28436881,12.26638835
89.916,56859.1,0.03200935097,22.19007185,0.2219007185,22.19007185,12.21448277
90.043,56847.61765,0.03209706298,22.25087708,0.2225087708,22.25087708,12.24795289
90.17,56906.24706,0.03164938707,21.9405315,0.219405315,21.9405315,12.07712376
90.297,56922.17059,0.03152787961,21.85629801,0.2185629801,21.85629801,12.0307576
90.424,56903.71176,0.03166873624,21.95394506,0.2195394506,21.95394506,12.08450723
90.551,56908.08235,0.03163538078,21.93082182,0.2193082182,21.93082182,12.07177908
90.678,56934.48235,0.03143395569,21.79118646,0.2179118646,21.79118646,11.99491707
90.805,56968.38824,0.03117539964,21.61194579,0.2161194579,21.61194579,11.89625439
90.932,56864.64706,0.03196698414,22.16070159,0.2216070159,22.16070159,12.19831597
91.059,56834.91176,0.032194142,22.31817586,0.2231817586,22.31817586,12.28499738
91.186,56965.52941,0.03119719423,21.62705461,0.2162705461,21.62705461,11.90457101
91.313,56915.23529,0.03158079649,21.89298195,0.2189298195,21.89298195,12.0509502
91.44,56976.9,0.03111051565,21.5669658,0.215669658,21.5669658,11.87149523
91.567,57225.25882,0.02922156648,20.25747603,0.2025747603,20.25747603,11.15068908
91.694,57334.72353,0.02839160944,19.68211895,0.1968211895,19.68211895,10.83398488
91.821,57319.52941,0.02850671588,19.76191502,0.1976191502,19.76191502,10.87790847
91.948,57286.76471,0.02875503612,19.93405984,0.1993405984,19.93405984,10.97266526
92.075,57294.81765,0.02869399057,19.89174079,0.1989174079,19.89174079,10.94937082
92.202,57238.82941,0.02911858865,20.18608797,0.2018608797,20.18608797,11.11139366
92.329,57340.31765,0.02834923763,19.65274524,0.1965274524,19.65274524,10.81781617
92.456,57362.62941,0.02818028162,19.53561865,0.1953561865,19.53561865,10.75334407
92.583,57425.35882,0.02770561453,19.20656178,0.1920656178,19.20656178,10.57221534
