scan_number,inplane_y_mm,crossplane_x_mm,dose_gy
1,-130.0,-130.0,0.0056069
1,-130.0,-120.0,0.0063329
1,-130.0,-110.0,0.0072307
1,-130.0,-100.0,0.0079768
1,-130.0,-90.0,0.0087925
1,-130.0,-80.0,0.009463
1,-130.0,-70.0,0.010406
1,-130.0,-60.0,0.011024
1,-130.0,-50.0,0.011714
1,-130.0,-40.0,0.012669
1,-130.0,-30.0,0.013255
1,-130.0,-20.0,0.013163
1,-130.0,-10.0,0.01335
1,-130.0,0.0,0.01345
1,-130.0,10.0,0.013217
1,-130.0,20.0,0.012801
1,-130.0,30.0,0.01259
1,-130.0,40.0,0.012094
1,-130.0,50.0,0.011196
1,-130.0,60.0,0.010501
1,-130.0,70.0,0.0096672
1,-130.0,80.0,0.0090826
1,-130.0,90.0,0.0082091
1,-130.0,100.0,0.0075515
1,-130.0,110.0,0.0065988
1,-130.0,120.0,0.0059047
1,-130.0,130.0,0.0055161
2,-125.0,-125.0,0.005698
2,-125.0,-115.0,0.0061944
2,-125.0,-105.0,0.0067761
2,-125.0,-95.0,0.0070395
2,-125.0,-85.0,0.0076168
2,-125.0,-75.0,0.0082678
2,-125.0,-65.0,0.0084153
2,-125.0,-55.0,0.0092786
2,-125.0,-45.0,0.0098426
2,-125.0,-35.0,0.010575
2,-125.0,-25.0,0.010712
2,-125.0,-15.0,0.01105
2,-125.0,-5.0,0.010926
2,-125.0,5.0,0.011308
2,-125.0,15.0,0.011042
2,-125.0,25.0,0.01022
2,-125.0,35.0,0.0099941
2,-125.0,45.0,0.0093667
2,-125.0,55.0,0.0086927
2,-125.0,65.0,0.00801
2,-125.0,75.0,0.0074547
2,-125.0,85.0,0.0073433
2,-125.0,95.0,0.006849
2,-125.0,105.0,0.0062472
2,-125.0,115.0,0.0056385
2,-125.0,125.0,0.0054222
3,-120.0,-130.0,0.0055384
3,-120.0,-120.0,0.0058105
3,-120.0,-110.0,0.0062519
3,-120.0,-100.0,0.0068297
3,-120.0,-90.0,0.0071194
3,-120.0,-80.0,0.0071577
3,-120.0,-70.0,0.0077881
3,-120.0,-60.0,0.008744
3,-120.0,-50.0,0.0090906
3,-120.0,-40.0,0.0098729
3,-120.0,-30.0,0.010576
3,-120.0,-20.0,0.010801
3,-120.0,-10.0,0.01109
3,-120.0,0.0,0.010935
3,-120.0,10.0,0.010982
3,-120.0,20.0,0.010669
3,-120.0,30.0,0.0098811
3,-120.0,40.0,0.0093072
3,-120.0,50.0,0.0086617
3,-120.0,60.0,0.0079289
3,-120.0,70.0,0.0071191
3,-120.0,80.0,0.0068897
3,-120.0,90.0,0.0067741
3,-120.0,100.0,0.0065043
3,-120.0,110.0,0.0061423
3,-120.0,120.0,0.0057086
3,-120.0,130.0,0.0055792
4,-115.0,-125.0,0.0058949
4,-115.0,-115.0,0.006294
4,-115.0,-105.0,0.0065677
4,-115.0,-95.0,0.0073949
4,-115.0,-85.0,0.00736
4,-115.0,-75.0,0.0078238
4,-115.0,-65.0,0.0085095
4,-115.0,-55.0,0.0093549
4,-115.0,-45.0,0.010481
4,-115.0,-35.0,0.01119
4,-115.0,-25.0,0.011533
4,-115.0,-15.0,0.01174
4,-115.0,-5.0,0.011953
4,-115.0,5.0,0.012025
4,-115.0,15.0,0.011784
4,-115.0,25.0,0.011212
4,-115.0,35.0,0.010627
4,-115.0,45.0,0.0095177
4,-115.0,55.0,0.0085216
4,-115.0,65.0,0.007748
4,-115.0,75.0,0.0074449
4,-115.0,85.0,0.0069836
4,-115.0,95.0,0.00679
4,-115.0,105.0,0.0063755
4,-115.0,115.0,0.0059867
4,-115.0,125.0,0.0056465
5,-110.0,-130.0,0.0059484
5,-110.0,-120.0,0.0062673
5,-110.0,-110.0,0.00677
5,-110.0,-100.0,0.0072705
5,-110.0,-90.0,0.0074218
5,-110.0,-80.0,0.0083631
5,-110.0,-70.0,0.0088827
5,-110.0,-60.0,0.0095297
5,-110.0,-50.0,0.010527
5,-110.0,-40.0,0.011778
5,-110.0,-30.0,0.012425
5,-110.0,-20.0,0.013035
5,-110.0,-10.0,0.013173
5,-110.0,0.0,0.013419
5,-110.0,10.0,0.013127
5,-110.0,20.0,0.012722
5,-110.0,30.0,0.011722
5,-110.0,40.0,0.011339
5,-110.0,50.0,0.0098397
5,-110.0,60.0,0.0088492
5,-110.0,70.0,0.0083001
5,-110.0,80.0,0.0076537
5,-110.0,90.0,0.0072092
5,-110.0,100.0,0.0068697
5,-110.0,110.0,0.0064779
5,-110.0,120.0,0.0063487
5,-110.0,130.0,0.0060165
6,-105.0,-125.0,0.0065112
6,-105.0,-115.0,0.0069372
6,-105.0,-105.0,0.007717
6,-105.0,-95.0,0.0082154
6,-105.0,-85.0,0.0086225
6,-105.0,-75.0,0.0090934
6,-105.0,-65.0,0.010423
6,-105.0,-55.0,0.011419
6,-105.0,-45.0,0.012799
6,-105.0,-35.0,0.013901
6,-105.0,-25.0,0.014459
6,-105.0,-15.0,0.014921
6,-105.0,-5.0,0.015158
6,-105.0,5.0,0.015364
6,-105.0,15.0,0.014669
6,-105.0,25.0,0.014083
6,-105.0,35.0,0.012891
6,-105.0,45.0,0.012048
6,-105.0,55.0,0.010695
6,-105.0,65.0,0.0097357
6,-105.0,75.0,0.0088295
6,-105.0,85.0,0.0083478
6,-105.0,95.0,0.0081539
6,-105.0,105.0,0.0078033
6,-105.0,115.0,0.0070458
6,-105.0,125.0,0.0066605
7,-100.0,-130.0,0.0068483
7,-100.0,-120.0,0.0072081
7,-100.0,-110.0,0.0086134
7,-100.0,-100.0,0.0092129
7,-100.0,-90.0,0.0096088
7,-100.0,-80.0,0.010194
7,-100.0,-70.0,0.011285
7,-100.0,-60.0,0.012364
7,-100.0,-50.0,0.013973
7,-100.0,-40.0,0.01566
7,-100.0,-30.0,0.016313
7,-100.0,-20.0,0.017016
7,-100.0,-10.0,0.01739
7,-100.0,0.0,0.017594
7,-100.0,10.0,0.017635
7,-100.0,20.0,0.016907
7,-100.0,30.0,0.01587
7,-100.0,40.0,0.014946
7,-100.0,50.0,0.013319
7,-100.0,60.0,0.012075
7,-100.0,70.0,0.010477
7,-100.0,80.0,0.0097992
7,-100.0,90.0,0.0092546
7,-100.0,100.0,0.0091837
7,-100.0,110.0,0.0083168
7,-100.0,120.0,0.0071366
7,-100.0,130.0,0.0067466
8,-95.0,-125.0,0.0072723
8,-95.0,-115.0,0.0081294
8,-95.0,-105.0,0.0094925
8,-95.0,-95.0,0.010154
8,-95.0,-85.0,0.010874
8,-95.0,-75.0,0.01166
8,-95.0,-65.0,0.012651
8,-95.0,-55.0,0.014786
8,-95.0,-45.0,0.016075
8,-95.0,-35.0,0.017202
8,-95.0,-25.0,0.017755
8,-95.0,-15.0,0.01873
8,-95.0,-5.0,0.019142
8,-95.0,5.0,0.019284
8,-95.0,15.0,0.018846
8,-95.0,25.0,0.017764
8,-95.0,35.0,0.016774
8,-95.0,45.0,0.015185
8,-95.0,55.0,0.014055
8,-95.0,65.0,0.012114
8,-95.0,75.0,0.010853
8,-95.0,85.0,0.010532
8,-95.0,95.0,0.010051
8,-95.0,105.0,0.0092604
8,-95.0,115.0,0.0081041
8,-95.0,125.0,0.0072867
9,-90.0,-130.0,0.0074351
9,-90.0,-120.0,0.0080873
9,-90.0,-110.0,0.0093097
9,-90.0,-100.0,0.0106
9,-90.0,-90.0,0.011143
9,-90.0,-80.0,0.012483
9,-90.0,-70.0,0.013115
9,-90.0,-60.0,0.015479
9,-90.0,-50.0,0.017658
9,-90.0,-40.0,0.018289
9,-90.0,-30.0,0.019001
9,-90.0,-20.0,0.020282
9,-90.0,-10.0,0.021374
9,-90.0,0.0,0.021629
9,-90.0,10.0,0.021217
9,-90.0,20.0,0.020271
9,-90.0,30.0,0.018542
9,-90.0,40.0,0.017869
9,-90.0,50.0,0.016703
9,-90.0,60.0,0.014224
9,-90.0,70.0,0.012471
9,-90.0,80.0,0.012305
9,-90.0,90.0,0.010989
9,-90.0,100.0,0.01063
9,-90.0,110.0,0.0093572
9,-90.0,120.0,0.0081549
9,-90.0,130.0,0.0080662
10,-85.0,-125.0,0.0082589
10,-85.0,-115.0,0.0091399
10,-85.0,-105.0,0.010713
10,-85.0,-95.0,0.011661
10,-85.0,-85.0,0.01269
10,-85.0,-75.0,0.013787
10,-85.0,-65.0,0.015633
10,-85.0,-55.0,0.019647
10,-85.0,-45.0,0.020356
10,-85.0,-35.0,0.020663
10,-85.0,-25.0,0.022229
10,-85.0,-15.0,0.023902
10,-85.0,-5.0,0.024781
10,-85.0,5.0,0.024595
10,-85.0,15.0,0.023588
10,-85.0,25.0,0.021583
10,-85.0,35.0,0.020275
10,-85.0,45.0,0.019032
10,-85.0,55.0,0.018129
10,-85.0,65.0,0.014469
10,-85.0,75.0,0.013226
10,-85.0,85.0,0.01232
10,-85.0,95.0,0.011683
10,-85.0,105.0,0.010742
10,-85.0,115.0,0.009277
10,-85.0,125.0,0.0083295
11,-80.0,-130.0,0.0086166
11,-80.0,-120.0,0.008943
11,-80.0,-110.0,0.010742
11,-80.0,-100.0,0.012482
11,-80.0,-90.0,0.012865
11,-80.0,-80.0,0.014122
11,-80.0,-70.0,0.015845
11,-80.0,-60.0,0.01788
11,-80.0,-50.0,0.023182
11,-80.0,-40.0,0.024347
11,-80.0,-30.0,0.026343
11,-80.0,-20.0,0.028976
11,-80.0,-10.0,0.030688
11,-80.0,0.0,0.030469
11,-80.0,10.0,0.030567
11,-80.0,20.0,0.028688
11,-80.0,30.0,0.026336
11,-80.0,40.0,0.023546
11,-80.0,50.0,0.02202
11,-80.0,60.0,0.016344
11,-80.0,70.0,0.014778
11,-80.0,80.0,0.013664
11,-80.0,90.0,0.012345
11,-80.0,100.0,0.012339
11,-80.0,110.0,0.011001
11,-80.0,120.0,0.0093266
11,-80.0,130.0,0.0089572
12,-75.0,-125.0,0.0094075
12,-75.0,-115.0,0.010385
12,-75.0,-105.0,0.012695
12,-75.0,-95.0,0.013252
12,-75.0,-85.0,0.014985
12,-75.0,-75.0,0.015945
12,-75.0,-65.0,0.017686
12,-75.0,-55.0,0.0219
12,-75.0,-45.0,0.027264
12,-75.0,-35.0,0.032092
12,-75.0,-25.0,0.035279
12,-75.0,-15.0,0.038207
12,-75.0,-5.0,0.03917
12,-75.0,5.0,0.03938
12,-75.0,15.0,0.038213
12,-75.0,25.0,0.035054
12,-75.0,35.0,0.031197
12,-75.0,45.0,0.02627
12,-75.0,55.0,0.021219
12,-75.0,65.0,0.016676
12,-75.0,75.0,0.015388
12,-75.0,85.0,0.013701
12,-75.0,95.0,0.013212
12,-75.0,105.0,0.013086
12,-75.0,115.0,0.01101
12,-75.0,125.0,0.0095253
13,-70.0,-130.0,0.0092943
13,-70.0,-120.0,0.010543
13,-70.0,-110.0,0.013101
13,-70.0,-100.0,0.014037
13,-70.0,-90.0,0.014562
13,-70.0,-80.0,0.017857
13,-70.0,-70.0,0.018846
13,-70.0,-60.0,0.023496
13,-70.0,-50.0,0.03292
13,-70.0,-40.0,0.041982
13,-70.0,-30.0,0.047378
13,-70.0,-20.0,0.051392
13,-70.0,-10.0,0.054078
13,-70.0,0.0,0.054471
13,-70.0,10.0,0.054181
13,-70.0,20.0,0.051531
13,-70.0,30.0,0.046841
13,-70.0,40.0,0.040767
13,-70.0,50.0,0.032005
13,-70.0,60.0,0.022509
13,-70.0,70.0,0.018226
13,-70.0,80.0,0.015944
13,-70.0,90.0,0.014021
13,-70.0,100.0,0.014304
13,-70.0,110.0,0.013599
13,-70.0,120.0,0.010539
13,-70.0,130.0,0.0099491
14,-65.0,-125.0,0.010169
14,-65.0,-115.0,0.012084
14,-65.0,-105.0,0.014405
14,-65.0,-95.0,0.014876
14,-65.0,-85.0,0.018858
14,-65.0,-75.0,0.019677
14,-65.0,-65.0,0.025283
14,-65.0,-55.0,0.043632
14,-65.0,-45.0,0.066706
14,-65.0,-35.0,0.080671
14,-65.0,-25.0,0.08661
14,-65.0,-15.0,0.09084
14,-65.0,-5.0,0.092758
14,-65.0,5.0,0.09289
14,-65.0,15.0,0.091291
14,-65.0,25.0,0.086598
14,-65.0,35.0,0.080205
14,-65.0,45.0,0.065601
14,-65.0,55.0,0.04213
14,-65.0,65.0,0.024469
14,-65.0,75.0,0.018878
14,-65.0,85.0,0.016035
14,-65.0,95.0,0.015207
14,-65.0,105.0,0.015005
14,-65.0,115.0,0.012349
14,-65.0,125.0,0.010501
15,-60.0,-130.0,0.010199
15,-60.0,-120.0,0.011507
15,-60.0,-110.0,0.014429
15,-60.0,-100.0,0.015565
15,-60.0,-90.0,0.016702
15,-60.0,-80.0,0.021069
15,-60.0,-70.0,0.025334
15,-60.0,-60.0,0.052575
15,-60.0,-50.0,0.13228
15,-60.0,-40.0,0.18389
15,-60.0,-30.0,0.19888
15,-60.0,-20.0,0.20633
15,-60.0,-10.0,0.21112
15,-60.0,0.0,0.2127
15,-60.0,10.0,0.21173
15,-60.0,20.0,0.20796
15,-60.0,30.0,0.2005
15,-60.0,40.0,0.18471
15,-60.0,50.0,0.12985
15,-60.0,60.0,0.049264
15,-60.0,70.0,0.024369
15,-60.0,80.0,0.018872
15,-60.0,90.0,0.015865
15,-60.0,100.0,0.016266
15,-60.0,110.0,0.015128
15,-60.0,120.0,0.011743
15,-60.0,130.0,0.010946
16,-55.0,-125.0,0.011378
16,-55.0,-115.0,0.013597
16,-55.0,-105.0,0.015793
16,-55.0,-95.0,0.016191
16,-55.0,-85.0,0.020275
16,-55.0,-75.0,0.024694
16,-55.0,-65.0,0.045629
16,-55.0,-55.0,0.20592
16,-55.0,-45.0,0.49984
16,-55.0,-35.0,0.5581
16,-55.0,-25.0,0.57793
16,-55.0,-15.0,0.58931
16,-55.0,-5.0,0.59503
16,-55.0,5.0,0.5958
16,-55.0,15.0,0.59338
16,-55.0,25.0,0.58382
16,-55.0,35.0,0.56684
16,-55.0,45.0,0.50492
16,-55.0,55.0,0.19224
16,-55.0,65.0,0.042511
16,-55.0,75.0,0.023695
16,-55.0,85.0,0.018408
16,-55.0,95.0,0.017565
16,-55.0,105.0,0.016938
16,-55.0,115.0,0.013774
16,-55.0,125.0,0.011405
17,-50.0,-130.0,0.011435
17,-50.0,-120.0,0.012728
17,-50.0,-110.0,0.016063
17,-50.0,-100.0,0.017015
17,-50.0,-90.0,0.018207
17,-50.0,-80.0,0.023759
17,-50.0,-70.0,0.036269
17,-50.0,-60.0,0.13893
17,-50.0,-50.0,0.8469
17,-50.0,-40.0,1.1568
17,-50.0,-30.0,1.2029
17,-50.0,-20.0,1.224
17,-50.0,-10.0,1.2358
17,-50.0,0.0,1.2398
17,-50.0,10.0,1.2396
17,-50.0,20.0,1.23
17,-50.0,30.0,1.2102
17,-50.0,40.0,1.1685
17,-50.0,50.0,0.8171
17,-50.0,60.0,0.12365
17,-50.0,70.0,0.034085
17,-50.0,80.0,0.022601
17,-50.0,90.0,0.017725
17,-50.0,100.0,0.018588
17,-50.0,110.0,0.016764
17,-50.0,120.0,0.012967
17,-50.0,130.0,0.011692
18,-45.0,-125.0,0.012583
18,-45.0,-115.0,0.014995
18,-45.0,-105.0,0.017869
18,-45.0,-95.0,0.018102
18,-45.0,-85.0,0.021859
18,-45.0,-75.0,0.030646
18,-45.0,-65.0,0.070656
18,-45.0,-55.0,0.52992
18,-45.0,-45.0,1.424
18,-45.0,-35.0,1.542
18,-45.0,-25.0,1.5755
18,-45.0,-15.0,1.591
18,-45.0,-5.0,1.5984
18,-45.0,5.0,1.5989
18,-45.0,15.0,1.5938
18,-45.0,25.0,1.5759
18,-45.0,35.0,1.544
18,-45.0,45.0,1.4153
18,-45.0,55.0,0.47511
18,-45.0,65.0,0.064735
18,-45.0,75.0,0.029618
18,-45.0,85.0,0.020746
18,-45.0,95.0,0.019311
18,-45.0,105.0,0.018591
18,-45.0,115.0,0.015442
18,-45.0,125.0,0.012794
19,-40.0,-130.0,0.012553
19,-40.0,-120.0,0.014293
19,-40.0,-110.0,0.017956
19,-40.0,-100.0,0.019393
19,-40.0,-90.0,0.020009
19,-40.0,-80.0,0.027613
19,-40.0,-70.0,0.046477
19,-40.0,-60.0,0.19468
19,-40.0,-50.0,1.1853
19,-40.0,-40.0,1.6098
19,-40.0,-30.0,1.6645
19,-40.0,-20.0,1.6898
19,-40.0,-10.0,1.6996
19,-40.0,0.0,1.7054
19,-40.0,10.0,1.7003
19,-40.0,20.0,1.6916
19,-40.0,30.0,1.6649
19,-40.0,40.0,1.6088
19,-40.0,50.0,1.131
19,-40.0,60.0,0.17291
19,-40.0,70.0,0.043612
19,-40.0,80.0,0.026457
19,-40.0,90.0,0.020103
19,-40.0,100.0,0.02022
19,-40.0,110.0,0.018509
19,-40.0,120.0,0.014301
19,-40.0,130.0,0.012776
20,-35.0,-125.0,0.013955
20,-35.0,-115.0,0.016532
20,-35.0,-105.0,0.019761
20,-35.0,-95.0,0.020267
20,-35.0,-85.0,0.024313
20,-35.0,-75.0,0.036233
20,-35.0,-65.0,0.085217
20,-35.0,-55.0,0.58906
20,-35.0,-45.0,1.5514
20,-35.0,-35.0,1.6815
20,-35.0,-25.0,1.718
20,-35.0,-15.0,1.7365
20,-35.0,-5.0,1.7422
20,-35.0,5.0,1.7436
20,-35.0,15.0,1.7359
20,-35.0,25.0,1.7205
20,-35.0,35.0,1.6831
20,-35.0,45.0,1.5388
20,-35.0,55.0,0.53046
20,-35.0,65.0,0.078548
20,-35.0,75.0,0.034538
20,-35.0,85.0,0.023327
20,-35.0,95.0,0.020726
20,-35.0,105.0,0.020018
20,-35.0,115.0,0.016819
20,-35.0,125.0,0.013658
21,-30.0,-130.0,0.013875
21,-30.0,-120.0,0.015241
21,-30.0,-110.0,0.019118
21,-30.0,-100.0,0.021043
21,-30.0,-90.0,0.021916
21,-30.0,-80.0,0.030373
21,-30.0,-70.0,0.052473
21,-30.0,-60.0,0.20939
21,-30.0,-50.0,1.2294
21,-30.0,-40.0,1.6684
21,-30.0,-30.0,1.7247
21,-30.0,-20.0,1.7527
21,-30.0,-10.0,1.7656
21,-30.0,0.0,1.7716
21,-30.0,10.0,1.7657
21,-30.0,20.0,1.7534
21,-30.0,30.0,1.728
21,-30.0,40.0,1.6662
21,-30.0,50.0,1.1743
21,-30.0,60.0,0.18701
21,-30.0,70.0,0.049053
21,-30.0,80.0,0.028978
21,-30.0,90.0,0.022338
21,-30.0,100.0,0.02051
21,-30.0,110.0,0.019564
21,-30.0,120.0,0.015425
21,-30.0,130.0,0.013691
22,-25.0,-125.0,0.015011
22,-25.0,-115.0,0.017694
22,-25.0,-105.0,0.021086
22,-25.0,-95.0,0.021947
22,-25.0,-85.0,0.025947
22,-25.0,-75.0,0.039644
22,-25.0,-65.0,0.091343
22,-25.0,-55.0,0.60725
22,-25.0,-45.0,1.5833
22,-25.0,-35.0,1.7221
22,-25.0,-25.0,1.7573
22,-25.0,-15.0,1.7775
22,-25.0,-5.0,1.7877
22,-25.0,5.0,1.7883
22,-25.0,15.0,1.7801
22,-25.0,25.0,1.7596
22,-25.0,35.0,1.7214
22,-25.0,45.0,1.5697
22,-25.0,55.0,0.54776
22,-25.0,65.0,0.084206
22,-25.0,75.0,0.037461
22,-25.0,85.0,0.025861
22,-25.0,95.0,0.021585
22,-25.0,105.0,0.020276
22,-25.0,115.0,0.017392
22,-25.0,125.0,0.014282
23,-20.0,-130.0,0.014482
23,-20.0,-120.0,0.016419
23,-20.0,-110.0,0.020505
23,-20.0,-100.0,0.022342
23,-20.0,-90.0,0.023344
23,-20.0,-80.0,0.032807
23,-20.0,-70.0,0.056428
23,-20.0,-60.0,0.21601
23,-20.0,-50.0,1.2515
23,-20.0,-40.0,1.6941
23,-20.0,-30.0,1.7562
23,-20.0,-20.0,1.7829
23,-20.0,-10.0,1.7991
23,-20.0,0.0,1.8019
23,-20.0,10.0,1.8027
23,-20.0,20.0,1.7871
23,-20.0,30.0,1.7548
23,-20.0,40.0,1.6941
23,-20.0,50.0,1.1939
23,-20.0,60.0,0.19457
23,-20.0,70.0,0.052803
23,-20.0,80.0,0.031065
23,-20.0,90.0,0.023444
23,-20.0,100.0,0.020813
23,-20.0,110.0,0.019774
23,-20.0,120.0,0.01583
23,-20.0,130.0,0.013962
24,-15.0,-125.0,0.015689
24,-15.0,-115.0,0.018408
24,-15.0,-105.0,0.022258
24,-15.0,-95.0,0.023232
24,-15.0,-85.0,0.027852
24,-15.0,-75.0,0.042231
24,-15.0,-65.0,0.095734
24,-15.0,-55.0,0.61433
24,-15.0,-45.0,1.6013
24,-15.0,-35.0,1.7401
24,-15.0,-25.0,1.7821
24,-15.0,-15.0,1.8054
24,-15.0,-5.0,1.8132
24,-15.0,5.0,1.8128
24,-15.0,15.0,1.8092
24,-15.0,25.0,1.7832
24,-15.0,35.0,1.7395
24,-15.0,45.0,1.5866
24,-15.0,55.0,0.55911
24,-15.0,65.0,0.088605
24,-15.0,75.0,0.039904
24,-15.0,85.0,0.026615
24,-15.0,95.0,0.020914
24,-15.0,105.0,0.020374
24,-15.0,115.0,0.017807
24,-15.0,125.0,0.014836
25,-10.0,-130.0,0.015337
25,-10.0,-120.0,0.017285
25,-10.0,-110.0,0.021355
25,-10.0,-100.0,0.023851
25,-10.0,-90.0,0.024545
25,-10.0,-80.0,0.034841
25,-10.0,-70.0,0.05907
25,-10.0,-60.0,0.22061
25,-10.0,-50.0,1.2606
25,-10.0,-40.0,1.7087
25,-10.0,-30.0,1.7714
25,-10.0,-20.0,1.8028
25,-10.0,-10.0,1.8187
25,-10.0,0.0,1.8238
25,-10.0,10.0,1.8191
25,-10.0,20.0,1.8058
25,-10.0,30.0,1.7724
25,-10.0,40.0,1.706
25,-10.0,50.0,1.2069
25,-10.0,60.0,0.20046
25,-10.0,70.0,0.055461
25,-10.0,80.0,0.032423
25,-10.0,90.0,0.023175
25,-10.0,100.0,0.020532
25,-10.0,110.0,0.019892
25,-10.0,120.0,0.016103
25,-10.0,130.0,0.013681
26,-5.0,-125.0,0.016073
26,-5.0,-115.0,0.01921
26,-5.0,-105.0,0.023149
26,-5.0,-95.0,0.023802
26,-5.0,-85.0,0.029071
26,-5.0,-75.0,0.044288
26,-5.0,-65.0,0.098245
26,-5.0,-55.0,0.61909
26,-5.0,-45.0,1.613
26,-5.0,-35.0,1.7498
26,-5.0,-25.0,1.791
26,-5.0,-15.0,1.8149
26,-5.0,-5.0,1.8248
26,-5.0,5.0,1.8268
26,-5.0,15.0,1.8164
26,-5.0,25.0,1.7957
26,-5.0,35.0,1.7516
26,-5.0,45.0,1.5998
26,-5.0,55.0,0.56702
26,-5.0,65.0,0.091529
26,-5.0,75.0,0.041135
26,-5.0,85.0,0.02691
26,-5.0,95.0,0.020722
26,-5.0,105.0,0.020113
26,-5.0,115.0,0.017839
26,-5.0,125.0,0.014547
27,0.0,-130.0,0.01538
27,0.0,-120.0,0.017388
27,0.0,-110.0,0.021928
27,0.0,-100.0,0.024233
27,0.0,-90.0,0.024708
27,0.0,-80.0,0.035622
27,0.0,-70.0,0.060351
27,0.0,-60.0,0.22181
27,0.0,-50.0,1.2629
27,0.0,-40.0,1.7127
27,0.0,-30.0,1.7722
27,0.0,-20.0,1.8051
27,0.0,-10.0,1.8233
27,0.0,0.0,1.8313
27,0.0,10.0,1.8243
27,0.0,20.0,1.8085
27,0.0,30.0,1.7787
27,0.0,40.0,1.7128
27,0.0,50.0,1.2148
27,0.0,60.0,0.20292
27,0.0,70.0,0.056323
27,0.0,80.0,0.032542
27,0.0,90.0,0.022573
27,0.0,100.0,0.019446
27,0.0,110.0,0.019709
27,0.0,120.0,0.015761
27,0.0,130.0,0.013795
28,5.0,-125.0,0.016504
28,5.0,-115.0,0.019667
28,5.0,-105.0,0.023453
28,5.0,-95.0,0.024011
28,5.0,-85.0,0.029062
28,5.0,-75.0,0.044067
28,5.0,-65.0,0.09771
28,5.0,-55.0,0.61782
28,5.0,-45.0,1.6102
28,5.0,-35.0,1.75
28,5.0,-25.0,1.7889
28,5.0,-15.0,1.8135
28,5.0,-5.0,1.8261
28,5.0,5.0,1.8278
28,5.0,15.0,1.8178
28,5.0,25.0,1.7938
28,5.0,35.0,1.7529
28,5.0,45.0,1.5993
28,5.0,55.0,0.57002
28,5.0,65.0,0.091445
28,5.0,75.0,0.040774
28,5.0,85.0,0.026352
28,5.0,95.0,0.019813
28,5.0,105.0,0.019402
28,5.0,115.0,0.017225
28,5.0,125.0,0.014455
29,10.0,-130.0,0.015613
29,10.0,-120.0,0.017548
29,10.0,-110.0,0.022004
29,10.0,-100.0,0.023998
29,10.0,-90.0,0.024623
29,10.0,-80.0,0.034643
29,10.0,-70.0,0.059241
29,10.0,-60.0,0.21914
29,10.0,-50.0,1.2581
29,10.0,-40.0,1.7056
29,10.0,-30.0,1.7685
29,10.0,-20.0,1.7985
29,10.0,-10.0,1.8172
29,10.0,0.0,1.8199
29,10.0,10.0,1.8215
29,10.0,20.0,1.8052
29,10.0,30.0,1.771
29,10.0,40.0,1.7093
29,10.0,50.0,1.212
29,10.0,60.0,0.20177
29,10.0,70.0,0.055274
29,10.0,80.0,0.031706
29,10.0,90.0,0.021775
29,10.0,100.0,0.018882
29,10.0,110.0,0.018773
29,10.0,120.0,0.015434
29,10.0,130.0,0.013408
30,15.0,-125.0,0.016016
30,15.0,-115.0,0.019129
30,15.0,-105.0,0.022803
30,15.0,-95.0,0.023548
30,15.0,-85.0,0.027683
30,15.0,-75.0,0.042042
30,15.0,-65.0,0.095247
30,15.0,-55.0,0.6103
30,15.0,-45.0,1.5983
30,15.0,-35.0,1.7365
30,15.0,-25.0,1.78
30,15.0,-15.0,1.8032
30,15.0,-5.0,1.8116
30,15.0,5.0,1.8113
30,15.0,15.0,1.8081
30,15.0,25.0,1.7834
30,15.0,35.0,1.739
30,15.0,45.0,1.5874
30,15.0,55.0,0.5628
30,15.0,65.0,0.088452
30,15.0,75.0,0.038453
30,15.0,85.0,0.024685
30,15.0,95.0,0.018251
30,15.0,105.0,0.018367
30,15.0,115.0,0.016429
30,15.0,125.0,0.013922
31,20.0,-130.0,0.015178
31,20.0,-120.0,0.017006
31,20.0,-110.0,0.021108
31,20.0,-100.0,0.02321
31,20.0,-90.0,0.023216
31,20.0,-80.0,0.032553
31,20.0,-70.0,0.055735
31,20.0,-60.0,0.21369
31,20.0,-50.0,1.2427
31,20.0,-40.0,1.6887
31,20.0,-30.0,1.751
31,20.0,-20.0,1.7825
31,20.0,-10.0,1.7973
31,20.0,0.0,1.8012
31,20.0,10.0,1.7984
31,20.0,20.0,1.7882
31,20.0,30.0,1.7559
31,20.0,40.0,1.6893
31,20.0,50.0,1.1872
31,20.0,60.0,0.19358
31,20.0,70.0,0.051397
31,20.0,80.0,0.029038
31,20.0,90.0,0.020102
31,20.0,100.0,0.017291
31,20.0,110.0,0.0175
31,20.0,120.0,0.014423
31,20.0,130.0,0.012593
32,25.0,-125.0,0.015546
32,25.0,-115.0,0.018429
32,25.0,-105.0,0.021796
32,25.0,-95.0,0.021979
32,25.0,-85.0,0.025775
32,25.0,-75.0,0.039198
32,25.0,-65.0,0.090407
32,25.0,-55.0,0.59867
32,25.0,-45.0,1.5779
32,25.0,-35.0,1.7137
32,25.0,-25.0,1.7542
32,25.0,-15.0,1.7756
32,25.0,-5.0,1.7824
32,25.0,5.0,1.7836
32,25.0,15.0,1.7757
32,25.0,25.0,1.7595
32,25.0,35.0,1.7169
32,25.0,45.0,1.5633
32,25.0,55.0,0.54034
32,25.0,65.0,0.083104
32,25.0,75.0,0.035579
32,25.0,85.0,0.022342
32,25.0,95.0,0.016898
32,25.0,105.0,0.016823
32,25.0,115.0,0.015249
32,25.0,125.0,0.012944
33,30.0,-130.0,0.014417
33,30.0,-120.0,0.015754
33,30.0,-110.0,0.020228
33,30.0,-100.0,0.021767
33,30.0,-90.0,0.021464
33,30.0,-80.0,0.030088
33,30.0,-70.0,0.051452
33,30.0,-60.0,0.2053
33,30.0,-50.0,1.2182
33,30.0,-40.0,1.6598
33,30.0,-30.0,1.7188
33,30.0,-20.0,1.7464
33,30.0,-10.0,1.7605
33,30.0,0.0,1.7651
33,30.0,10.0,1.7609
33,30.0,20.0,1.7486
33,30.0,30.0,1.7221
33,30.0,40.0,1.6586
33,30.0,50.0,1.1704
33,30.0,60.0,0.18648
33,30.0,70.0,0.046863
33,30.0,80.0,0.026361
33,30.0,90.0,0.018154
33,30.0,100.0,0.015575
33,30.0,110.0,0.016192
33,30.0,120.0,0.013232
33,30.0,130.0,0.011841
34,35.0,-125.0,0.014515
34,35.0,-115.0,0.017004
34,35.0,-105.0,0.020622
34,35.0,-95.0,0.020433
34,35.0,-85.0,0.023676
34,35.0,-75.0,0.035529
34,35.0,-65.0,0.083324
34,35.0,-55.0,0.57974
34,35.0,-45.0,1.5413
34,35.0,-35.0,1.6742
34,35.0,-25.0,1.7102
34,35.0,-15.0,1.729
34,35.0,-5.0,1.738
34,35.0,5.0,1.7389
34,35.0,15.0,1.7301
34,35.0,25.0,1.7109
34,35.0,35.0,1.6749
34,35.0,45.0,1.5289
34,35.0,55.0,0.53607
34,35.0,65.0,0.07679
34,35.0,75.0,0.031461
34,35.0,85.0,0.020234
34,35.0,95.0,0.015442
34,35.0,105.0,0.015398
34,35.0,115.0,0.013804
34,35.0,125.0,0.011863
35,40.0,-130.0,0.013264
35,40.0,-120.0,0.014637
35,40.0,-110.0,0.018602
35,40.0,-100.0,0.020246
35,40.0,-90.0,0.019999
35,40.0,-80.0,0.026827
35,40.0,-70.0,0.045662
35,40.0,-60.0,0.18885
35,40.0,-50.0,1.175
35,40.0,-40.0,1.6001
35,40.0,-30.0,1.6552
35,40.0,-20.0,1.6802
35,40.0,-10.0,1.693
35,40.0,0.0,1.6946
35,40.0,10.0,1.6937
35,40.0,20.0,1.6821
35,40.0,30.0,1.6533
35,40.0,40.0,1.5994
35,40.0,50.0,1.1304
35,40.0,60.0,0.17326
35,40.0,70.0,0.041401
35,40.0,80.0,0.023533
35,40.0,90.0,0.016398
35,40.0,100.0,0.014559
35,40.0,110.0,0.014861
35,40.0,120.0,0.012287
35,40.0,130.0,0.010708
36,45.0,-125.0,0.012931
36,45.0,-115.0,0.015321
36,45.0,-105.0,0.01849
36,45.0,-95.0,0.018851
36,45.0,-85.0,0.021087
36,45.0,-75.0,0.03019
36,45.0,-65.0,0.068719
36,45.0,-55.0,0.51862
36,45.0,-45.0,1.4177
36,45.0,-35.0,1.5343
36,45.0,-25.0,1.5675
36,45.0,-15.0,1.5829
36,45.0,-5.0,1.5915
36,45.0,5.0,1.5892
36,45.0,15.0,1.5855
36,45.0,25.0,1.568
36,45.0,35.0,1.5347
36,45.0,45.0,1.409
36,45.0,55.0,0.48169
36,45.0,65.0,0.063072
36,45.0,75.0,0.026412
36,45.0,85.0,0.017622
36,45.0,95.0,0.013642
36,45.0,105.0,0.013954
36,45.0,115.0,0.012489
36,45.0,125.0,0.01062
37,50.0,-130.0,0.011985
37,50.0,-120.0,0.013294
37,50.0,-110.0,0.016494
37,50.0,-100.0,0.018025
37,50.0,-90.0,0.017706
37,50.0,-80.0,0.02316
37,50.0,-70.0,0.035054
37,50.0,-60.0,0.13507
37,50.0,-50.0,0.84355
37,50.0,-40.0,1.1608
37,50.0,-30.0,1.2027
37,50.0,-20.0,1.223
37,50.0,-10.0,1.2335
37,50.0,0.0,1.237
37,50.0,10.0,1.2311
37,50.0,20.0,1.228
37,50.0,30.0,1.2079
37,50.0,40.0,1.1649
37,50.0,50.0,0.82262
37,50.0,60.0,0.12482
37,50.0,70.0,0.031234
37,50.0,80.0,0.019385
37,50.0,90.0,0.014457
37,50.0,100.0,0.012814
37,50.0,110.0,0.013163
37,50.0,120.0,0.010919
37,50.0,130.0,0.0096538
38,55.0,-125.0,0.01188
38,55.0,-115.0,0.013611
38,55.0,-105.0,0.01646
38,55.0,-95.0,0.016514
38,55.0,-85.0,0.018395
38,55.0,-75.0,0.024152
38,55.0,-65.0,0.044363
38,55.0,-55.0,0.20485
38,55.0,-45.0,0.50697
38,55.0,-35.0,0.56365
38,55.0,-25.0,0.58284
38,55.0,-15.0,0.59239
38,55.0,-5.0,0.5988
38,55.0,5.0,0.59864
38,55.0,15.0,0.59465
38,55.0,25.0,0.59071
38,55.0,35.0,0.57183
38,55.0,45.0,0.51292
38,55.0,55.0,0.19648
38,55.0,65.0,0.040887
38,55.0,75.0,0.021047
38,55.0,85.0,0.015021
38,55.0,95.0,0.012449
38,55.0,105.0,0.012572
38,55.0,115.0,0.011633
38,55.0,125.0,0.0096806
39,60.0,-130.0,0.010864
39,60.0,-120.0,0.011489
39,60.0,-110.0,0.01482
39,60.0,-100.0,0.015828
39,60.0,-90.0,0.015403
39,60.0,-80.0,0.019063
39,60.0,-70.0,0.024958
39,60.0,-60.0,0.051469
39,60.0,-50.0,0.13165
39,60.0,-40.0,0.18355
39,60.0,-30.0,0.20057
39,60.0,-20.0,0.20821
39,60.0,-10.0,0.21219
39,60.0,0.0,0.21615
39,60.0,10.0,0.21458
39,60.0,20.0,0.20984
39,60.0,30.0,0.20362
39,60.0,40.0,0.18756
39,60.0,50.0,0.13158
39,60.0,60.0,0.048049
39,60.0,70.0,0.021779
39,60.0,80.0,0.015919
39,60.0,90.0,0.01269
39,60.0,100.0,0.011612
39,60.0,110.0,0.011796
39,60.0,120.0,0.00957
39,60.0,130.0,0.0089776
40,65.0,-125.0,0.010805
40,65.0,-115.0,0.012116
40,65.0,-105.0,0.014754
40,65.0,-95.0,0.014579
40,65.0,-85.0,0.015907
40,65.0,-75.0,0.019172
40,65.0,-65.0,0.024682
40,65.0,-55.0,0.043096
40,65.0,-45.0,0.066094
40,65.0,-35.0,0.078679
40,65.0,-25.0,0.087145
40,65.0,-15.0,0.091511
40,65.0,-5.0,0.092498
40,65.0,5.0,0.094577
40,65.0,15.0,0.092794
40,65.0,25.0,0.086591
40,65.0,35.0,0.080502
40,65.0,45.0,0.065598
40,65.0,55.0,0.04107
40,65.0,65.0,0.022374
40,65.0,75.0,0.015781
40,65.0,85.0,0.013018
40,65.0,95.0,0.011013
40,65.0,105.0,0.011138
40,65.0,115.0,0.010128
40,65.0,125.0,0.0088438
41,70.0,-130.0,0.0097041
41,70.0,-120.0,0.010566
41,70.0,-110.0,0.013042
41,70.0,-100.0,0.014012
41,70.0,-90.0,0.013758
41,70.0,-80.0,0.015676
41,70.0,-70.0,0.018681
41,70.0,-60.0,0.022313
41,70.0,-50.0,0.031722
41,70.0,-40.0,0.040491
41,70.0,-30.0,0.044972
41,70.0,-20.0,0.051119
41,70.0,-10.0,0.053859
41,70.0,0.0,0.05272
41,70.0,10.0,0.054504
41,70.0,20.0,0.05167
41,70.0,30.0,0.044963
41,70.0,40.0,0.0403
41,70.0,50.0,0.030813
41,70.0,60.0,0.021118
41,70.0,70.0,0.016334
41,70.0,80.0,0.013065
41,70.0,90.0,0.01125
41,70.0,100.0,0.010415
41,70.0,110.0,0.010657
41,70.0,120.0,0.0090034
41,70.0,130.0,0.0080439
42,75.0,-125.0,0.0092221
42,75.0,-115.0,0.01079
42,75.0,-105.0,0.012513
42,75.0,-95.0,0.012927
42,75.0,-85.0,0.013542
42,75.0,-75.0,0.015442
42,75.0,-65.0,0.01709
42,75.0,-55.0,0.020394
42,75.0,-45.0,0.026018
42,75.0,-35.0,0.030658
42,75.0,-25.0,0.032677
42,75.0,-15.0,0.036286
42,75.0,-5.0,0.03853
42,75.0,5.0,0.036803
42,75.0,15.0,0.037768
42,75.0,25.0,0.034272
42,75.0,35.0,0.028457
42,75.0,45.0,0.024881
42,75.0,55.0,0.01959
42,75.0,65.0,0.015027
42,75.0,75.0,0.012953
42,75.0,85.0,0.0112
42,75.0,95.0,0.0095484
42,75.0,105.0,0.010108
42,75.0,115.0,0.0087745
42,75.0,125.0,0.0078872
43,80.0,-130.0,0.0088324
43,80.0,-120.0,0.0090619
43,80.0,-110.0,0.010833
43,80.0,-100.0,0.012022
43,80.0,-90.0,0.012184
43,80.0,-80.0,0.013791
43,80.0,-70.0,0.014601
43,80.0,-60.0,0.017075
43,80.0,-50.0,0.02173
43,80.0,-40.0,0.022942
43,80.0,-30.0,0.025161
43,80.0,-20.0,0.026005
43,80.0,-10.0,0.029202
43,80.0,0.0,0.029296
43,80.0,10.0,0.027727
43,80.0,20.0,0.027745
43,80.0,30.0,0.024262
43,80.0,40.0,0.020462
43,80.0,50.0,0.019803
43,80.0,60.0,0.014748
43,80.0,70.0,0.012495
43,80.0,80.0,0.010949
43,80.0,90.0,0.010036
43,80.0,100.0,0.0093325
43,80.0,110.0,0.0086671
43,80.0,120.0,0.0076133
43,80.0,130.0,0.0071838
44,85.0,-125.0,0.0084395
44,85.0,-115.0,0.0092383
44,85.0,-105.0,0.010417
44,85.0,-95.0,0.011069
44,85.0,-85.0,0.01191
44,85.0,-75.0,0.013178
44,85.0,-65.0,0.014646
44,85.0,-55.0,0.018982
44,85.0,-45.0,0.017392
44,85.0,-35.0,0.018763
44,85.0,-25.0,0.020318
44,85.0,-15.0,0.02071
44,85.0,-5.0,0.02301
44,85.0,5.0,0.023098
44,85.0,15.0,0.020412
44,85.0,25.0,0.02028
44,85.0,35.0,0.017989
44,85.0,45.0,0.016039
44,85.0,55.0,0.016253
44,85.0,65.0,0.01239
44,85.0,75.0,0.011138
44,85.0,85.0,0.010029
44,85.0,95.0,0.0088363
44,85.0,105.0,0.0084054
44,85.0,115.0,0.0077191
44,85.0,125.0,0.00695
45,90.0,-130.0,0.0077108
45,90.0,-120.0,0.00788
45,90.0,-110.0,0.0092285
45,90.0,-100.0,0.010307
45,90.0,-90.0,0.010275
45,90.0,-80.0,0.012128
45,90.0,-70.0,0.012612
45,90.0,-60.0,0.014793
45,90.0,-50.0,0.016407
45,90.0,-40.0,0.015251
45,90.0,-30.0,0.017642
45,90.0,-20.0,0.018619
45,90.0,-10.0,0.018031
45,90.0,0.0,0.020242
45,90.0,10.0,0.019718
45,90.0,20.0,0.016707
45,90.0,30.0,0.016638
45,90.0,40.0,0.015167
45,90.0,50.0,0.01416
45,90.0,60.0,0.012799
45,90.0,70.0,0.010432
45,90.0,80.0,0.0094856
45,90.0,90.0,0.0087213
45,90.0,100.0,0.0082095
45,90.0,110.0,0.0077024
45,90.0,120.0,0.00644
45,90.0,130.0,0.0066435
46,95.0,-125.0,0.0074203
46,95.0,-115.0,0.0076862
46,95.0,-105.0,0.0091382
46,95.0,-95.0,0.0099647
46,95.0,-85.0,0.010481
46,95.0,-75.0,0.011016
46,95.0,-65.0,0.011466
46,95.0,-55.0,0.013745
46,95.0,-45.0,0.014363
46,95.0,-35.0,0.013953
46,95.0,-25.0,0.016395
46,95.0,-15.0,0.017301
46,95.0,-5.0,0.015591
46,95.0,5.0,0.017325
46,95.0,15.0,0.016872
46,95.0,25.0,0.014076
46,95.0,35.0,0.014693
46,95.0,45.0,0.013416
46,95.0,55.0,0.012244
46,95.0,65.0,0.010623
46,95.0,75.0,0.0087924
46,95.0,85.0,0.008383
46,95.0,95.0,0.0079399
46,95.0,105.0,0.0075301
46,95.0,115.0,0.0066168
46,95.0,125.0,0.0063614
47,100.0,-130.0,0.0068302
47,100.0,-120.0,0.0071579
47,100.0,-110.0,0.0078392
47,100.0,-100.0,0.0089611
47,100.0,-90.0,0.0090065
47,100.0,-80.0,0.0094851
47,100.0,-70.0,0.01078
47,100.0,-60.0,0.01085
47,100.0,-50.0,0.011998
47,100.0,-40.0,0.013986
47,100.0,-30.0,0.01286
47,100.0,-20.0,0.015311
47,100.0,-10.0,0.015366
47,100.0,0.0,0.013607
47,100.0,10.0,0.015372
47,100.0,20.0,0.014878
47,100.0,30.0,0.012115
47,100.0,40.0,0.012402
47,100.0,50.0,0.012041
47,100.0,60.0,0.010521
47,100.0,70.0,0.0095354
47,100.0,80.0,0.0080844
47,100.0,90.0,0.0076763
47,100.0,100.0,0.0074099
47,100.0,110.0,0.0070901
47,100.0,120.0,0.006275
47,100.0,130.0,0.0058851
48,105.0,-125.0,0.006373
48,105.0,-115.0,0.0067434
48,105.0,-105.0,0.0074987
48,105.0,-95.0,0.0078326
48,105.0,-85.0,0.0083361
48,105.0,-75.0,0.0087652
48,105.0,-65.0,0.0095983
48,105.0,-55.0,0.0086214
48,105.0,-45.0,0.010756
48,105.0,-35.0,0.011918
48,105.0,-25.0,0.010075
48,105.0,-15.0,0.008766
48,105.0,-5.0,0.013094
48,105.0,5.0,0.010208
48,105.0,15.0,0.012469
48,105.0,25.0,0.011984
48,105.0,35.0,0.0091637
48,105.0,45.0,0.010516
48,105.0,55.0,0.0099225
48,105.0,65.0,0.0085995
48,105.0,75.0,0.0071822
48,105.0,85.0,0.0066709
48,105.0,95.0,0.0062409
48,105.0,105.0,0.0061052
48,105.0,115.0,0.0055929
48,105.0,125.0,0.0055158
49,110.0,-130.0,0.0059554
49,110.0,-120.0,0.0061192
49,110.0,-110.0,0.0066637
49,110.0,-100.0,0.0067253
49,110.0,-90.0,0.0074089
49,110.0,-80.0,0.0080767
49,110.0,-70.0,0.0078063
49,110.0,-60.0,0.0083847
49,110.0,-50.0,0.0066585
49,110.0,-40.0,0.0085847
49,110.0,-30.0,0.00925
49,110.0,-20.0,0.0076556
49,110.0,-10.0,0.0096593
49,110.0,0.0,0.010064
49,110.0,10.0,0.007559
49,110.0,20.0,0.0092003
49,110.0,30.0,0.0088999
49,110.0,40.0,0.0072857
49,110.0,50.0,0.0084869
49,110.0,60.0,0.0079502
49,110.0,70.0,0.0071264
49,110.0,80.0,0.0065297
49,110.0,90.0,0.0059986
49,110.0,100.0,0.0053557
49,110.0,110.0,0.0053331
49,110.0,120.0,0.0052753
49,110.0,130.0,0.0051604
50,115.0,-125.0,0.0055597
50,115.0,-115.0,0.0059158
50,115.0,-105.0,0.0061753
50,115.0,-95.0,0.0067422
50,115.0,-85.0,0.006854
50,115.0,-75.0,0.0073393
50,115.0,-65.0,0.0077898
50,115.0,-55.0,0.0063207
50,115.0,-45.0,0.0053104
50,115.0,-35.0,0.0066956
50,115.0,-25.0,0.0061946
50,115.0,-15.0,0.0068251
50,115.0,-5.0,0.0073373
50,115.0,5.0,0.0068243
50,115.0,15.0,0.0061504
50,115.0,25.0,0.0069872
50,115.0,35.0,0.0064099
50,115.0,45.0,0.00635
50,115.0,55.0,0.0076202
50,115.0,65.0,0.0070322
50,115.0,75.0,0.006353
50,115.0,85.0,0.0059731
50,115.0,95.0,0.0056963
50,115.0,105.0,0.0050835
50,115.0,115.0,0.0053744
50,115.0,125.0,0.0051055
51,120.0,-130.0,0.0053683
51,120.0,-120.0,0.005382
51,120.0,-110.0,0.0061022
51,120.0,-100.0,0.0065435
51,120.0,-90.0,0.0065241
51,120.0,-80.0,0.0068936
51,120.0,-70.0,0.0072277
51,120.0,-60.0,0.0071495
51,120.0,-50.0,0.0067673
51,120.0,-40.0,0.0049958
51,120.0,-30.0,0.0070786
51,120.0,-20.0,0.0072209
51,120.0,-10.0,0.0056417
51,120.0,0.0,0.0077904
51,120.0,10.0,0.007744
51,120.0,20.0,0.0052147
51,120.0,30.0,0.0072651
51,120.0,40.0,0.0064171
51,120.0,50.0,0.0062052
51,120.0,60.0,0.0068821
51,120.0,70.0,0.0065064
51,120.0,80.0,0.0060584
51,120.0,90.0,0.0054915
51,120.0,100.0,0.0054327
51,120.0,110.0,0.004736
51,120.0,120.0,0.0047045
51,120.0,130.0,0.0050187
52,125.0,-125.0,0.0051964
52,125.0,-115.0,0.005475
52,125.0,-105.0,0.0064731
52,125.0,-95.0,0.0067975
52,125.0,-85.0,0.0071694
52,125.0,-75.0,0.0074988
52,125.0,-65.0,0.0063504
52,125.0,-55.0,0.0070566
52,125.0,-45.0,0.0057251
52,125.0,-35.0,0.0043162
52,125.0,-25.0,0.0070287
52,125.0,-15.0,0.0083048
52,125.0,-5.0,0.0044947
52,125.0,5.0,0.0072577
52,125.0,15.0,0.0068991
52,125.0,25.0,0.0044586
52,125.0,35.0,0.0072948
52,125.0,45.0,0.00664
52,125.0,55.0,0.0065308
52,125.0,65.0,0.0073067
52,125.0,75.0,0.0067205
52,125.0,85.0,0.0062092
52,125.0,95.0,0.005723
52,125.0,105.0,0.0055676
52,125.0,115.0,0.0049469
52,125.0,125.0,0.004948
53,130.0,-130.0,0.0053081
53,130.0,-120.0,0.0059521
53,130.0,-110.0,0.0063948
53,130.0,-100.0,0.0073273
53,130.0,-90.0,0.0081157
53,130.0,-80.0,0.0086506
53,130.0,-70.0,0.0095611
53,130.0,-60.0,0.0084749
53,130.0,-50.0,0.009015
53,130.0,-40.0,0.0093394
53,130.0,-30.0,0.0075087
53,130.0,-20.0,0.0096829
53,130.0,-10.0,0.010105
53,130.0,0.0,0.0077086
53,130.0,10.0,0.010135
53,130.0,20.0,0.0099872
53,130.0,30.0,0.0074092
53,130.0,40.0,0.0091091
53,130.0,50.0,0.0094771
53,130.0,60.0,0.0092172
53,130.0,70.0,0.0094133
53,130.0,80.0,0.0084646
53,130.0,90.0,0.0078412
53,130.0,100.0,0.0070047
53,130.0,110.0,0.0063321
53,130.0,120.0,0.0057344
53,130.0,130.0,0.0051078
