X [mm],Dose [Gy]
-100,0.02686046681
-99.9,0.02685047246
-99.8,0.0268404781
-99.7,0.02683048374
-99.6,0.02682048938
-99.5,0.02690562054
-99.4,0.02699075171
-99.3,0.02707588287
-99.2,0.02716101403
-99.1,0.02724614519
-99,0.02733127635
-98.9,0.02741640751
-98.8,0.02750153867
-98.7,0.02758666983
-98.6,0.02767180099
-98.5,0.02775693216
-98.4,0.02784206332
-98.3,0.02792719448
-98.2,0.02801232564
-98.1,0.0280974568
-98,0.02818258796
-97.9,0.02826771912
-97.8,0.02835285028
-97.7,0.02843798144
-97.6,0.02852311261
-97.5,0.02858220662
-97.4,0.02864130064
-97.3,0.02870039466
-97.2,0.02875948868
-97.1,0.0288185827
-97,0.02887767671
-96.9,0.02893677073
-96.8,0.02899586475
-96.7,0.02905495877
-96.6,0.02911405279
-96.5,0.0291731468
-96.4,0.02923224082
-96.3,0.02929133484
-96.2,0.02935042886
-96.1,0.02940952288
-96,0.02946861689
-95.9,0.02952771091
-95.8,0.02958680493
-95.7,0.02964589895
-95.6,0.02970499297
-95.5,0.02979285353
-95.4,0.02988071409
-95.3,0.02996857466
-95.2,0.03005643522
-95.1,0.03014429579
-95,0.03023215635
-94.9,0.03032001691
-94.8,0.03040787748
-94.7,0.03049573804
-94.6,0.03058359861
-94.5,0.03067145917
-94.4,0.03075931973
-94.3,0.0308471803
-94.2,0.03093504086
-94.1,0.03102290142
-94,0.03111076199
-93.9,0.03119862255
-93.8,0.03128648312
-93.7,0.03137434368
-93.6,0.03146220424
-93.5,0.0314652326
-93.4,0.03146826096
-93.3,0.03147128931
-93.2,0.03147431767
-93.1,0.03147734603
-93,0.03148037438
-92.9,0.03148340274
-92.8,0.03148643109
-92.7,0.03148945945
-92.6,0.03149248781
-92.5,0.03149551616
-92.4,0.03149854452
-92.3,0.03150157288
-92.2,0.03150460123
-92.1,0.03150762959
-92,0.03151065795
-91.9,0.0315136863
-91.8,0.03151671466
-91.7,0.03151974302
-91.6,0.03152277137
-91.5,0.03173463004
-91.4,0.03194648871
-91.3,0.03215834738
-91.2,0.03237020605
-91.1,0.03258206472
-91,0.03279392339
-90.9,0.03300578206
-90.8,0.03321764073
-90.7,0.0334294994
-90.6,0.03364135807
-90.5,0.03385321674
-90.4,0.03406507541
-90.3,0.03427693408
-90.2,0.03448879275
-90.1,0.03470065142
-90,0.03491251009
-89.9,0.03512436876
-89.8,0.03533622743
-89.7,0.0355480861
-89.6,0.03575994477
-89.5,0.03582606823
-89.4,0.03589219168
-89.3,0.03595831514
-89.2,0.03602443859
-89.1,0.03609056205
-89,0.0361566855
-88.9,0.03622280896
-88.8,0.03628893241
-88.7,0.03635505587
-88.6,0.03642117932
-88.5,0.03648730278
-88.4,0.03655342623
-88.3,0.03661954969
-88.2,0.03668567314
-88.1,0.0367517966
-88,0.03681792005
-87.9,0.03688404351
-87.8,0.03695016696
-87.7,0.03701629042
-87.6,0.03708241387
-87.5,0.03705389811
-87.4,0.03702538235
-87.3,0.03699686659
-87.2,0.03696835083
-87.1,0.03693983507
-87,0.03691131931
-86.9,0.03688280355
-86.8,0.03685428779
-86.7,0.03682577203
-86.6,0.03679725627
-86.5,0.03676874051
-86.4,0.03674022475
-86.3,0.03671170898
-86.2,0.03668319322
-86.1,0.03665467746
-86,0.0366261617
-85.9,0.03659764594
-85.8,0.03656913018
-85.7,0.03654061442
-85.6,0.03651209866
-85.5,0.03668494848
-85.4,0.03685779831
-85.3,0.03703064813
-85.2,0.03720349795
-85.1,0.03737634777
-85,0.03754919759
-84.9,0.03772204742
-84.8,0.03789489724
-84.7,0.03806774706
-84.6,0.03824059688
-84.5,0.03841344671
-84.4,0.03858629653
-84.3,0.03875914635
-84.2,0.03893199617
-84.1,0.039104846
-84,0.03927769582
-83.9,0.03945054564
-83.8,0.03962339546
-83.7,0.03979624529
-83.6,0.03996909511
-83.5,0.04007755058
-83.4,0.04018600605
-83.3,0.04029446152
-83.2,0.04040291699
-83.1,0.04051137246
-83,0.04061982793
-82.9,0.0407282834
-82.8,0.04083673887
-82.7,0.04094519434
-82.6,0.04105364981
-82.5,0.04116210528
-82.4,0.04127056076
-82.3,0.04137901623
-82.2,0.0414874717
-82.1,0.04159592717
-82,0.04170438264
-81.9,0.04181283811
-81.8,0.04192129358
-81.7,0.04202974905
-81.6,0.04213820452
-81.5,0.04223663948
-81.4,0.04233507443
-81.3,0.04243350939
-81.2,0.04253194435
-81.1,0.04263037931
-81,0.04272881427
-80.9,0.04282724922
-80.8,0.04292568418
-80.7,0.04302411914
-80.6,0.0431225541
-80.5,0.04322098905
-80.4,0.04331942401
-80.3,0.04341785897
-80.2,0.04351629393
-80.1,0.04361472888
-80,0.04371316384
-79.9,0.0438115988
-79.8,0.04391003376
-79.7,0.04400846872
-79.6,0.04410690367
-79.5,0.04441373081
-79.4,0.04472055795
-79.3,0.04502738508
-79.2,0.04533421222
-79.1,0.04564103936
-79,0.0459478665
-78.9,0.04625469363
-78.8,0.04656152077
-78.7,0.04686834791
-78.6,0.04717517505
-78.5,0.04748200218
-78.4,0.04778882932
-78.3,0.04809565646
-78.2,0.04840248359
-78.1,0.04870931073
-78,0.04901613787
-77.9,0.04932296501
-77.8,0.04962979214
-77.7,0.04993661928
-77.6,0.05024344642
-77.5,0.05041755963
-77.4,0.05059167285
-77.3,0.05076578606
-77.2,0.05093989928
-77.1,0.0511140125
-77,0.05128812571
-76.9,0.05146223893
-76.8,0.05163635214
-76.7,0.05181046536
-76.6,0.05198457857
-76.5,0.05215869179
-76.4,0.05233280501
-76.3,0.05250691822
-76.2,0.05268103144
-76.1,0.05285514465
-76,0.05302925787
-75.9,0.05320337108
-75.8,0.0533774843
-75.7,0.05355159752
-75.6,0.05372571073
-75.5,0.05401186994
-75.4,0.05429802915
-75.3,0.05458418836
-75.2,0.05487034756
-75.1,0.05515650677
-75,0.05544266598
-74.9,0.05572882519
-74.8,0.0560149844
-74.7,0.0563011436
-74.6,0.05658730281
-74.5,0.05687346202
-74.4,0.05715962123
-74.3,0.05744578044
-74.2,0.05773193965
-74.1,0.05801809885
-74,0.05830425806
-73.9,0.05859041727
-73.8,0.05887657648
-73.7,0.05916273569
-73.6,0.05944889489
-73.5,0.05955928066
-73.4,0.05966966643
-73.3,0.0597800522
-73.2,0.05989043797
-73.1,0.06000082374
-73,0.06011120951
-72.9,0.06022159528
-72.8,0.06033198105
-72.7,0.06044236682
-72.6,0.06055275259
-72.5,0.06066313836
-72.4,0.06077352413
-72.3,0.0608839099
-72.2,0.06099429567
-72.1,0.06110468144
-72,0.06121506721
-71.9,0.06132545298
-71.8,0.06143583875
-71.7,0.06154622452
-71.6,0.06165661029
-71.5,0.06209494168
-71.4,0.06253327308
-71.3,0.06297160448
-71.2,0.06340993587
-71.1,0.06384826727
-71,0.06428659867
-70.9,0.06472493006
-70.8,0.06516326146
-70.7,0.06560159286
-70.6,0.06603992425
-70.5,0.06647825565
-70.4,0.06691658705
-70.3,0.06735491845
-70.2,0.06779324984
-70.1,0.06823158124
-70,0.06866991264
-69.9,0.06910824403
-69.8,0.06954657543
-69.7,0.06998490683
-69.6,0.07042323822
-69.5,0.07150145809
-69.4,0.07257967796
-69.3,0.07365789783
-69.2,0.0747361177
-69.1,0.07581433756
-69,0.07689255743
-68.9,0.0779707773
-68.8,0.07904899717
-68.7,0.08012721704
-68.6,0.0812054369
-68.5,0.08228365677
-68.4,0.08336187664
-68.3,0.08444009651
-68.2,0.08551831638
-68.1,0.08659653625
-68,0.08767475611
-67.9,0.08875297598
-67.8,0.08983119585
-67.7,0.09090941572
-67.6,0.09198763559
-67.5,0.09302272978
-67.4,0.09405782397
-67.3,0.09509291817
-67.2,0.09612801236
-67.1,0.09716310655
-67,0.09819820075
-66.9,0.09923329494
-66.8,0.1002683891
-66.7,0.1013034833
-66.6,0.1023385775
-66.5,0.1033736717
-66.4,0.1044087659
-66.3,0.1054438601
-66.2,0.1064789543
-66.1,0.1075140485
-66,0.1085491427
-65.9,0.1095842369
-65.8,0.1106193311
-65.7,0.1116544253
-65.6,0.1126895194
-65.5,0.1149961543
-65.4,0.1173027892
-65.3,0.1196094241
-65.2,0.121916059
-65.1,0.1242226938
-65,0.1265293287
-64.9,0.1288359636
-64.8,0.1311425985
-64.7,0.1334492333
-64.6,0.1357558682
-64.5,0.1380625031
-64.4,0.140369138
-64.3,0.1426757729
-64.2,0.1449824077
-64.1,0.1472890426
-64,0.1495956775
-63.9,0.1519023124
-63.8,0.1542089472
-63.7,0.1565155821
-63.6,0.158822217
-63.5,0.1618289338
-63.4,0.1648356507
-63.3,0.1678423675
-63.2,0.1708490844
-63.1,0.1738558012
-63,0.1768625181
-62.9,0.1798692349
-62.8,0.1828759518
-62.7,0.1858826686
-62.6,0.1888893854
-62.5,0.1918961023
-62.4,0.1949028191
-62.3,0.197909536
-62.2,0.2009162528
-62.1,0.2039229697
-62,0.2069296865
-61.9,0.2099364033
-61.8,0.2129431202
-61.7,0.215949837
-61.6,0.2189565539
-61.5,0.2247395179
-61.4,0.2305224819
-61.3,0.236305446
-61.2,0.24208841
-61.1,0.247871374
-61,0.253654338
-60.9,0.259437302
-60.8,0.2652202661
-60.7,0.2710032301
-60.6,0.2767861941
-60.5,0.2825691581
-60.4,0.2883521222
-60.3,0.2941350862
-60.2,0.2999180502
-60.1,0.3057010142
-60,0.3114839783
-59.9,0.3172669423
-59.8,0.3230499063
-59.7,0.3288328703
-59.6,0.3346158344
-59.5,0.3425133828
-59.4,0.3504109313
-59.3,0.3583084797
-59.2,0.3662060282
-59.1,0.3741035767
-59,0.3820011251
-58.9,0.3898986736
-58.8,0.397796222
-58.7,0.4056937705
-58.6,0.413591319
-58.5,0.4214888674
-58.4,0.4293864159
-58.3,0.4372839643
-58.2,0.4451815128
-58.1,0.4530790613
-58,0.4609766097
-57.9,0.4688741582
-57.8,0.4767717067
-57.7,0.4846692551
-57.6,0.4925668036
-57.5,0.502817265
-57.4,0.5130677264
-57.3,0.5233181878
-57.2,0.5335686492
-57.1,0.5438191106
-57,0.554069572
-56.9,0.5643200334
-56.8,0.5745704948
-56.7,0.5848209562
-56.6,0.5950714176
-56.5,0.605321879
-56.4,0.6155723404
-56.3,0.6258228018
-56.2,0.6360732632
-56.1,0.6463237246
-56,0.656574186
-55.9,0.6668246474
-55.8,0.6770751088
-55.7,0.6873255702
-55.6,0.6975760316
-55.5,0.7082017127
-55.4,0.7188273939
-55.3,0.729453075
-55.2,0.7400787561
-55.1,0.7507044372
-55,0.7613301184
-54.9,0.7719557995
-54.8,0.7825814806
-54.7,0.7932071618
-54.6,0.8038328429
-54.5,0.814458524
-54.4,0.8250842052
-54.3,0.8357098863
-54.2,0.8463355674
-54.1,0.8569612486
-54,0.8675869297
-53.9,0.8782126108
-53.8,0.8888382919
-53.7,0.8994639731
-53.6,0.9100896542
-53.5,0.9203361021
-53.4,0.93058255
-53.3,0.9408289979
-53.2,0.9510754458
-53.1,0.9613218937
-53,0.9715683416
-52.9,0.9818147895
-52.8,0.9920612374
-52.7,1.002307685
-52.6,1.012554133
-52.5,1.022800581
-52.4,1.033047029
-52.3,1.043293477
-52.2,1.053539925
-52.1,1.063786373
-52,1.074032821
-51.9,1.084279268
-51.8,1.094525716
-51.7,1.104772164
-51.6,1.115018612
-51.5,1.121885636
-51.4,1.128752661
-51.3,1.135619685
-51.2,1.14248671
-51.1,1.149353734
-51,1.156220758
-50.9,1.163087783
-50.8,1.169954807
-50.7,1.176821831
-50.6,1.183688856
-50.5,1.19055588
-50.4,1.197422905
-50.3,1.204289929
-50.2,1.211156953
-50.1,1.218023978
-50,1.224891002
-49.9,1.231758027
-49.8,1.238625051
-49.7,1.245492075
-49.6,1.2523591
-49.5,1.257254951
-49.4,1.262150801
-49.3,1.267046652
-49.2,1.271942503
-49.1,1.276838354
-49,1.281734205
-48.9,1.286630056
-48.8,1.291525907
-48.7,1.296421757
-48.6,1.301317608
-48.5,1.306213459
-48.4,1.31110931
-48.3,1.316005161
-48.2,1.320901012
-48.1,1.325796863
-48,1.330692714
-47.9,1.335588564
-47.8,1.340484415
-47.7,1.345380266
-47.6,1.350276117
-47.5,1.352603119
-47.4,1.354930122
-47.3,1.357257124
-47.2,1.359584127
-47.1,1.361911129
-47,1.364238132
-46.9,1.366565134
-46.8,1.368892136
-46.7,1.371219139
-46.6,1.373546141
-46.5,1.375873144
-46.4,1.378200146
-46.3,1.380527149
-46.2,1.382854151
-46.1,1.385181153
-46,1.387508156
-45.9,1.389835158
-45.8,1.392162161
-45.7,1.394489163
-45.6,1.396816166
-45.5,1.39861734
-45.4,1.400418514
-45.3,1.402219688
-45.2,1.404020863
-45.1,1.405822037
-45,1.407623211
-44.9,1.409424386
-44.8,1.41122556
-44.7,1.413026734
-44.6,1.414827908
-44.5,1.416629083
-44.4,1.418430257
-44.3,1.420231431
-44.2,1.422032606
-44.1,1.42383378
-44,1.425634954
-43.9,1.427436128
-43.8,1.429237303
-43.7,1.431038477
-43.6,1.432839651
-43.5,1.433411328
-43.4,1.433983004
-43.3,1.43455468
-43.2,1.435126357
-43.1,1.435698033
-43,1.436269709
-42.9,1.436841386
-42.8,1.437413062
-42.7,1.437984739
-42.6,1.438556415
-42.5,1.439128091
-42.4,1.439699768
-42.3,1.440271444
-42.2,1.44084312
-42.1,1.441414797
-42,1.441986473
-41.9,1.442558149
-41.8,1.443129826
-41.7,1.443701502
-41.6,1.444273179
-41.5,1.444573143
-41.4,1.444873107
-41.3,1.445173072
-41.2,1.445473036
-41.1,1.445773001
-41,1.446072965
-40.9,1.44637293
-40.8,1.446672894
-40.7,1.446972859
-40.6,1.447272823
-40.5,1.447572788
-40.4,1.447872752
-40.3,1.448172716
-40.2,1.448472681
-40.1,1.448772645
-40,1.44907261
-39.9,1.449372574
-39.8,1.449672539
-39.7,1.449972503
-39.6,1.450272468
-39.5,1.45170824
-39.4,1.453144013
-39.3,1.454579785
-39.2,1.456015557
-39.1,1.45745133
-39,1.458887102
-38.9,1.460322875
-38.8,1.461758647
-38.7,1.46319442
-38.6,1.464630192
-38.5,1.466065965
-38.4,1.467501737
-38.3,1.46893751
-38.2,1.470373282
-38.1,1.471809054
-38,1.473244827
-37.9,1.474680599
-37.8,1.476116372
-37.7,1.477552144
-37.6,1.478987917
-37.5,1.479363952
-37.4,1.479739988
-37.3,1.480116023
-37.2,1.480492059
-37.1,1.480868094
-37,1.48124413
-36.9,1.481620165
-36.8,1.481996201
-36.7,1.482372236
-36.6,1.482748272
-36.5,1.483124307
-36.4,1.483500343
-36.3,1.483876378
-36.2,1.484252414
-36.1,1.484628449
-36,1.485004485
-35.9,1.485380521
-35.8,1.485756556
-35.7,1.486132592
-35.6,1.486508627
-35.5,1.486381835
-35.4,1.486255043
-35.3,1.48612825
-35.2,1.486001458
-35.1,1.485874666
-35,1.485747874
-34.9,1.485621081
-34.8,1.485494289
-34.7,1.485367497
-34.6,1.485240705
-34.5,1.485113912
-34.4,1.48498712
-34.3,1.484860328
-34.2,1.484733536
-34.1,1.484606743
-34,1.484479951
-33.9,1.484353159
-33.8,1.484226367
-33.7,1.484099574
-33.6,1.483972782
-33.5,1.484721657
-33.4,1.485470531
-33.3,1.486219405
-33.2,1.48696828
-33.1,1.487717154
-33,1.488466028
-32.9,1.489214903
-32.8,1.489963777
-32.7,1.490712652
-32.6,1.491461526
-32.5,1.4922104
-32.4,1.492959275
-32.3,1.493708149
-32.2,1.494457024
-32.1,1.495205898
-32,1.495954772
-31.9,1.496703647
-31.8,1.497452521
-31.7,1.498201396
-31.6,1.49895027
-31.5,1.500170552
-31.4,1.501390834
-31.3,1.502611116
-31.2,1.503831398
-31.1,1.50505168
-31,1.506271962
-30.9,1.507492244
-30.8,1.508712526
-30.7,1.509932808
-30.6,1.511153089
-30.5,1.512373371
-30.4,1.513593653
-30.3,1.514813935
-30.2,1.516034217
-30.1,1.517254499
-30,1.518474781
-29.9,1.519695063
-29.8,1.520915345
-29.7,1.522135627
-29.6,1.523355909
-29.5,1.522887278
-29.4,1.522418646
-29.3,1.521950015
-29.2,1.521481383
-29.1,1.521012752
-29,1.520544121
-28.9,1.520075489
-28.8,1.519606858
-28.7,1.519138226
-28.6,1.518669595
-28.5,1.518200963
-28.4,1.517732332
-28.3,1.517263701
-28.2,1.516795069
-28.1,1.516326438
-28,1.515857806
-27.9,1.515389175
-27.8,1.514920544
-27.7,1.514451912
-27.6,1.513983281
-27.5,1.514147628
-27.4,1.514311976
-27.3,1.514476324
-27.2,1.514640671
-27.1,1.514805019
-27,1.514969367
-26.9,1.515133714
-26.8,1.515298062
-26.7,1.515462409
-26.6,1.515626757
-26.5,1.515791105
-26.4,1.515955452
-26.3,1.5161198
-26.2,1.516284148
-26.1,1.516448495
-26,1.516612843
-25.9,1.51677719
-25.8,1.516941538
-25.7,1.517105886
-25.6,1.517270233
-25.5,1.516367105
-25.4,1.515463977
-25.3,1.514560848
-25.2,1.51365772
-25.1,1.512754592
-25,1.511851463
-24.9,1.510948335
-24.8,1.510045206
-24.7,1.509142078
-24.6,1.50823895
-24.5,1.507335821
-24.4,1.506432693
-24.3,1.505529565
-24.2,1.504626436
-24.1,1.503723308
-24,1.502820179
-23.9,1.501917051
-23.8,1.501013923
-23.7,1.500110794
-23.6,1.499207666
-23.5,1.500714647
-23.4,1.502221628
-23.3,1.50372861
-23.2,1.505235591
-23.1,1.506742572
-23,1.508249553
-22.9,1.509756534
-22.8,1.511263516
-22.7,1.512770497
-22.6,1.514277478
-22.5,1.515784459
-22.4,1.51729144
-22.3,1.518798422
-22.2,1.520305403
-22.1,1.521812384
-22,1.523319365
-21.9,1.524826346
-21.8,1.526333328
-21.7,1.527840309
-21.6,1.52934729
-21.5,1.528825875
-21.4,1.52830446
-21.3,1.527783044
-21.2,1.527261629
-21.1,1.526740214
-21,1.526218799
-20.9,1.525697383
-20.8,1.525175968
-20.7,1.524654553
-20.6,1.524133138
-20.5,1.523611723
-20.4,1.523090307
-20.3,1.522568892
-20.2,1.522047477
-20.1,1.521526062
-20,1.521004647
-19.9,1.520483231
-19.8,1.519961816
-19.7,1.519440401
-19.6,1.518918986
-19.5,1.518822353
-19.4,1.51872572
-19.3,1.518629087
-19.2,1.518532454
-19.1,1.518435822
-19,1.518339189
-18.9,1.518242556
-18.8,1.518145923
-18.7,1.51804929
-18.6,1.517952657
-18.5,1.517856025
-18.4,1.517759392
-18.3,1.517662759
-18.2,1.517566126
-18.1,1.517469493
-18,1.51737286
-17.9,1.517276228
-17.8,1.517179595
-17.7,1.517082962
-17.6,1.516986329
-17.5,1.516914463
-17.4,1.516842597
-17.3,1.516770731
-17.2,1.516698865
-17.1,1.516626999
-17,1.516555133
-16.9,1.516483267
-16.8,1.516411401
-16.7,1.516339536
-16.6,1.51626767
-16.5,1.516195804
-16.4,1.516123938
-16.3,1.516052072
-16.2,1.515980206
-16.1,1.51590834
-16,1.515836474
-15.9,1.515764608
-15.8,1.515692742
-15.7,1.515620876
-15.6,1.51554901
-15.5,1.51571904
-15.4,1.515889069
-15.3,1.516059099
-15.2,1.516229128
-15.1,1.516399158
-15,1.516569187
-14.9,1.516739217
-14.8,1.516909246
-14.7,1.517079276
-14.6,1.517249305
-14.5,1.517419335
-14.4,1.517589364
-14.3,1.517759394
-14.2,1.517929424
-14.1,1.518099453
-14,1.518269483
-13.9,1.518439512
-13.8,1.518609542
-13.7,1.518779571
-13.6,1.518949601
-13.5,1.518755697
-13.4,1.518561794
-13.3,1.51836789
-13.2,1.518173986
-13.1,1.517980083
-13,1.517786179
-12.9,1.517592276
-12.8,1.517398372
-12.7,1.517204468
-12.6,1.517010565
-12.5,1.516816661
-12.4,1.516622758
-12.3,1.516428854
-12.2,1.516234951
-12.1,1.516041047
-12,1.515847143
-11.9,1.51565324
-11.8,1.515459336
-11.7,1.515265433
-11.6,1.515071529
-11.5,1.515023208
-11.4,1.514974887
-11.3,1.514926565
-11.2,1.514878244
-11.1,1.514829923
-11,1.514781602
-10.9,1.51473328
-10.8,1.514684959
-10.7,1.514636638
-10.6,1.514588316
-10.5,1.514539995
-10.4,1.514491674
-10.3,1.514443353
-10.2,1.514395031
-10.1,1.51434671
-10,1.514298389
-9.9,1.514250068
-9.8,1.514201746
-9.7,1.514153425
-9.6,1.514105104
-9.5,1.514369154
-9.4,1.514633204
-9.3,1.514897254
-9.2,1.515161304
-9.1,1.515425354
-9,1.515689405
-8.9,1.515953455
-8.8,1.516217505
-8.7,1.516481555
-8.6,1.516745605
-8.5,1.517009655
-8.4,1.517273705
-8.3,1.517537755
-8.2,1.517801806
-8.1,1.518065856
-8,1.518329906
-7.9,1.518593956
-7.8,1.518858006
-7.7,1.519122056
-7.6,1.519386106
-7.5,1.518821133
-7.4,1.518256159
-7.3,1.517691186
-7.2,1.517126212
-7.1,1.516561239
-7,1.515996266
-6.9,1.515431292
-6.8,1.514866319
-6.7,1.514301345
-6.6,1.513736372
-6.5,1.513171398
-6.4,1.512606425
-6.3,1.512041451
-6.2,1.511476478
-6.1,1.510911504
-6,1.510346531
-5.9,1.509781558
-5.8,1.509216584
-5.7,1.508651611
-5.6,1.508086637
-5.5,1.508479411
-5.4,1.508872185
-5.3,1.509264959
-5.2,1.509657733
-5.1,1.510050506
-5,1.51044328
-4.9,1.510836054
-4.8,1.511228828
-4.7,1.511621602
-4.6,1.512014376
-4.5,1.51240715
-4.4,1.512799923
-4.3,1.513192697
-4.2,1.513585471
-4.1,1.513978245
-4,1.514371019
-3.9,1.514763793
-3.8,1.515156566
-3.7,1.51554934
-3.6,1.515942114
-3.5,1.516186126
-3.4,1.516430138
-3.3,1.51667415
-3.2,1.516918161
-3.1,1.517162173
-3,1.517406185
-2.9,1.517650197
-2.8,1.517894209
-2.7,1.518138221
-2.6,1.518382232
-2.5,1.518626244
-2.4,1.518870256
-2.3,1.519114268
-2.2,1.51935828
-2.1,1.519602291
-2,1.519846303
-1.9,1.520090315
-1.8,1.520334327
-1.7,1.520578339
-1.6,1.520822351
-1.5,1.521223495
-1.4,1.521624639
-1.3,1.522025782
-1.2,1.522426926
-1.1,1.52282807
-1,1.523229214
-0.9,1.523630358
-0.8,1.524031502
-0.7,1.524432646
-0.6,1.52483379
-0.5,1.525234934
-0.4,1.525636078
-0.3,1.526037222
-0.2,1.526438366
-0.1,1.52683951
0,1.527240654
0.1,1.527641798
0.2,1.528042942
0.3,1.528444086
0.4,1.52884523
0.5,1.529450882
0.6,1.530056534
0.7,1.530662187
0.8,1.531267839
0.9,1.531873491
1,1.532479143
1.1,1.533084796
1.2,1.533690448
1.3,1.5342961
1.4,1.534901752
1.5,1.535507404
1.6,1.536113057
1.7,1.536718709
1.8,1.537324361
1.9,1.537930013
2,1.538535666
2.1,1.539141318
2.2,1.53974697
2.3,1.540352622
2.4,1.540958275
2.5,1.540380101
2.6,1.539801927
2.7,1.539223753
2.8,1.538645579
2.9,1.538067405
3,1.537489231
3.1,1.536911057
3.2,1.536332883
3.3,1.535754709
3.4,1.535176535
3.5,1.534598361
3.6,1.534020187
3.7,1.533442013
3.8,1.532863839
3.9,1.532285666
4,1.531707492
4.1,1.531129318
4.2,1.530551144
4.3,1.52997297
4.4,1.529394796
4.5,1.529372645
4.6,1.529350495
4.7,1.529328344
4.8,1.529306194
4.9,1.529284043
5,1.529261893
5.1,1.529239742
5.2,1.529217592
5.3,1.529195441
5.4,1.529173291
5.5,1.52915114
5.6,1.52912899
5.7,1.529106839
5.8,1.529084689
5.9,1.529062538
6,1.529040388
6.1,1.529018237
6.2,1.528996087
6.3,1.528973936
6.4,1.528951786
6.5,1.529380511
6.6,1.529809237
6.7,1.530237963
6.8,1.530666689
6.9,1.531095414
7,1.53152414
7.1,1.531952866
7.2,1.532381591
7.3,1.532810317
7.4,1.533239043
7.5,1.533667768
7.6,1.534096494
7.7,1.53452522
7.8,1.534953946
7.9,1.535382671
8,1.535811397
8.1,1.536240123
8.2,1.536668848
8.3,1.537097574
8.4,1.5375263
8.5,1.53854673
8.6,1.539567161
8.7,1.540587591
8.8,1.541608021
8.9,1.542628452
9,1.543648882
9.1,1.544669313
9.2,1.545689743
9.3,1.546710174
9.4,1.547730604
9.5,1.548751035
9.6,1.549771465
9.7,1.550791895
9.8,1.551812326
9.9,1.552832756
10,1.553853187
10.1,1.554873617
10.2,1.555894048
10.3,1.556914478
10.4,1.557934908
10.5,1.557103849
10.6,1.556272789
10.7,1.555441729
10.8,1.554610669
10.9,1.553779609
11,1.55294855
11.1,1.55211749
11.2,1.55128643
11.3,1.55045537
11.4,1.54962431
11.5,1.548793251
11.6,1.547962191
11.7,1.547131131
11.8,1.546300071
11.9,1.545469011
12,1.544637952
12.1,1.543806892
12.2,1.542975832
12.3,1.542144772
12.4,1.541313712
12.5,1.542043549
12.6,1.542773385
12.7,1.543503221
12.8,1.544233058
12.9,1.544962894
13,1.545692731
13.1,1.546422567
13.2,1.547152403
13.3,1.54788224
13.4,1.548612076
13.5,1.549341913
13.6,1.550071749
13.7,1.550801585
13.8,1.551531422
13.9,1.552261258
14,1.552991094
14.1,1.553720931
14.2,1.554450767
14.3,1.555180604
14.4,1.55591044
14.5,1.556280063
14.6,1.556649687
14.7,1.55701931
14.8,1.557388933
14.9,1.557758556
15,1.55812818
15.1,1.558497803
15.2,1.558867426
15.3,1.55923705
15.4,1.559606673
15.5,1.559976296
15.6,1.560345919
15.7,1.560715543
15.8,1.561085166
15.9,1.561454789
16,1.561824413
16.1,1.562194036
16.2,1.562563659
16.3,1.562933282
16.4,1.563302906
16.5,1.563616274
16.6,1.563929643
16.7,1.564243012
16.8,1.564556381
16.9,1.564869749
17,1.565183118
17.1,1.565496487
17.2,1.565809856
17.3,1.566123224
17.4,1.566436593
17.5,1.566749962
17.6,1.56706333
17.7,1.567376699
17.8,1.567690068
17.9,1.568003437
18,1.568316805
18.1,1.568630174
18.2,1.568943543
18.3,1.569256912
18.4,1.56957028
18.5,1.56965933
18.6,1.56974838
18.7,1.569837429
18.8,1.569926479
18.9,1.570015528
19,1.570104578
19.1,1.570193628
19.2,1.570282677
19.3,1.570371727
19.4,1.570460777
19.5,1.570549826
19.6,1.570638876
19.7,1.570727926
19.8,1.570816975
19.9,1.570906025
20,1.570995074
20.1,1.571084124
20.2,1.571173174
20.3,1.571262223
20.4,1.571351273
20.5,1.570392607
20.6,1.56943394
20.7,1.568475274
20.8,1.567516607
20.9,1.566557941
21,1.565599274
21.1,1.564640608
21.2,1.563681942
21.3,1.562723275
21.4,1.561764609
21.5,1.560805942
21.6,1.559847276
21.7,1.55888861
21.8,1.557929943
21.9,1.556971277
22,1.55601261
22.1,1.555053944
22.2,1.554095277
22.3,1.553136611
22.4,1.552177945
22.5,1.552123554
22.6,1.552069164
22.7,1.552014774
22.8,1.551960383
22.9,1.551905993
23,1.551851603
23.1,1.551797213
23.2,1.551742822
23.3,1.551688432
23.4,1.551634042
23.5,1.551579651
23.6,1.551525261
23.7,1.551470871
23.8,1.551416481
23.9,1.55136209
24,1.5513077
24.1,1.55125331
24.2,1.551198919
24.3,1.551144529
24.4,1.551090139
24.5,1.551214703
24.6,1.551339268
24.7,1.551463832
24.8,1.551588396
24.9,1.551712961
25,1.551837525
25.1,1.55196209
25.2,1.552086654
25.3,1.552211218
25.4,1.552335783
25.5,1.552460347
25.6,1.552584912
25.7,1.552709476
25.8,1.552834041
25.9,1.552958605
26,1.553083169
26.1,1.553207734
26.2,1.553332298
26.3,1.553456863
26.4,1.553581427
26.5,1.554206601
26.6,1.554831775
26.7,1.555456948
26.8,1.556082122
26.9,1.556707296
27,1.55733247
27.1,1.557957644
27.2,1.558582818
27.3,1.559207991
27.4,1.559833165
27.5,1.560458339
27.6,1.561083513
27.7,1.561708687
27.8,1.56233386
27.9,1.562959034
28,1.563584208
28.1,1.564209382
28.2,1.564834556
28.3,1.56545973
28.4,1.566084903
28.5,1.56622377
28.6,1.566362638
28.7,1.566501505
28.8,1.566640372
28.9,1.566779239
29,1.566918106
29.1,1.567056973
29.2,1.56719584
29.3,1.567334707
29.4,1.567473574
29.5,1.567612441
29.6,1.567751308
29.7,1.567890176
29.8,1.568029043
29.9,1.56816791
30,1.568306777
30.1,1.568445644
30.2,1.568584511
30.3,1.568723378
30.4,1.568862245
30.5,1.569401763
30.6,1.569941281
30.7,1.570480798
30.8,1.571020316
30.9,1.571559834
31,1.572099352
31.1,1.57263887
31.2,1.573178387
31.3,1.573717905
31.4,1.574257423
31.5,1.574796941
31.6,1.575336458
31.7,1.575875976
31.8,1.576415494
31.9,1.576955012
32,1.57749453
32.1,1.578034047
32.2,1.578573565
32.3,1.579113083
32.4,1.579652601
32.5,1.580035919
32.6,1.580419237
32.7,1.580802556
32.8,1.581185874
32.9,1.581569192
33,1.581952511
33.1,1.582335829
33.2,1.582719147
33.3,1.583102466
33.4,1.583485784
33.5,1.583869102
33.6,1.584252421
33.7,1.584635739
33.8,1.585019057
33.9,1.585402376
34,1.585785694
34.1,1.586169012
34.2,1.586552331
34.3,1.586935649
34.4,1.587318968
34.5,1.587037556
34.6,1.586756145
34.7,1.586474734
34.8,1.586193322
34.9,1.585911911
35,1.585630499
35.1,1.585349088
35.2,1.585067677
35.3,1.584786265
35.4,1.584504854
35.5,1.584223443
35.6,1.583942031
35.7,1.58366062
35.8,1.583379209
35.9,1.583097797
36,1.582816386
36.1,1.582534975
36.2,1.582253563
36.3,1.581972152
36.4,1.581690741
36.5,1.577232263
36.6,1.572773785
36.7,1.568315306
36.8,1.563856828
36.9,1.55939835
37,1.554939872
37.1,1.550481394
37.2,1.546022916
37.3,1.541564438
37.4,1.53710596
37.5,1.532647482
37.6,1.528189003
37.7,1.523730525
37.8,1.519272047
37.9,1.514813569
38,1.510355091
38.1,1.505896613
38.2,1.501438135
38.3,1.496979657
38.4,1.492521179
38.5,1.431954767
38.6,1.371388355
38.7,1.310821944
38.8,1.250255532
38.9,1.189689121
39,1.129122709
39.1,1.068556298
39.2,1.007989886
39.3,0.9474234746
39.4,0.886857063
39.5,0.8262906515
39.6,0.7657242399
39.7,0.7051578283
39.8,0.6445914168
39.9,0.5840250052
40,0.5234585937
40.1,0.4628921821
40.2,0.4023257705
40.3,0.341759359
40.4,0.2811929474
40.5,0.2707024952
40.6,0.2602120429
40.7,0.2497215907
40.8,0.2392311384
40.9,0.2287406861
41,0.2182502339
41.1,0.2077597816
41.2,0.1972693294
41.3,0.1867788771
41.4,0.1762884249
41.5,0.1657979726
41.6,0.1553075203
41.7,0.1448170681
41.8,0.1343266158
41.9,0.1238361636
42,0.1133457113
42.1,0.1028552591
42.2,0.0923648068
42.3,0.08187435454
42.4,0.07138390228
42.5,0.07023137643
42.6,0.06907885058
42.7,0.06792632473
42.8,0.06677379888
42.9,0.06562127303
43,0.06446874718
43.1,0.06331622133
43.2,0.06216369548
43.3,0.06101116963
43.4,0.05985864378
43.5,0.05870611793
43.6,0.05755359208
43.7,0.05640106623
43.8,0.05524854038
43.9,0.05409601453
44,0.05294348868
44.1,0.05179096283
44.2,0.05063843698
44.3,0.04948591113
44.4,0.04833338528
44.5,0.04791466233
44.6,0.04749593939
44.7,0.04707721645
44.8,0.04665849351
44.9,0.04623977056
45,0.04582104762
45.1,0.04540232468
45.2,0.04498360174
45.3,0.04456487879
45.4,0.04414615585
45.5,0.04372743291
45.6,0.04330870996
45.7,0.04288998702
45.8,0.04247126408
45.9,0.04205254114
46,0.04163381819
46.1,0.04121509525
46.2,0.04079637231
46.3,0.04037764936
46.4,0.03995892642
46.5,0.03964515115
46.6,0.03933137589
46.7,0.03901760062
46.8,0.03870382535
46.9,0.03839005009
47,0.03807627482
47.1,0.03776249955
47.2,0.03744872428
47.3,0.03713494902
47.4,0.03682117375
47.5,0.03650739848
47.6,0.03619362322
47.7,0.03587984795
47.8,0.03556607268
47.9,0.03525229741
48,0.03493852215
48.1,0.03462474688
48.2,0.03431097161
48.3,0.03399719634
48.4,0.03368342108
48.5,0.0334132179
48.6,0.03314301473
48.7,0.03287281156
48.8,0.03260260838
48.9,0.03233240521
49,0.03206220204
49.1,0.03179199886
49.2,0.03152179569
49.3,0.03125159252
49.4,0.03098138934
49.5,0.03071118617
49.6,0.03044098299
49.7,0.03017077982
49.8,0.02990057665
49.9,0.02963037347
50,0.0293601703
50.1,0.02908996713
50.2,0.02881976395
50.3,0.02854956078
50.4,0.02827935761
50.5,0.02816094908
50.6,0.02804254056
50.7,0.02792413204
50.8,0.02780572351
50.9,0.02768731499
51,0.02756890647
51.1,0.02745049794
51.2,0.02733208942
51.3,0.0272136809
51.4,0.02709527237
51.5,0.02697686385
51.6,0.02685845532
51.7,0.0267400468
51.8,0.02662163828
51.9,0.02650322975
52,0.02638482123
52.1,0.02626641271
52.2,0.02614800418
52.3,0.02602959566
52.4,0.02591118714
52.5,0.025752651
52.6,0.02559411486
52.7,0.02543557872
52.8,0.02527704258
52.9,0.02511850644
53,0.0249599703
53.1,0.02480143416
53.2,0.02464289802
53.3,0.02448436188
53.4,0.02432582574
53.5,0.0241672896
53.6,0.02400875346
53.7,0.02385021732
53.8,0.02369168118
53.9,0.02353314504
54,0.0233746089
54.1,0.02321607276
54.2,0.02305753662
54.3,0.02289900048
54.4,0.02274046434
54.5,0.02251392273
54.6,0.02228738113
54.7,0.02206083952
54.8,0.02183429791
54.9,0.02160775631
55,0.0213812147
55.1,0.02115467309
55.2,0.02092813149
55.3,0.02070158988
55.4,0.02047504827
55.5,0.02024850667
55.6,0.02002196506
55.7,0.01979542345
55.8,0.01956888185
55.9,0.01934234024
56,0.01911579863
56.1,0.01888925703
56.2,0.01866271542
56.3,0.01843617381
56.4,0.01820963221
56.5,0.01811880944
56.6,0.01802798668
56.7,0.01793716392
56.8,0.01784634116
56.9,0.01775551839
57,0.01766469563
57.1,0.01757387287
57.2,0.01748305011
57.3,0.01739222735
57.4,0.01730140458
57.5,0.01721058182
57.6,0.01711975906
57.7,0.0170289363
57.8,0.01693811353
57.9,0.01684729077
58,0.01675646801
58.1,0.01666564525
58.2,0.01657482249
58.3,0.01648399972
58.4,0.01639317696
58.5,0.01625192499
58.6,0.01611067301
58.7,0.01596942104
58.8,0.01582816906
58.9,0.01568691709
59,0.01554566512
59.1,0.01540441314
59.2,0.01526316117
59.3,0.01512190919
59.4,0.01498065722
59.5,0.01483940524
59.6,0.01469815327
59.7,0.0145569013
59.8,0.01441564932
59.9,0.01427439735
60,0.01413314537
60.1,0.0139918934
60.2,0.01385064143
60.3,0.01370938945
60.4,0.01356813748
60.5,0.01347999311
60.6,0.01339184874
60.7,0.01330370437
60.8,0.01321556
60.9,0.01312741563
61,0.01303927127
61.1,0.0129511269
61.2,0.01286298253
61.3,0.01277483816
61.4,0.01268669379
61.5,0.01259854942
61.6,0.01251040505
61.7,0.01242226068
61.8,0.01233411632
61.9,0.01224597195
62,0.01215782758
62.1,0.01206968321
62.2,0.01198153884
62.3,0.01189339447
62.4,0.0118052501
62.5,0.01173410882
62.6,0.01166296753
62.7,0.01159182625
62.8,0.01152068496
62.9,0.01144954368
63,0.01137840239
63.1,0.0113072611
63.2,0.01123611982
63.3,0.01116497853
63.4,0.01109383725
63.5,0.01102269596
63.6,0.01095155467
63.7,0.01088041339
63.8,0.0108092721
63.9,0.01073813082
64,0.01066698953
64.1,0.01059584825
64.2,0.01052470696
64.3,0.01045356567
64.4,0.01038242439
64.5,0.01031185627
64.6,0.01024128816
64.7,0.01017072005
64.8,0.01010015193
64.9,0.01002958382
65,0.009959015706
65.1,0.009888447593
65.2,0.009817879479
65.3,0.009747311365
65.4,0.009676743252
65.5,0.009606175138
65.6,0.009535607024
65.7,0.009465038911
65.8,0.009394470797
65.9,0.009323902684
66,0.00925333457
66.1,0.009182766456
66.2,0.009112198343
66.3,0.009041630229
66.4,0.008971062115
66.5,0.008959169177
66.6,0.008947276239
66.7,0.0089353833
66.8,0.008923490362
66.9,0.008911597423
67,0.008899704485
67.1,0.008887811546
67.2,0.008875918608
67.3,0.008864025669
67.4,0.008852132731
67.5,0.008840239792
67.6,0.008828346854
67.7,0.008816453915
67.8,0.008804560977
67.9,0.008792668038
68,0.0087807751
68.1,0.008768882162
68.2,0.008756989223
68.3,0.008745096285
68.4,0.008733203346
68.5,0.008696568376
68.6,0.008659933405
68.7,0.008623298435
68.8,0.008586663465
68.9,0.008550028495
69,0.008513393524
69.1,0.008476758554
69.2,0.008440123584
69.3,0.008403488613
69.4,0.008366853643
69.5,0.008330218673
69.6,0.008293583702
69.7,0.008256948732
69.8,0.008220313762
69.9,0.008183678792
70,0.008147043821
70.1,0.008110408851
70.2,0.008073773881
70.3,0.00803713891
70.4,0.00800050394
70.5,0.007957429274
70.6,0.007914354608
70.7,0.007871279942
70.8,0.007828205277
70.9,0.007785130611
71,0.007742055945
71.1,0.007698981279
71.2,0.007655906613
71.3,0.007612831947
71.4,0.007569757281
71.5,0.007526682615
71.6,0.00748360795
71.7,0.007440533284
71.8,0.007397458618
71.9,0.007354383952
72,0.007311309286
72.1,0.00726823462
72.2,0.007225159954
72.3,0.007182085288
72.4,0.007139010623
72.5,0.007123640187
72.6,0.007108269751
72.7,0.007092899316
72.8,0.00707752888
72.9,0.007062158444
73,0.007046788009
73.1,0.007031417573
73.2,0.007016047138
73.3,0.007000676702
73.4,0.006985306266
73.5,0.006969935831
73.6,0.006954565395
73.7,0.00693919496
73.8,0.006923824524
73.9,0.006908454088
74,0.006893083653
74.1,0.006877713217
74.2,0.006862342781
74.3,0.006846972346
74.4,0.00683160191
74.5,0.006830925418
74.6,0.006830248926
74.7,0.006829572433
74.8,0.006828895941
74.9,0.006828219449
75,0.006827542956
75.1,0.006826866464
75.2,0.006826189972
75.3,0.006825513479
75.4,0.006824836987
75.5,0.006824160495
75.6,0.006823484002
75.7,0.00682280751
75.8,0.006822131018
75.9,0.006821454525
76,0.006820778033
76.1,0.006820101541
76.2,0.006819425049
76.3,0.006818748556
76.4,0.006818072064
76.5,0.006838518204
76.6,0.006858964344
76.7,0.006879410484
76.8,0.006899856624
76.9,0.006920302764
77,0.006940748904
77.1,0.006961195044
77.2,0.006981641183
77.3,0.007002087323
77.4,0.007022533463
77.5,0.007042979603
77.6,0.007063425743
77.7,0.007083871883
77.8,0.007104318023
77.9,0.007124764163
78,0.007145210303
78.1,0.007165656443
78.2,0.007186102583
78.3,0.007206548723
78.4,0.007226994863
78.5,0.007149632948
78.6,0.007072271034
78.7,0.00699490912
78.8,0.006917547205
78.9,0.006840185291
79,0.006762823377
79.1,0.006685461462
79.2,0.006608099548
79.3,0.006530737634
79.4,0.006453375719
79.5,0.006376013805
79.6,0.006298651891
79.7,0.006221289976
79.8,0.006143928062
79.9,0.006066566148
80,0.005989204233
80.1,0.005911842319
80.2,0.005834480405
80.3,0.00575711849
80.4,0.005679756576
80.5,0.005649876824
80.6,0.005619997072
80.7,0.00559011732
80.8,0.005560237568
80.9,0.005530357817
81,0.005500478065
81.1,0.005470598313
81.2,0.005440718561
81.3,0.005410838809
81.4,0.005380959057
81.5,0.005351079305
81.6,0.005321199553
81.7,0.005291319801
81.8,0.005261440049
81.9,0.005231560298
82,0.005201680546
82.1,0.005171800794
82.2,0.005141921042
82.3,0.00511204129
82.4,0.005082161538
82.5,0.005086349968
82.6,0.005090538397
82.7,0.005094726827
82.8,0.005098915256
82.9,0.005103103686
83,0.005107292115
83.1,0.005111480545
83.2,0.005115668974
83.3,0.005119857404
83.4,0.005124045833
83.5,0.005128234263
83.6,0.005132422692
83.7,0.005136611122
83.8,0.005140799551
83.9,0.005144987981
84,0.00514917641
84.1,0.00515336484
84.2,0.005157553269
84.3,0.005161741699
84.4,0.005165930128
84.5,0.005143954661
84.6,0.005121979194
84.7,0.005100003727
84.8,0.00507802826
84.9,0.005056052793
85,0.005034077326
85.1,0.005012101859
85.2,0.004990126392
85.3,0.004968150925
85.4,0.004946175458
85.5,0.004924199991
85.6,0.004902224524
85.7,0.004880249057
85.8,0.004858273589
85.9,0.004836298122
86,0.004814322655
86.1,0.004792347188
86.2,0.004770371721
86.3,0.004748396254
86.4,0.004726420787
86.5,0.004707849795
86.6,0.004689278803
86.7,0.00467070781
86.8,0.004652136818
86.9,0.004633565826
87,0.004614994834
87.1,0.004596423842
87.2,0.004577852849
87.3,0.004559281857
87.4,0.004540710865
87.5,0.004522139873
87.6,0.00450356888
87.7,0.004484997888
87.8,0.004466426896
87.9,0.004447855904
88,0.004429284911
88.1,0.004410713919
88.2,0.004392142927
88.3,0.004373571935
88.4,0.004355000942
88.5,0.004367343022
88.6,0.004379685101
88.7,0.00439202718
88.8,0.004404369259
88.9,0.004416711338
89,0.004429053417
89.1,0.004441395497
89.2,0.004453737576
89.3,0.004466079655
89.4,0.004478421734
89.5,0.004490763813
89.6,0.004503105893
89.7,0.004515447972
89.8,0.004527790051
89.9,0.00454013213
90,0.004552474209
90.1,0.004564816288
90.2,0.004577158368
90.3,0.004589500447
90.4,0.004601842526
90.5,0.004591921191
90.6,0.004581999856
90.7,0.004572078521
90.8,0.004562157186
90.9,0.004552235851
91,0.004542314516
91.1,0.004532393181
91.2,0.004522471846
91.3,0.004512550511
91.4,0.004502629176
91.5,0.004492707841
91.6,0.004482786506
91.7,0.004472865171
91.8,0.004462943836
91.9,0.004453022501
92,0.004443101166
92.1,0.004433179831
92.2,0.004423258496
92.3,0.004413337161
92.4,0.004403415826
92.5,0.004371003725
92.6,0.004338591625
92.7,0.004306179524
92.8,0.004273767423
92.9,0.004241355322
93,0.004208943222
93.1,0.004176531121
93.2,0.00414411902
93.3,0.004111706919
93.4,0.004079294819
93.5,0.004046882718
93.6,0.004014470617
93.7,0.003982058516
93.8,0.003949646416
93.9,0.003917234315
94,0.003884822214
94.1,0.003852410113
94.2,0.003819998013
94.3,0.003787585912
94.4,0.003755173811
94.5,0.003779389537
94.6,0.003803605264
94.7,0.00382782099
94.8,0.003852036717
94.9,0.003876252443
95,0.00390046817
95.1,0.003924683896
95.2,0.003948899623
95.3,0.003973115349
95.4,0.003997331076
95.5,0.004021546802
95.6,0.004045762529
95.7,0.004069978255
95.8,0.004094193982
95.9,0.004118409708
96,0.004142625435
96.1,0.004166841161
96.2,0.004191056888
96.3,0.004215272614
96.4,0.004239488341
96.5,0.004236030135
96.6,0.004232571929
96.7,0.004229113723
96.8,0.004225655517
96.9,0.004222197311
97,0.004218739105
97.1,0.004215280899
97.2,0.004211822693
97.3,0.004208364487
97.4,0.004204906281
97.5,0.004201448075
97.6,0.004197989869
97.7,0.004194531663
97.8,0.004191073457
97.9,0.004187615251
98,0.004184157045
98.1,0.004180698839
98.2,0.004177240633
98.3,0.004173782427
98.4,0.004170324221
98.5,0.004148621552
98.6,0.004126918883
98.7,0.004105216215
98.8,0.004083513546
98.9,0.004061810877
99,0.004040108208
99.1,0.00401840554
99.2,0.003996702871
99.3,0.003975000202
99.4,0.003953297533
99.5,0.003931594864
99.6,0.003909892196
99.7,0.003888189527
99.8,0.003866486858
99.9,0.003844784189
100,0.00382308152
