X [mm],Dose [Gy]
-100.0,0.007600399753705197
-99.9,0.007580335284350772
-99.8,0.007560270814996345
-99.7,0.007540206345641921
-99.6,0.007520141876287493
-99.5,0.0076142318222666375
-99.4,0.007708321768245785
-99.3,0.007802411714224944
-99.2,0.00789650166020409
-99.1,0.00799059160618325
-99.0,0.008084681552162394
-98.9,0.008178771498141542
-98.8,0.0082728614441207
-98.7,0.008366951390099846
-98.6,0.008461041336079002
-98.5,0.00855513128205815
-98.4,0.008649221228037296
-98.3,0.008743311174016454
-98.2,0.0088374011199956
-98.1,0.00893149106597476
-98.0,0.009025581011953906
-97.9,0.00911967095793305
-97.8,0.00921376090391221
-97.7,0.009307850849891356
-97.6,0.009401940795870513
-97.5,0.00942467571576609
-97.4,0.009447410635661662
-97.3,0.009470145555557238
-97.2,0.009492880475452811
-97.1,0.009515615395348388
-97.0,0.009538350315243959
-96.9,0.009561085235139533
-96.8,0.009583820155035111
-96.7,0.009606555074930684
-96.6,0.00962928999482626
-96.5,0.009652024914721835
-96.4,0.009674759834617406
-96.3,0.009697494754512983
-96.2,0.009720229674408557
-96.1,0.009742964594304133
-96.0,0.009765699514199706
-95.9,0.00978843443409528
-95.8,0.009811169353990856
-95.7,0.009833904273886427
-95.6,0.009856639193782003
-95.5,0.00987730308593398
-95.4,0.009897966978085952
-95.3,0.00991863087023793
-95.2,0.009939294762389903
-95.1,0.009959958654541879
-95.0,0.009980622546693851
-94.9,0.010001286438845828
-94.8,0.010021950330997806
-94.7,0.010042614223149778
-94.6,0.010063278115301756
-94.5,0.010083942007453729
-94.4,0.010104605899605703
-94.3,0.01012526979175768
-94.2,0.010145933683909657
-94.1,0.01016659757606163
-94.0,0.010187261468213606
-93.9,0.010207925360365579
-93.8,0.010228589252517559
-93.7,0.01024925314466953
-93.6,0.010269917036821506
-93.5,0.010337438163020476
-93.4,0.01040495928921945
-93.3,0.010472480415418432
-93.2,0.010540001541617402
-93.1,0.010607522667816385
-93.0,0.010675043794015357
-92.9,0.01074256492021433
-92.8,0.010810086046413309
-92.7,0.01087760717261228
-92.6,0.010945128298811264
-92.5,0.011012649425010235
-92.4,0.011080170551209205
-92.3,0.011147691677408188
-92.2,0.01121521280360716
-92.1,0.011282733929806141
-92.0,0.011350255056005112
-91.9,0.011417776182204084
-91.8,0.011485297308403065
-91.7,0.011552818434602038
-91.6,0.01162033956080102
-91.5,0.011657863751814915
-91.4,0.011695387942828815
-91.3,0.011732912133842718
-91.2,0.011770436324856613
-91.1,0.011807960515870516
-91.0,0.011845484706884412
-90.9,0.011883008897898308
-90.8,0.011920533088912213
-90.7,0.01195805727992611
-90.6,0.011995581470940013
-90.5,0.012033105661953909
-90.4,0.012070629852967807
-90.3,0.012108154043981708
-90.2,0.012145678234995606
-90.1,0.01218320242600951
-90.0,0.012220726617023408
-89.9,0.012258250808037304
-89.8,0.012295774999051204
-89.7,0.012333299190065102
-89.6,0.012370823381079005
-89.5,0.012479133481973475
-89.4,0.012587443582867945
-89.3,0.012695753683762433
-89.2,0.012804063784656903
-89.1,0.012912373885551389
-89.0,0.013020683986445857
-88.9,0.013128994087340326
-88.8,0.013237304188234813
-88.7,0.013345614289129285
-88.6,0.01345392439002377
-88.5,0.013562234490918238
-88.4,0.01367054459181271
-88.3,0.013778854692707194
-88.2,0.01388716479360167
-88.1,0.013995474894496153
-88.0,0.014103784995390624
-87.9,0.014212095096285094
-87.8,0.014320405197179578
-87.7,0.01442871529807405
-87.6,0.014537025398968537
-87.5,0.014612001369056679
-87.4,0.014686977339144824
-87.3,0.01476195330923298
-87.2,0.014836929279321126
-87.1,0.014911905249409283
-87.0,0.014986881219497428
-86.9,0.015061857189585573
-86.8,0.015136833159673728
-86.7,0.015211809129761873
-86.6,0.015286785099850028
-86.5,0.015361761069938175
-86.4,0.015436737040026318
-86.3,0.015511713010114473
-86.2,0.01558668898020262
-86.1,0.015661664950290775
-86.0,0.015736640920378922
-85.9,0.015811616890467065
-85.8,0.015886592860555222
-85.7,0.01596156883064337
-85.6,0.016036544800731523
-85.5,0.016140100005154343
-85.4,0.016243655209577157
-85.3,0.01634721041399999
-85.2,0.016450765618422812
-85.1,0.016554320822845643
-85.0,0.01665787602726846
-84.9,0.016761431231691274
-84.8,0.016864986436114112
-84.7,0.01696854164053693
-84.6,0.017072096844959764
-84.5,0.01717565204938258
-84.4,0.017279207253805398
-84.3,0.017382762458228233
-84.2,0.01748631766265105
-84.1,0.017589872867073884
-84.0,0.0176934280714967
-83.9,0.017796983275919522
-83.8,0.01790053848034235
-83.7,0.01800409368476517
-83.6,0.018107648889188005
-83.5,0.018337276982110264
-83.4,0.018566905075032527
-83.3,0.018796533167954824
-83.2,0.019026161260877084
-83.1,0.019255789353799384
-83.0,0.01948541744672164
-82.9,0.019715045539643903
-82.8,0.0199446736325662
-82.7,0.02017430172548846
-82.6,0.020403929818410754
-82.5,0.020633557911333016
-82.4,0.02086318600425528
-82.3,0.02109281409717757
-82.2,0.021322442190099836
-82.1,0.021552070283022133
-82.0,0.021781698375944392
-81.9,0.022011326468866655
-81.8,0.022240954561788946
-81.7,0.022470582654711215
-81.6,0.022700210747633506
-81.5,0.023040577748953163
-81.4,0.023380944750272817
-81.3,0.023721311751592526
-81.2,0.024061678752912184
-81.1,0.024402045754231893
-81.0,0.024742412755551547
-80.9,0.025082779756871204
-80.8,0.025423146758190913
-80.7,0.025763513759510574
-80.6,0.026103880760830277
-80.5,0.026444247762149937
-80.4,0.026784614763469595
-80.3,0.0271249817647893
-80.2,0.02746534876610896
-80.1,0.027805715767428667
-80.0,0.02814608276874832
-79.9,0.02848644977006798
-79.8,0.028826816771387688
-79.7,0.02916718377270735
-79.6,0.02950755077402705
-79.5,0.02970302136843304
-79.4,0.02989849196283903
-79.3,0.03009396255724504
-79.2,0.030289433151651026
-79.1,0.030484903746057047
-79.0,0.030680374340463036
-78.9,0.03087584493486902
-78.8,0.031071315529275043
-78.7,0.03126678612368103
-78.6,0.03146225671808704
-78.5,0.03165772731249303
-78.4,0.03185319790689902
-78.3,0.03204866850130503
-78.2,0.03224413909571102
-78.1,0.032439609690117034
-78.0,0.03263508028452303
-77.9,0.032830550878929006
-77.8,0.03302602147333503
-77.7,0.03322149206774102
-77.6,0.033416962662147026
-77.5,0.03378995332441146
-77.4,0.03416294398667589
-77.3,0.034535934648940364
-77.2,0.03490892531120479
-77.1,0.035281915973469274
-77.0,0.035654906635733695
-76.9,0.03602789729799812
-76.8,0.036400887960262605
-76.7,0.036773878622527026
-76.6,0.037146869284791516
-76.5,0.03751985994705594
-76.4,0.03789285060932037
-76.3,0.03826584127158485
-76.2,0.038638831933849274
-76.1,0.03901182259611376
-76.0,0.039384813258378185
-75.9,0.03975780392064261
-75.8,0.04013079458290708
-75.7,0.04050378524517152
-75.6,0.04087677590743599
-75.5,0.041389235435687066
-75.4,0.041901694963938134
-75.3,0.04241415449218928
-75.2,0.042926614020440346
-75.1,0.04343907354869149
-75.0,0.04395153307694255
-74.9,0.044463992605193625
-74.8,0.04497645213344477
-74.7,0.04548891166169584
-74.6,0.046001371189946974
-74.5,0.04651383071819805
-74.4,0.04702629024644911
-74.3,0.047538749774700254
-74.2,0.04805120930295132
-74.1,0.048563668831202465
-74.0,0.04907612835945353
-73.9,0.04958858788770461
-73.8,0.05010104741595575
-73.7,0.05061350694420681
-73.6,0.05112596647245796
-73.5,0.05180720145929953
-73.4,0.052488436446141123
-73.3,0.05316967143298281
-73.2,0.0538509064198244
-73.1,0.05453214140666608
-73.0,0.05521337639350765
-72.9,0.05589461138034925
-72.8,0.05657584636719093
-72.7,0.05725708135403251
-72.6,0.0579383163408742
-72.5,0.05861955132771579
-72.4,0.05930078631455737
-72.3,0.05998202130139904
-72.2,0.06066325628824065
-72.1,0.06134449127508232
-72.0,0.0620257262619239
-71.9,0.06270696124876549
-71.8,0.06338819623560717
-71.7,0.06406943122244876
-71.6,0.06475066620929043
-71.5,0.06556783841846138
-71.4,0.06638501062763234
-71.3,0.0672021828368034
-71.2,0.06801935504597435
-71.1,0.06883652725514541
-71.0,0.06965369946431635
-70.9,0.07047087167348733
-70.8,0.0712880438826584
-70.7,0.07210521609182932
-70.6,0.0729223883010004
-70.5,0.07373956051017136
-70.4,0.0745567327193423
-70.3,0.07537390492851337
-70.2,0.0761910771376843
-70.1,0.07700824934685538
-70.0,0.07782542155602633
-69.9,0.07864259376519728
-69.8,0.07945976597436834
-69.7,0.0802769381835393
-69.6,0.08109411039271035
-69.5,0.08244080358612377
-69.4,0.08378749677953719
-69.3,0.08513418997295082
-69.2,0.08648088316636424
-69.1,0.08782757635977785
-69.0,0.08917426955319126
-68.9,0.09052096274660469
-68.8,0.09186765594001829
-68.7,0.09321434913343173
-68.6,0.09456104232684533
-68.5,0.09590773552025876
-68.4,0.09725442871367218
-68.3,0.0986011219070858
-68.2,0.09994781510049922
-68.1,0.10129450829391282
-68.0,0.10264120148732625
-67.9,0.10398789468073968
-67.8,0.10533458787415326
-67.69999999999999,0.10668128106756689
-67.6,0.10802797426098032
-67.5,0.10966768479734196
-67.4,0.11130739533370361
-67.3,0.1129471058700655
-67.19999999999999,0.11458681640642737
-67.1,0.11622652694278901
-67.0,0.11786623747915068
-66.9,0.11950594801551233
-66.8,0.1211456585518742
-66.69999999999999,0.1227853690882361
-66.6,0.12442507962459774
-66.5,0.1260647901609594
-66.4,0.12770450069732103
-66.3,0.12934421123368292
-66.19999999999999,0.1309839217700448
-66.1,0.13262363230640647
-66.0,0.1342633428427681
-65.9,0.13590305337912978
-65.8,0.13754276391549164
-65.69999999999999,0.13918247445185353
-65.6,0.14082218498821517
-65.5,0.14335978853861353
-65.4,0.1458973920890119
-65.3,0.1484349956394106
-65.19999999999999,0.15097259918980932
-65.1,0.15351020274020769
-65.0,0.15604780629060602
-64.9,0.1585854098410044
-64.8,0.1611230133914031
-64.69999999999999,0.1636606169418018
-64.6,0.16619822049220018
-64.5,0.16873582404259854
-64.4,0.17127342759299705
-64.3,0.17381103114339558
-64.2,0.17634863469379417
-64.10000000000001,0.1788862382441925
-64.0,0.18142384179459106
-63.900000000000006,0.18396144534498957
-63.800000000000004,0.1864990488953881
-63.7,0.18903665244578663
-63.60000000000001,0.191574255996185
-63.50000000000001,0.19541230082812275
-63.400000000000006,0.19925034566006064
-63.300000000000004,0.20308839049199853
-63.2,0.20692643532393643
-63.10000000000001,0.21076448015587404
-63.00000000000001,0.21460252498781188
-62.900000000000006,0.21844056981974977
-62.800000000000004,0.22227861465168766
-62.7,0.22611665948362553
-62.60000000000001,0.2299547043155631
-62.50000000000001,0.23379274914750098
-62.400000000000006,0.23763079397943887
-62.300000000000004,0.24146883881137676
-62.2,0.24530688364331465
-62.10000000000001,0.24914492847525224
-62.00000000000001,0.2529829733071901
-61.900000000000006,0.25682101813912794
-61.800000000000004,0.26065906297106584
-61.7,0.26449710780300373
-61.6,0.2683351526349416
-61.50000000000001,0.27332900411182337
-61.400000000000006,0.27832285558870545
-61.300000000000004,0.28331670706558765
-61.2,0.28831055854246973
-61.1,0.29330441001935176
-61.00000000000001,0.29829826149623356
-60.900000000000006,0.3032921129731157
-60.800000000000004,0.30828596444999784
-60.7,0.3132798159268799
-60.6,0.31827366740376206
-60.50000000000001,0.3232675188806438
-60.400000000000006,0.3282613703575259
-60.300000000000004,0.333255221834408
-60.2,0.3382490733112901
-60.1,0.34324292478817225
-60.00000000000001,0.34823677626505406
-59.900000000000006,0.35323062774193614
-59.800000000000004,0.3582244792188183
-59.7,0.36321833069570036
-59.6,0.3682121821725825
-59.50000000000001,0.37530255120553907
-59.400000000000006,0.3823929202384962
-59.300000000000004,0.38948328927145337
-59.2,0.3965736583044105
-59.1,0.4036640273373675
-59.00000000000001,0.4107543963703242
-58.900000000000006,0.41784476540328136
-58.800000000000004,0.4249351344362384
-58.7,0.4320255034691956
-58.6,0.4391158725021527
-58.50000000000001,0.4462062415351093
-58.400000000000006,0.45329661056806647
-58.300000000000004,0.4603869796010236
-58.2,0.4674773486339807
-58.1,0.4745677176669378
-58.00000000000001,0.4816580866998945
-57.900000000000006,0.4887484557328516
-57.800000000000004,0.4958388247658087
-57.7,0.5029291937987659
-57.6,0.5100195628317229
-57.50000000000001,0.519593631550776
-57.400000000000006,0.5291677002698297
-57.300000000000004,0.5387417689888834
-57.2,0.5483158377079371
-57.1,0.5578899064269909
-57.00000000000001,0.567463975146044
-56.900000000000006,0.5770380438650976
-56.800000000000004,0.5866121125841514
-56.7,0.5961861813032051
-56.6,0.6057602500222588
-56.50000000000001,0.6153343187413117
-56.400000000000006,0.6249083874603655
-56.300000000000004,0.6344824561794192
-56.2,0.6440565248984729
-56.1,0.6536305936175266
-56.00000000000001,0.6632046623365798
-55.900000000000006,0.6727787310556333
-55.800000000000004,0.6823527997746872
-55.7,0.6919268684937409
-55.6,0.7015009372127946
-55.50000000000001,0.7130573336763373
-55.400000000000006,0.7246137301398808
-55.300000000000004,0.7361701266034242
-55.2,0.7477265230669677
-55.1,0.7592829195305112
-55.00000000000001,0.7708393159940539
-54.900000000000006,0.7823957124575974
-54.800000000000004,0.7939521089211411
-54.7,0.8055085053846844
-54.6,0.817064901848228
-54.50000000000001,0.8286212983117708
-54.400000000000006,0.8401776947753141
-54.300000000000004,0.8517340912388577
-54.2,0.8632904877024011
-54.1,0.8748468841659447
-54.00000000000001,0.8864032806294875
-53.900000000000006,0.8979596770930309
-53.800000000000004,0.9095160735565744
-53.7,0.9210724700201179
-53.6,0.9326288664836614
-53.50000000000001,0.9454162644174916
-53.400000000000006,0.9582036623513228
-53.300000000000004,0.970991060285154
-53.2,0.9837784582189854
-53.1,0.9965658561528163
-53.00000000000001,1.0093532540866468
-52.900000000000006,1.0221406520204779
-52.800000000000004,1.0349280499543092
-52.7,1.04771544788814
-52.6,1.0605028458219716
-52.50000000000001,1.0732902437558016
-52.400000000000006,1.086077641689633
-52.300000000000004,1.098865039623464
-52.2,1.1116524375572954
-52.1,1.1244398354911265
-52.00000000000001,1.137227233424957
-51.900000000000006,1.1500146313587882
-51.800000000000004,1.162802029292619
-51.7,1.1755894272264507
-51.6,1.1883768251602818
-51.50000000000001,1.1993384146825679
-51.400000000000006,1.2103000042048548
-51.300000000000004,1.2212615937271423
-51.2,1.2322231832494293
-51.1,1.2431847727717162
-51.00000000000001,1.2541463622940023
-50.900000000000006,1.2651079518162898
-50.800000000000004,1.2760695413385772
-50.7,1.287031130860864
-50.6,1.2979927203831512
-50.50000000000001,1.3089543099054375
-50.400000000000006,1.3199158994277242
-50.300000000000004,1.3308774889500115
-50.2,1.3418390784722989
-50.1,1.3528006679945859
-50.00000000000001,1.363762257516872
-49.900000000000006,1.3747238470391592
-49.800000000000004,1.3856854365614462
-49.7,1.3966470260837334
-49.6,1.4076086156060206
-49.50000000000001,1.416333606674979
-49.400000000000006,1.4250585977439383
-49.300000000000004,1.4337835888128976
-49.2,1.4425085798818567
-49.1,1.4512335709508155
-49.00000000000001,1.4599585620197741
-48.900000000000006,1.4686835530887334
-48.800000000000004,1.4774085441576925
-48.7,1.4861335352266514
-48.6,1.494858526295611
-48.50000000000001,1.5035835173645695
-48.400000000000006,1.5123085084335282
-48.300000000000004,1.5210334995024877
-48.2,1.5297584905714467
-48.1,1.538483481640406
-48.00000000000001,1.5472084727093647
-47.900000000000006,1.5559334637783238
-47.800000000000004,1.5646584548472824
-47.7,1.573383445916242
-47.6,1.5821084369852012
-47.50000000000001,1.588957428683168
-47.400000000000006,1.5958064203811357
-47.300000000000004,1.6026554120791032
-47.2,1.6095044037770707
-47.1,1.6163533954750384
-47.00000000000001,1.6232023871730052
-46.900000000000006,1.6300513788709732
-46.800000000000004,1.6369003705689404
-46.7,1.6437493622669082
-46.6,1.6505983539648759
-46.50000000000001,1.6574473456628427
-46.400000000000006,1.6642963373608102
-46.300000000000004,1.6711453290587777
-46.2,1.6779943207567452
-46.1,1.6848433124547129
-46.00000000000001,1.6916923041526801
-45.900000000000006,1.6985412958506474
-45.800000000000004,1.7053902875486149
-45.7,1.7122392792465826
-45.6,1.7190882709445499
-45.50000000000001,1.7229842957620825
-45.400000000000006,1.7268803205796153
-45.300000000000004,1.730776345397148
-45.2,1.7346723702146807
-45.1,1.7385683950322137
-45.00000000000001,1.742464419849746
-44.900000000000006,1.746360444667279
-44.800000000000004,1.750256469484812
-44.7,1.7541524943023443
-44.6,1.7580485191198774
-44.50000000000001,1.7619445439374097
-44.400000000000006,1.7658405687549426
-44.300000000000004,1.7697365935724756
-44.2,1.7736326183900084
-44.1,1.777528643207541
-44.00000000000001,1.7814246680250734
-43.900000000000006,1.7853206928426062
-43.800000000000004,1.789216717660139
-43.7,1.793112742477672
-43.6,1.7970087672952046
-43.50000000000001,1.7995101980742232
-43.400000000000006,1.8020116288532422
-43.300000000000004,1.8045130596322605
-43.2,1.8070144904112793
-43.1,1.8095159211902978
-43.00000000000001,1.8120173519693163
-42.900000000000006,1.8145187827483351
-42.800000000000004,1.8170202135273539
-42.7,1.8195216443063726
-42.6,1.8220230750853912
-42.50000000000001,1.8245245058644097
-42.400000000000006,1.8270259366434283
-42.300000000000004,1.829527367422447
-42.2,1.832028798201466
-42.1,1.8345302289804843
-42.00000000000001,1.8370316597595033
-41.900000000000006,1.8395330905385219
-41.800000000000004,1.8420345213175404
-41.7,1.8445359520965594
-41.6,1.8470373828755777
-41.50000000000001,1.8491456102288772
-41.400000000000006,1.851253837582177
-41.300000000000004,1.8533620649354772
-41.2,1.8554702922887767
-41.1,1.8575785196420767
-41.00000000000001,1.859686746995376
-40.900000000000006,1.861794974348676
-40.800000000000004,1.8639032017019757
-40.7,1.8660114290552756
-40.6,1.8681196564085754
-40.50000000000001,1.8702278837618749
-40.400000000000006,1.8723361111151746
-40.300000000000004,1.8744443384684746
-40.2,1.8765525658217743
-40.1,1.878660793175074
-40.00000000000001,1.8807690205283738
-39.900000000000006,1.8828772478816733
-39.800000000000004,1.8849854752349733
-39.7,1.887093702588273
-39.6,1.889201929941573
-39.50000000000001,1.891205922736901
-39.400000000000006,1.893209915532229
-39.300000000000004,1.8952139083275572
-39.2,1.8972179011228851
-39.1,1.8992218939182133
-39.00000000000001,1.901225886713541
-38.900000000000006,1.9032298795088693
-38.800000000000004,1.9052338723041975
-38.7,1.9072378650995259
-38.6,1.909241857894854
-38.50000000000001,1.9112458506901817
-38.400000000000006,1.91324984348551
-38.300000000000004,1.915253836280838
-38.2,1.9172578290761664
-38.1,1.9192618218714943
-38.00000000000001,1.9212658146668224
-37.900000000000006,1.9232698074621504
-37.800000000000004,1.925273800257478
-37.7,1.9272777930528069
-37.6,1.9292817858481346
-37.50000000000001,1.9297704741329003
-37.400000000000006,1.9302591624176657
-37.300000000000004,1.9307478507024316
-37.2,1.9312365389871968
-37.1,1.9317252272719623
-37.00000000000001,1.932213915556728
-36.900000000000006,1.9327026038414934
-36.800000000000004,1.933191292126259
-36.7,1.9336799804110247
-36.6,1.93416866869579
-36.50000000000001,1.9346573569805556
-36.400000000000006,1.9351460452653213
-36.300000000000004,1.9356347335500868
-36.2,1.9361234218348524
-36.1,1.936612110119618
-36.00000000000001,1.9371007984043835
-35.9,1.937589486689149
-35.800000000000004,1.9380781749739144
-35.70000000000001,1.93856686325868
-35.6,1.9390555515434458
-35.50000000000001,1.939712415054286
-35.4,1.9403692785651265
-35.300000000000004,1.9410261420759667
-35.20000000000001,1.941683005586807
-35.1,1.9423398690976477
-35.00000000000001,1.9429967326084874
-34.9,1.943653596119328
-34.800000000000004,1.9443104596301686
-34.70000000000001,1.9449673231410087
-34.6,1.945624186651849
-34.50000000000001,1.9462810501626895
-34.4,1.9469379136735299
-34.300000000000004,1.9475947771843698
-34.20000000000001,1.9482516406952102
-34.1,1.9489085042060508
-34.00000000000001,1.9495653677168912
-33.9,1.9502222312277315
-33.800000000000004,1.9508790947385715
-33.70000000000001,1.951535958249412
-33.6,1.9521928217602524
-33.50000000000001,1.9531819953452232
-33.4,1.9541711689301937
-33.300000000000004,1.9551603425151647
-33.20000000000001,1.9561495161001352
-33.1,1.9571386896851062
-33.00000000000001,1.958127863270077
-32.9,1.9591170368550475
-32.800000000000004,1.9601062104400184
-32.70000000000001,1.961095384024989
-32.6,1.96208455760996
-32.50000000000001,1.9630737311949307
-32.4,1.9640629047799016
-32.300000000000004,1.9650520783648722
-32.20000000000001,1.9660412519498425
-32.1,1.9670304255348134
-32.00000000000001,1.9680195991197844
-31.9,1.9690087727047552
-31.800000000000004,1.9699979462897257
-31.70000000000001,1.9709871198746964
-31.6,1.9719762934596674
-31.500000000000007,1.9727487846102234
-31.4,1.9735212757607798
-31.300000000000004,1.9742937669113363
-31.20000000000001,1.9750662580618927
-31.1,1.975838749212449
-31.000000000000007,1.9766112403630052
-30.9,1.9773837315135614
-30.800000000000004,1.9781562226641178
-30.70000000000001,1.9789287138146743
-30.6,1.9797012049652307
-30.500000000000007,1.9804736961157867
-30.4,1.9812461872663436
-30.300000000000004,1.9820186784168996
-30.20000000000001,1.9827911695674558
-30.1,1.9835636607180123
-30.000000000000007,1.9843361518685685
-29.9,1.9851086430191247
-29.800000000000004,1.9858811341696807
-29.70000000000001,1.9866536253202374
-29.6,1.9874261164707938
-29.500000000000007,1.9877563750660907
-29.4,1.9880866336613878
-29.300000000000004,1.9884168922566847
-29.20000000000001,1.9887471508519818
-29.1,1.9890774094472787
-29.000000000000007,1.9894076680425756
-28.9,1.9897379266378725
-28.800000000000004,1.9900681852331699
-28.70000000000001,1.9903984438284665
-28.6,1.9907287024237639
-28.500000000000007,1.9910589610190605
-28.4,1.9913892196143579
-28.300000000000004,1.9917194782096543
-28.20000000000001,1.9920497368049517
-28.1,1.9923799954002483
-28.000000000000007,1.9927102539955457
-27.9,1.9930405125908428
-27.800000000000004,1.9933707711861397
-27.70000000000001,1.9937010297814366
-27.6,1.9940312883767337
-27.500000000000007,1.9943908342470722
-27.4,1.994750380117411
-27.300000000000004,1.9951099259877496
-27.20000000000001,1.9954694718580885
-27.1,1.9958290177284272
-27.000000000000007,1.9961885635987657
-26.9,1.9965481094691044
-26.800000000000004,1.9969076553394434
-26.70000000000001,1.9972672012097819
-26.6,1.9976267470801208
-26.500000000000007,1.9979862929504593
-26.4,1.9983458388207984
-26.300000000000004,1.9987053846911365
-26.20000000000001,1.9990649305614756
-26.1,1.9994244764318143
-26.000000000000007,1.9997840223021532
-25.9,2.0001435681724917
-25.800000000000004,2.0005031140428304
-25.70000000000001,2.000862659913169
-25.6,2.001222205783508
-25.500000000000007,2.0004044048860106
-25.4,1.9995866039885142
-25.300000000000004,1.998768803091017
-25.20000000000001,1.9979510021935203
-25.1,1.9971332012960232
-25.000000000000007,1.9963154003985264
-24.9,1.9954975995010291
-24.800000000000004,1.994679798603533
-24.70000000000001,1.993861997706036
-24.6,1.9930441968085386
-24.500000000000007,1.992226395911042
-24.4,1.9914085950135452
-24.300000000000004,1.990590794116048
-24.20000000000001,1.9897729932185515
-24.1,1.9889551923210542
-24.000000000000007,1.9881373914235576
-23.9,1.9873195905260606
-23.800000000000004,1.9865017896285637
-23.70000000000001,1.9856839887310673
-23.6,1.98486618783357
-23.500000000000007,1.9853902869449125
-23.4,1.9859143860562556
-23.300000000000004,1.9864384851675982
-23.199999999999996,1.986962584278941
-23.1,1.9874866833902836
-23.000000000000007,1.988010782501626
-22.9,1.9885348816129689
-22.800000000000004,1.989058980724312
-22.699999999999996,1.9895830798356542
-22.6,1.990107178946997
-22.500000000000007,1.9906312780583397
-22.4,1.9911553771696826
-22.300000000000004,1.991679476281025
-22.199999999999996,1.9922035753923677
-22.1,1.9927276745037106
-22.000000000000007,1.9932517736150532
-21.9,1.9937758727263961
-21.800000000000004,1.9942999718377388
-21.699999999999996,1.9948240709490812
-21.6,1.9953481700604243
-21.500000000000007,1.9957093685655576
-21.4,1.996070567070692
-21.300000000000004,1.996431765575826
-21.199999999999996,1.9967929640809596
-21.1,1.9971541625860938
-21.000000000000007,1.9975153610912273
-20.9,1.9978765595963612
-20.800000000000004,1.9982377581014956
-20.699999999999996,1.9985989566066291
-20.6,1.9989601551117628
-20.500000000000007,1.9993213536168966
-20.4,1.9996825521220307
-20.300000000000004,2.0000437506271647
-20.199999999999996,2.000404949132298
-20.1,2.0007661476374325
-20.000000000000007,2.0011273461425665
-19.9,2.0014885446477004
-19.800000000000004,2.001849743152834
-19.699999999999996,2.002210941657968
-19.6,2.002572140163102
-19.500000000000007,2.001960877088027
-19.4,2.001349614012952
-19.300000000000004,2.0007383509378767
-19.199999999999996,2.0001270878628024
-19.1,1.999515824787727
-19.000000000000007,1.998904561712652
-18.9,1.9982932986375768
-18.800000000000004,1.997682035562502
-18.699999999999996,1.997070772487427
-18.6,1.9964595094123518
-18.500000000000007,1.995848246337277
-18.4,1.995236983262202
-18.300000000000004,1.994625720187127
-18.199999999999996,1.9940144571120522
-18.1,1.9934031940369774
-18.000000000000007,1.9927919309619022
-17.9,1.9921806678868272
-17.800000000000004,1.9915694048117523
-17.699999999999996,1.990958141736677
-17.6,1.9903468786616023
-17.500000000000007,1.990528185434343
-17.4,1.990709492207084
-17.300000000000004,1.9908907989798248
-17.199999999999996,1.991072105752566
-17.1,1.9912534125253067
-17.000000000000007,1.9914347192980473
-16.9,1.991616026070788
-16.800000000000004,1.9917973328435288
-16.699999999999996,1.9919786396162698
-16.6,1.9921599463890107
-16.500000000000007,1.9923412531617517
-16.4,1.9925225599344927
-16.300000000000004,1.9927038667072334
-16.199999999999996,1.9928851734799744
-16.1,1.9930664802527152
-16.000000000000007,1.993247787025456
-15.899999999999997,1.9934290937981967
-15.800000000000002,1.9936104005709372
-15.699999999999994,1.9937917073436782
-15.6,1.9939730141164191
-15.500000000000005,1.993652439634821
-15.399999999999997,1.9933318651532232
-15.300000000000002,1.9930112906716253
-15.199999999999994,1.9926907161900274
-15.1,1.9923701417084294
-15.000000000000005,1.992049567226831
-14.899999999999997,1.9917289927452333
-14.800000000000002,1.9914084182636353
-14.699999999999994,1.991087843782037
-14.6,1.990767269300439
-14.500000000000005,1.9904466948188408
-14.399999999999997,1.9901261203372431
-14.300000000000002,1.9898055458556447
-14.199999999999994,1.9894849713740466
-14.1,1.9891643968924488
-14.000000000000005,1.9888438224108511
-13.899999999999997,1.988523247929253
-13.800000000000002,1.9882026734476548
-13.699999999999994,1.9878820989660568
-13.6,1.9875615244844587
-13.500000000000005,1.988327898561225
-13.399999999999997,1.989094272637991
-13.300000000000002,1.9898606467147577
-13.199999999999994,1.9906270207915242
-13.1,1.99139339486829
-13.000000000000005,1.9921597689450563
-12.899999999999997,1.9929261430218224
-12.800000000000002,1.9936925170985889
-12.699999999999994,1.9944588911753554
-12.6,1.9952252652521216
-12.500000000000005,1.995991639328888
-12.399999999999997,1.9967580134056544
-12.300000000000002,1.9975243874824202
-12.199999999999994,1.9982907615591865
-12.1,1.9990571356359528
-12.000000000000005,1.9998235097127193
-11.899999999999997,2.0005898837894853
-11.800000000000002,2.001356257866252
-11.699999999999994,2.002122631943018
-11.6,2.0028890060197844
-11.500000000000005,2.0029904531807756
-11.399999999999997,2.003091900341767
-11.300000000000002,2.003193347502758
-11.199999999999994,2.0032947946637494
-11.1,2.00339624182474
-11.000000000000005,2.0034976889857314
-10.899999999999997,2.0035991361467227
-10.800000000000002,2.0037005833077144
-10.699999999999994,2.003802030468705
-10.6,2.0039034776296965
-10.500000000000005,2.0040049247906877
-10.399999999999997,2.004106371951679
-10.300000000000002,2.00420781911267
-10.199999999999994,2.0043092662736615
-10.1,2.0044107134346527
-10.000000000000005,2.004512160595644
-9.899999999999997,2.004613607756635
-9.800000000000002,2.004715054917626
-9.699999999999994,2.0048165020786177
-9.6,2.004917949239609
-9.500000000000005,2.0046380838019546
-9.399999999999997,2.004358218364301
-9.300000000000002,2.0040783529266477
-9.199999999999994,2.003798487488994
-9.1,2.00351862205134
-9.000000000000005,2.003238756613686
-8.899999999999997,2.0029588911760325
-8.800000000000002,2.002679025738378
-8.699999999999994,2.0023991603007247
-8.6,2.002119294863071
-8.500000000000005,2.0018394294254174
-8.399999999999997,2.0015595639877635
-8.300000000000002,2.001279698550109
-8.199999999999994,2.0009998331124557
-8.1,2.0007199676748018
-8.000000000000005,2.000440102237148
-7.899999999999997,2.000160236799494
-7.8000000000000025,1.9998803713618405
-7.699999999999994,1.9996005059241861
-7.6,1.9993206404865327
-7.500000000000005,1.9990597214131078
-7.399999999999997,1.9987988023396823
-7.3000000000000025,1.998537883266258
-7.199999999999994,1.9982769641928326
-7.1,1.9980160451194078
-7.000000000000005,1.9977551260459825
-6.899999999999997,1.9974942069725576
-6.8000000000000025,1.9972332878991328
-6.699999999999994,1.9969723688257075
-6.6,1.9967114497522822
-6.500000000000005,1.9964505306788576
-6.399999999999997,1.9961896116054325
-6.3000000000000025,1.9959286925320072
-6.199999999999994,1.9956677734585824
-6.1,1.9954068543851573
-6.000000000000005,1.9951459353117325
-5.899999999999997,1.9948850162383072
-5.8000000000000025,1.9946240971648823
-5.699999999999994,1.9943631780914572
-5.6,1.9941022590180324
-5.500000000000005,1.994498515081271
-5.399999999999997,1.9948947711445097
-5.3000000000000025,1.9952910272077482
-5.199999999999994,1.9956872832709869
-5.1,1.9960835393342256
-5.000000000000005,1.9964797953974642
-4.899999999999997,1.9968760514607027
-4.8000000000000025,1.9972723075239418
-4.699999999999994,1.9976685635871803
-4.6,1.9980648196504187
-4.500000000000005,1.9984610757136576
-4.399999999999997,1.9988573317768963
-4.3000000000000025,1.999253587840135
-4.199999999999994,1.9996498439033734
-4.1,2.0000460999666125
-4.000000000000005,2.000442356029851
-3.8999999999999972,2.0008386120930894
-3.800000000000003,2.001234868156328
-3.6999999999999944,2.001631124219567
-3.6,2.0020273802828052
-3.5000000000000058,2.001289374913648
-3.3999999999999972,2.000551369544491
-3.300000000000003,1.9998133641753344
-3.1999999999999944,1.9990753588061771
-3.1,1.9983373534370201
-3.0000000000000058,1.997599348067863
-2.8999999999999972,1.9968613426987056
-2.800000000000003,1.9961233373295486
-2.6999999999999944,1.9953853319603918
-2.6,1.9946473265912346
-2.5000000000000058,1.9939093212220775
-2.3999999999999972,1.9931713158529205
-2.300000000000003,1.992433310483763
-2.1999999999999944,1.991695305114606
-2.1,1.9909572997454492
-2.0000000000000058,1.9902192943762922
-1.8999999999999972,1.9894812890071352
-1.800000000000003,1.988743283637978
-1.6999999999999944,1.9880052782688207
-1.6,1.9872672728996639
-1.5000000000000058,1.9874568401858779
-1.3999999999999972,1.9876464074720919
-1.300000000000003,1.9878359747583063
-1.1999999999999944,1.9880255420445203
-1.1,1.9882151093307343
-1.0000000000000058,1.9884046766169483
-0.8999999999999971,1.988594243903162
-0.8000000000000028,1.9887838111893772
-0.6999999999999943,1.988973378475591
-0.6,1.9891629457618054
-0.5000000000000057,1.9893525130480194
-0.39999999999999714,1.9895420803342336
-0.3000000000000028,1.9897316476204474
-0.1999999999999943,1.9899212149066616
-0.09999999999999998,1.9901107821928758
-5.662137425588298e-15,1.9903003494790905
0.10000000000000286,1.9904899167653043
0.19999999999999718,1.9906794840515185
0.3000000000000057,1.9908690513377325
0.4,1.9910586186239467
0.49999999999999434,1.9907849804974287
0.6000000000000029,1.9905113423709109
0.6999999999999972,1.9902377042443928
0.8000000000000057,1.989964066117875
0.9,1.9896904279913574
0.9999999999999943,1.989416789864839
1.1000000000000028,1.9891431517383211
1.199999999999997,1.9888695136118035
1.3000000000000056,1.9885958754852855
1.4,1.9883222373587675
1.4999999999999942,1.9880485992322494
1.6000000000000028,1.9877749611057318
1.699999999999997,1.9875013229792133
1.8000000000000056,1.9872276848526957
1.9,1.9869540467261781
1.9999999999999942,1.9866804085996599
2.1000000000000028,1.986406770473142
2.199999999999997,1.986133132346624
2.3000000000000056,1.9858594942201062
2.4,1.9855858560935884
2.4999999999999942,1.9864313825511153
2.6000000000000028,1.9872769090086424
2.699999999999997,1.9881224354661697
2.8000000000000056,1.9889679619236966
2.9,1.9898134883812235
2.9999999999999942,1.9906590148387506
3.1000000000000028,1.9915045412962775
3.199999999999997,1.9923500677538049
3.3000000000000056,1.9931955942113317
3.4,1.994041120668859
3.4999999999999942,1.9948866471263857
3.6000000000000028,1.995732173583913
3.699999999999997,1.99657770004144
3.8000000000000056,1.997423226498967
3.9,1.9982687529564942
3.9999999999999942,1.9991142794140213
4.100000000000003,1.9999598058715482
4.1999999999999975,2.000805332329075
4.300000000000006,2.0016508587866024
4.4,2.0024963852441293
4.499999999999995,2.0011292008598836
4.600000000000003,1.9997620164756371
4.6999999999999975,1.9983948320913911
4.800000000000006,1.997027647707145
4.9,1.9956604633228987
4.999999999999995,1.9942932789386525
5.100000000000003,1.992926094554406
5.1999999999999975,1.99155891017016
5.300000000000006,1.990191725785914
5.4,1.988824541401668
5.499999999999995,1.9874573570174214
5.600000000000003,1.9860901726331757
5.6999999999999975,1.9847229882489295
5.800000000000006,1.983355803864683
5.9,1.981988619480437
5.999999999999995,1.980621435096191
6.100000000000003,1.9792542507119448
6.1999999999999975,1.9778870663276984
6.300000000000006,1.9765198819434524
6.4,1.9751526975592062
6.499999999999995,1.9732197760415784
6.600000000000003,1.9712868545239506
6.6999999999999975,1.9693539330063228
6.800000000000006,1.9674210114886947
6.9,1.9654880899710672
6.999999999999995,1.9635551684534391
7.100000000000003,1.9616222469358113
7.1999999999999975,1.959689325418184
7.300000000000006,1.9577564039005555
7.4,1.9558234823829281
7.499999999999995,1.9538905608653003
7.600000000000003,1.951957639347672
7.6999999999999975,1.9500247178300443
7.800000000000006,1.9480917963124162
7.9,1.9461588747947889
7.999999999999995,1.944225953277161
8.100000000000003,1.942293031759533
8.199999999999998,1.9403601102419055
8.300000000000006,1.9384271887242772
8.4,1.9364942672066494
8.499999999999995,1.9349453153200207
8.600000000000003,1.9333963634333924
8.699999999999998,1.9318474115467643
8.800000000000006,1.9302984596601351
8.9,1.9287495077735066
8.999999999999995,1.9272005558868783
9.100000000000003,1.9256516040002494
9.199999999999998,1.924102652113621
9.300000000000006,1.9225537002269923
9.4,1.9210047483403636
9.499999999999995,1.9194557964537353
9.600000000000003,1.9179068445671068
9.699999999999998,1.9163578926804783
9.800000000000006,1.9148089407938493
9.9,1.9132599889072213
9.999999999999995,1.9117110370205925
10.100000000000003,1.910162085133964
10.199999999999998,1.9086131332473353
10.300000000000006,1.9070641813607065
10.4,1.9055152294740783
10.499999999999995,1.9020727712997965
10.600000000000003,1.8986303131255144
10.699999999999998,1.8951878549512329
10.800000000000006,1.8917453967769509
10.9,1.8883029386026693
10.999999999999995,1.8848604804283873
11.100000000000003,1.8814180222541053
11.199999999999998,1.8779755640798241
11.300000000000006,1.8745331059055417
11.4,1.8710906477312599
11.499999999999995,1.8676481895569783
11.600000000000003,1.864205731382696
11.699999999999998,1.8607632732084147
11.800000000000006,1.8573208150341327
11.9,1.853878356859851
11.999999999999995,1.8504358986855691
12.100000000000003,1.8469934405112873
12.199999999999998,1.8435509823370053
12.300000000000006,1.8401085241627233
12.4,1.836666065988442
12.499999999999995,1.8307716038519797
12.600000000000003,1.8248771417155174
12.699999999999998,1.8189826795790558
12.800000000000006,1.8130882174425929
12.9,1.807193755306131
12.999999999999995,1.8012992931696694
13.100000000000003,1.7954048310332065
13.199999999999998,1.789510368896745
13.300000000000006,1.7836159067602821
13.4,1.77772144462382
13.499999999999995,1.7718269824873583
13.600000000000003,1.7659325203508962
13.699999999999998,1.760038058214434
13.800000000000006,1.7541435960779712
13.9,1.7482491339415098
13.999999999999995,1.742354671805048
14.100000000000003,1.736460209668585
14.199999999999998,1.7305657475321232
14.300000000000006,1.7246712853956605
14.4,1.718776823259199
14.499999999999995,1.7098008598105507
14.600000000000003,1.7008248963619017
14.699999999999998,1.6918489329132542
14.800000000000006,1.6828729694646052
14.9,1.6738970060159573
14.999999999999995,1.6649210425673093
15.100000000000003,1.65594507911866
15.199999999999998,1.6469691156700126
15.300000000000006,1.6379931522213633
15.4,1.6290171887727154
15.499999999999995,1.6200412253240677
15.600000000000003,1.611065261875419
15.699999999999998,1.6020892984267707
15.800000000000006,1.5931133349781217
15.9,1.5841373715294742
15.999999999999995,1.5751614080808263
16.1,1.5661854446321775
16.199999999999996,1.5572094811835295
16.300000000000004,1.54823351773488
16.4,1.5392575542862323
16.499999999999993,1.5252632294228936
16.6,1.511268904559553
16.699999999999996,1.4972745796962141
16.800000000000004,1.4832802548328732
16.9,1.4692859299695347
16.999999999999993,1.4552916051061955
17.1,1.4412972802428543
17.199999999999996,1.4273029553795162
17.300000000000004,1.4133086305161753
17.4,1.3993143056528363
17.499999999999993,1.3853199807894976
17.6,1.371325655926157
17.699999999999996,1.3573313310628177
17.800000000000004,1.3433370061994772
17.9,1.3293426813361382
17.999999999999993,1.3153483564727997
18.1,1.301354031609459
18.199999999999996,1.2873597067461198
18.300000000000004,1.2733653818827793
18.4,1.2593710570194403
18.499999999999993,1.2427474825048501
18.6,1.2261239079902577
18.699999999999996,1.2095003334756675
18.800000000000004,1.1928767589610751
18.9,1.176253184446485
18.999999999999993,1.159629609931895
19.1,1.1430060354173022
19.199999999999996,1.1263824609027124
19.300000000000004,1.10975888638812
19.4,1.0931353118735296
19.499999999999993,1.0765117373589397
19.6,1.0598881628443473
19.699999999999996,1.0432645883297569
19.800000000000004,1.0266410138151645
19.9,1.0100174393005743
19.999999999999993,0.9933938647859842
20.1,0.9767702902713917
20.199999999999996,0.9601467157568015
20.300000000000004,0.9435231412422089
20.4,0.926899566727619
20.499999999999993,0.9123565841163638
20.6,0.8978136015051066
20.699999999999996,0.8832706188938513
20.800000000000004,0.868727636282594
20.9,0.8541846536713388
20.999999999999993,0.8396416710600836
21.1,0.8250986884488263
21.199999999999996,0.8105557058375711
21.300000000000004,0.7960127232263139
21.4,0.7814697406150587
21.499999999999993,0.7669267580038034
21.6,0.7523837753925462
21.699999999999996,0.737840792781291
21.800000000000004,0.7232978101700338
21.9,0.7087548275587785
21.999999999999993,0.6942118449475233
22.1,0.6796688623362662
22.199999999999996,0.6651258797250108
22.300000000000004,0.6505828971137536
22.4,0.6360399145024984
22.499999999999993,0.6252114072519305
22.6,0.614382900001361
22.699999999999996,0.603554392750793
22.800000000000004,0.5927258855002234
22.9,0.5818973782496555
22.999999999999993,0.5710688709990874
23.1,0.560240363748518
23.199999999999996,0.5494118564979501
23.300000000000004,0.5385833492473806
23.4,0.5277548419968126
23.499999999999993,0.5169263347462447
23.6,0.5060978274956751
23.699999999999996,0.4952693202451071
23.800000000000004,0.4844408129945376
23.9,0.4736123057439697
23.999999999999993,0.4627837984934018
24.1,0.45195529124283224
24.199999999999996,0.44112678399226424
24.300000000000004,0.43029827674169474
24.4,0.41946976949112674
24.499999999999993,0.4121763033596219
24.6,0.40488283722811597
24.699999999999996,0.39758937109661113
24.800000000000004,0.39029590496510513
24.9,0.3830024388336003
24.999999999999993,0.3757089727020953
25.1,0.3684155065705894
25.199999999999996,0.3611220404390845
25.300000000000004,0.3538285743075787
25.4,0.3465351081760737
25.499999999999993,0.33924164204456886
25.6,0.3319481759130629
25.699999999999996,0.32465470978155797
25.800000000000004,0.31736124365005214
25.9,0.31006777751854725
25.999999999999993,0.30277431138704236
26.1,0.29548084525553636
26.199999999999996,0.28818737912403153
26.300000000000004,0.2808939129925256
26.4,0.2736004468610207
26.499999999999993,0.26943788826856374
26.6,0.2652753296761062
26.699999999999996,0.2611127710836492
26.800000000000004,0.25695021249119165
26.9,0.25278765389873464
26.999999999999993,0.24862509530627766
27.1,0.24446253671382012
27.199999999999996,0.24029997812136317
27.300000000000004,0.2361374195289056
27.4,0.23197486093644865
27.499999999999993,0.22781230234399164
27.6,0.2236497437515341
27.699999999999996,0.21948718515907706
27.800000000000004,0.21532462656661955
27.9,0.21116206797416257
27.999999999999993,0.2069995093817056
28.099999999999987,0.20283695078924863
28.20000000000001,0.19867439219679045
28.300000000000004,0.1945118336043335
28.4,0.19034927501187654
28.499999999999993,0.1877245066880277
28.599999999999987,0.18509973836417892
28.70000000000001,0.18247497004032942
28.800000000000004,0.1798502017164806
28.9,0.1772254333926318
28.999999999999993,0.174600665068783
29.099999999999987,0.17197589674493424
29.20000000000001,0.16935112842108468
29.300000000000004,0.16672636009723588
29.4,0.1641015917733871
29.499999999999993,0.16147682344953834
29.599999999999987,0.15885205512568953
29.70000000000001,0.15622728680183998
29.800000000000004,0.1536025184779912
29.9,0.15097775015414241
29.999999999999993,0.1483529818302936
30.099999999999987,0.14572821350644483
30.20000000000001,0.1431034451825953
30.300000000000004,0.14047867685874646
30.4,0.13785390853489768
30.499999999999993,0.13634469160124893
30.599999999999987,0.13483547466760012
30.70000000000001,0.1333262577339509
30.800000000000004,0.13181704080030213
30.9,0.13030782386665335
30.999999999999993,0.12879860693300454
31.099999999999987,0.12728938999935577
31.20000000000001,0.12578017306570657
31.300000000000004,0.1242709561320578
31.4,0.122761739198409
31.499999999999993,0.12125252226476022
31.599999999999987,0.11974330533111145
31.70000000000001,0.11823408839746222
31.800000000000004,0.11672487146381344
31.9,0.11521565453016466
31.999999999999993,0.11370643759651589
32.09999999999999,0.11219722066286711
32.20000000000001,0.11068800372921787
32.300000000000004,0.10917878679556908
32.4,0.10766956986192033
32.49999999999999,0.10635639182916232
32.59999999999999,0.10504321379640437
32.70000000000001,0.10373003576364603
32.800000000000004,0.10241685773088806
32.9,0.10110367969813007
32.99999999999999,0.09979050166537208
33.09999999999999,0.09847732363261413
33.20000000000001,0.09716414559985578
33.300000000000004,0.0958509675670978
33.4,0.09453778953433986
33.49999999999999,0.09322461150158187
33.59999999999999,0.0919114334688239
33.70000000000001,0.09059825543606556
33.800000000000004,0.08928507740330759
33.9,0.0879718993705496
33.99999999999999,0.08665872133779162
34.09999999999999,0.08534554330503365
34.20000000000001,0.08403236527227531
34.300000000000004,0.08271918723951734
34.4,0.08140600920675936
34.49999999999999,0.08068376211002805
34.59999999999999,0.07996151501329676
34.70000000000001,0.07923926791656523
34.800000000000004,0.07851702081983396
34.9,0.07779477372310263
34.99999999999999,0.07707252662637133
35.09999999999999,0.07635027952964
35.20000000000001,0.07562803243290851
35.300000000000004,0.07490578533617721
35.4,0.07418353823944591
35.49999999999999,0.07346129114271459
35.59999999999999,0.07273904404598329
35.70000000000001,0.07201679694925178
35.800000000000004,0.07129454985252046
35.9,0.07057230275578916
35.99999999999999,0.06985005565905786
36.09999999999999,0.06912780856232656
36.20000000000001,0.06840556146559502
36.300000000000004,0.06768331436886373
36.4,0.06696106727213243
36.49999999999999,0.06612898375574677
36.59999999999999,0.06529690023936113
36.70000000000001,0.06446481672297524
36.800000000000004,0.06363273320658959
36.9,0.06280064969020394
36.99999999999999,0.061968566173818275
37.09999999999999,0.06113648265743263
37.20000000000001,0.060304399141046745
37.300000000000004,0.0594723156246611
37.4,0.058640232108275445
37.49999999999999,0.057808148591889784
37.59999999999999,0.05697606507550414
37.70000000000001,0.056143981559118254
37.800000000000004,0.0553118980427326
37.9,0.05447981452634695
37.99999999999999,0.0536477310099613
38.09999999999999,0.05281564749357565
38.20000000000001,0.05198356397718975
38.300000000000004,0.05115148046080411
38.4,0.050319396944418456
38.49999999999999,0.049871666055728826
38.59999999999999,0.04942393516703921
38.70000000000001,0.04897620427834946
38.800000000000004,0.04852847338965984
38.9,0.048080742500970206
38.99999999999999,0.04763301161228058
39.09999999999999,0.04718528072359096
39.20000000000001,0.04673754983490121
39.300000000000004,0.046289818946211585
39.4,0.04584208805752196
39.49999999999999,0.04539435716883233
39.59999999999999,0.04494662628014271
39.70000000000001,0.044498895391452964
39.800000000000004,0.044051164502763335
39.9,0.04360343361407371
39.99999999999999,0.0431557027253841
40.09999999999999,0.04270797183669447
40.20000000000001,0.04226024094800471
40.300000000000004,0.04181251005931509
40.4,0.04136477917062547
40.49999999999999,0.041054518532118535
40.59999999999999,0.04074425789361161
40.70000000000001,0.04043399725510458
40.800000000000004,0.04012373661659766
40.9,0.039813475978090714
40.99999999999999,0.039503215339583786
41.09999999999999,0.03919295470107686
41.20000000000001,0.038882694062569834
41.300000000000004,0.038572433424062906
41.4,0.03826217278555598
41.49999999999999,0.037951912147049044
41.59999999999999,0.03764165150854211
41.70000000000001,0.03733139087003509
41.800000000000004,0.03702113023152816
41.9,0.03671086959302123
41.99999999999999,0.036400608954514295
42.09999999999999,0.03609034831600737
42.20000000000001,0.03578008767750035
42.300000000000004,0.0354698270389934
42.4,0.03515956640048648
42.49999999999999,0.034894860622179065
42.59999999999999,0.034630154843871656
42.70000000000001,0.03436544906556417
42.800000000000004,0.03410074328725676
42.9,0.033836037508949354
42.99999999999999,0.03357133173064194
43.09999999999999,0.03330662595233454
43.20000000000001,0.033041920174027045
43.300000000000004,0.03277721439571964
43.4,0.03251250861741223
43.49999999999999,0.03224780283910482
43.59999999999999,0.03198309706079741
43.70000000000001,0.03171839128248992
43.800000000000004,0.03145368550418252
43.9,0.0311889797258751
43.99999999999999,0.030924273947567693
44.09999999999999,0.030659568169260278
44.20000000000001,0.030394862390952793
44.300000000000004,0.030130156612645384
44.4,0.029865450834337975
44.49999999999999,0.029760351613029454
44.59999999999999,0.029655252391720937
44.70000000000001,0.02955015317041239
44.800000000000004,0.029445053949103878
44.9,0.02933995472779536
44.99999999999999,0.02923485550648684
45.09999999999999,0.02912975628517833
45.20000000000001,0.029024657063869776
45.300000000000004,0.028919557842561262
45.4,0.02881445862125275
45.49999999999999,0.028709359399944224
45.59999999999999,0.02860426017863571
45.70000000000001,0.028499160957327165
45.800000000000004,0.028394061736018647
45.9,0.02828896251471013
45.99999999999999,0.028183863293401615
46.09999999999999,0.0280787640720931
46.20000000000001,0.02797366485078455
46.300000000000004,0.02786856562947603
46.4,0.027763466408167518
46.49999999999999,0.02761694767305322
46.59999999999999,0.02747042893793893
46.70000000000001,0.0273239102028246
46.800000000000004,0.0271773914677103
46.9,0.027030872732596006
46.99999999999999,0.026884353997481715
47.09999999999999,0.02673783526236743
47.20000000000001,0.02659131652725309
47.300000000000004,0.026444797792138798
47.4,0.026298279057024507
47.49999999999999,0.026151760321910213
47.59999999999999,0.026005241586795923
47.70000000000001,0.025858722851681587
47.800000000000004,0.02571220411656729
47.9,0.025565685381453002
47.99999999999999,0.025419166646338708
48.09999999999999,0.025272647911224414
48.20000000000001,0.02512612917611008
48.300000000000004,0.024979610440995788
48.4,0.024833091705881494
48.49999999999999,0.024635198203347853
48.59999999999999,0.024437304700814216
48.70000000000001,0.02423941119828052
48.800000000000004,0.024041517695746882
48.9,0.02384362419321324
48.99999999999999,0.023645730690679604
49.09999999999999,0.02344783718814597
49.20000000000001,0.02324994368561227
49.300000000000004,0.023052050183078633
49.4,0.022854156680544996
49.49999999999999,0.02265626317801135
49.59999999999999,0.022458369675477714
49.70000000000001,0.02226047617294402
49.800000000000004,0.02206258267041038
49.9,0.02186468916787674
49.99999999999999,0.021666795665343106
50.09999999999999,0.021468902162809465
50.20000000000001,0.02127100866027577
50.300000000000004,0.02107311515774213
50.4,0.020875221655208488
50.49999999999999,0.020747126553404
50.59999999999999,0.020619031451599504
50.70000000000001,0.020490936349794975
50.800000000000004,0.02036284124799049
50.9,0.020234746146185992
50.99999999999999,0.0201066510443815
51.09999999999999,0.01997855594257701
51.20000000000001,0.019850460840772483
51.300000000000004,0.019722365738967997
51.4,0.019594270637163503
51.49999999999999,0.019466175535359006
51.59999999999999,0.01933808043355452
51.70000000000001,0.019209985331749987
51.800000000000004,0.019081890229945494
51.9,0.018953795128141004
51.99999999999999,0.01882570002633651
52.09999999999999,0.01869760492453202
52.20000000000001,0.01856950982272749
52.300000000000004,0.018441414720922998
52.4,0.018313319619118505
52.49999999999999,0.018145937454159114
52.59999999999999,0.017978555289199727
52.70000000000001,0.01781117312424029
52.800000000000004,0.017643790959280897
52.9,0.017476408794321503
52.99999999999999,0.017309026629362116
53.09999999999999,0.017141644464402726
53.20000000000001,0.016974262299443287
53.300000000000004,0.016806880134483896
53.4,0.016639497969524505
53.49999999999999,0.016472115804565115
53.600000000000016,0.016304733639605676
53.70000000000001,0.01613735147464629
53.800000000000004,0.015969969309686895
53.9,0.015802587144727504
53.99999999999999,0.015635204979768114
54.100000000000016,0.015467822814808676
54.20000000000001,0.015300440649849286
54.300000000000004,0.015133058484889895
54.4,0.014965676319930505
54.49999999999999,0.014967105819531454
54.600000000000016,0.014968535319132408
54.70000000000001,0.014969964818733358
54.800000000000004,0.014971394318334308
54.9,0.014972823817935257
54.99999999999999,0.014974253317536209
55.100000000000016,0.01497568281713716
55.20000000000001,0.014977112316738112
55.300000000000004,0.014978541816339064
55.4,0.014979971315940014
55.49999999999999,0.014981400815540964
55.600000000000016,0.014982830315141915
55.70000000000001,0.014984259814742865
55.800000000000004,0.014985689314343815
55.9,0.014987118813944766
55.99999999999999,0.014988548313545718
56.100000000000016,0.014989977813146668
56.20000000000001,0.014991407312747621
56.300000000000004,0.01499283681234857
56.4,0.01499426631194952
56.49999999999999,0.014889699191156
56.600000000000016,0.014785132070362451
56.70000000000001,0.01468056494956893
56.800000000000004,0.014575997828775411
56.9,0.014471430707981894
56.99999999999999,0.01436686358718837
57.100000000000016,0.014262296466394821
57.20000000000001,0.014157729345601302
57.300000000000004,0.014053162224807783
57.4,0.013948595104014264
57.49999999999999,0.013844027983220743
57.600000000000016,0.013739460862427192
57.70000000000001,0.013634893741633673
57.800000000000004,0.013530326620840154
57.9,0.013425759500046635
57.99999999999999,0.013321192379253114
58.100000000000016,0.013216625258459565
58.20000000000001,0.013112058137666045
58.300000000000004,0.013007491016872525
58.4,0.012902923896079006
58.49999999999999,0.012875882779254756
58.600000000000016,0.0128488416624305
58.70000000000001,0.01282180054560625
58.800000000000004,0.012794759428782006
58.9,0.012767718311957752
58.99999999999999,0.012740677195133504
59.100000000000016,0.012713636078309248
59.20000000000001,0.012686594961485002
59.300000000000004,0.01265955384466075
59.4,0.012632512727836503
59.49999999999999,0.012605471611012253
59.600000000000016,0.012578430494187998
59.70000000000001,0.01255138937736375
59.800000000000004,0.012524348260539499
59.9,0.012497307143715252
59.99999999999999,0.012470266026891006
60.100000000000016,0.012443224910066749
60.20000000000001,0.0124161837932425
60.300000000000004,0.012389142676418252
60.4,0.012362101559594002
60.49999999999999,0.012351345726053401
60.600000000000016,0.012340589892512802
60.70000000000001,0.012329834058972202
60.800000000000004,0.012319078225431601
60.9,0.012308322391891004
60.99999999999999,0.012297566558350402
61.100000000000016,0.012286810724809801
61.20000000000001,0.0122760548912692
61.300000000000004,0.012265299057728602
61.4,0.012254543224188003
61.49999999999999,0.012243787390647402
61.600000000000016,0.0122330315571068
61.70000000000001,0.012222275723566201
61.800000000000004,0.012211519890025602
61.9,0.012200764056485004
61.99999999999999,0.012190008222944406
62.100000000000016,0.012179252389403804
62.20000000000001,0.012168496555863204
62.300000000000004,0.012157740722322603
62.4,0.012146984888782006
62.49999999999999,0.012127168771559253
62.600000000000016,0.0121073526543365
62.70000000000001,0.01208753653711375
62.800000000000004,0.012067720419891001
62.9,0.012047904302668255
62.99999999999999,0.012028088185445502
63.100000000000016,0.012008272068222749
63.20000000000001,0.011988455950999998
63.300000000000004,0.011968639833777248
63.4,0.011948823716554502
63.49999999999999,0.01192900759933175
63.600000000000016,0.011909191482108995
63.70000000000001,0.011889375364886245
63.800000000000004,0.011869559247663494
63.9,0.011849743130440748
63.99999999999999,0.011829927013217998
64.10000000000002,0.011810110895995244
64.20000000000002,0.011790294778772494
64.30000000000001,0.011770478661549746
64.4,0.011750662544326995
64.5,0.011647924808238853
64.60000000000002,0.01154518707215068
64.70000000000002,0.011442449336062536
64.80000000000001,0.011339711599974395
64.9,0.011236973863886248
65.0,0.011134236127798104
65.10000000000002,0.011031498391709934
65.20000000000002,0.010928760655621787
65.30000000000001,0.010826022919533645
65.4,0.010723285183445503
65.5,0.010620547447357357
65.60000000000002,0.010517809711269185
65.70000000000002,0.010415071975181042
65.80000000000001,0.010312334239092898
65.9,0.010209596503004757
66.0,0.010106858766916612
66.10000000000002,0.010004121030828438
66.20000000000002,0.009901383294740294
66.30000000000001,0.009798645558652149
66.4,0.009695907822564008
66.5,0.009686720413128382
66.60000000000002,0.009677533003692756
66.70000000000002,0.009668345594257131
66.80000000000001,0.009659158184821505
66.9,0.009649970775385881
67.0,0.009640783365950254
67.10000000000002,0.00963159595651463
67.20000000000002,0.009622408547079004
67.30000000000001,0.009613221137643378
67.4,0.009604033728207754
67.5,0.009594846318772129
67.60000000000002,0.0095856589093365
67.70000000000002,0.009576471499900879
67.80000000000001,0.00956728409046525
67.9,0.009558096681029627
68.0,0.009548909271594004
68.10000000000002,0.009539721862158375
68.20000000000002,0.009530534452722748
68.30000000000001,0.009521347043287123
68.4,0.0095121596338515
68.5,0.00950299663163515
68.60000000000002,0.009493833629418798
68.70000000000002,0.009484670627202449
68.80000000000001,0.009475507624986102
68.9,0.009466344622769752
69.0,0.0094571816205534
69.10000000000002,0.009448018618337052
69.20000000000002,0.009438855616120699
69.30000000000001,0.009429692613904353
69.4,0.009420529611688004
69.5,0.009411366609471653
69.60000000000002,0.009402203607255301
69.70000000000002,0.009393040605038953
69.80000000000001,0.009383877602822601
69.9,0.009374714600606255
70.0,0.009365551598389905
70.10000000000002,0.009356388596173552
70.20000000000002,0.009347225593957204
70.30000000000001,0.009338062591740854
70.4,0.009328899589524507
70.5,0.00930716987690618
70.60000000000002,0.009285440164287851
70.70000000000002,0.009263710451669528
70.80000000000001,0.009241980739051206
70.9,0.00922025102643288
71.0,0.009198521313814557
71.10000000000002,0.009176791601196228
71.20000000000002,0.009155061888577903
71.30000000000001,0.009133332175959583
71.4,0.009111602463341258
71.5,0.009089872750722932
71.60000000000002,0.009068143038104605
71.70000000000002,0.00904641332548628
71.80000000000001,0.009024683612867956
71.9,0.009002953900249631
72.0,0.00898122418763131
72.10000000000002,0.008959494475012979
72.20000000000002,0.008937764762394657
72.30000000000001,0.008916035049776333
72.4,0.008894305337158008
72.5,0.008879836830111008
72.60000000000002,0.008865368323064005
72.70000000000002,0.008850899816017006
72.80000000000001,0.008836431308970006
72.9,0.008821962801923005
73.0,0.008807494294876005
73.10000000000002,0.008793025787829003
73.20000000000002,0.008778557280782003
73.30000000000001,0.008764088773735001
73.4,0.008749620266688001
73.5,0.008735151759641003
73.60000000000002,0.008720683252594
73.70000000000002,0.008706214745546998
73.80000000000001,0.008691746238499998
73.9,0.008677277731453
74.0,0.008662809224406001
74.10000000000002,0.008648340717358996
74.20000000000002,0.008633872210311998
74.30000000000001,0.008619403703264994
74.4,0.008604935196217996
74.5,0.008556006934427398
74.60000000000002,0.00850707867263679
74.70000000000002,0.008458150410846193
74.80000000000001,0.008409222149055595
74.9,0.008360293887264999
75.0,0.008311365625474399
75.10000000000002,0.008262437363683789
75.20000000000002,0.008213509101893193
75.30000000000001,0.008164580840102595
75.4,0.008115652578311998
75.5,0.008066724316521402
75.60000000000002,0.00801779605473079
75.70000000000002,0.007968867792940192
75.80000000000001,0.007919939531149596
75.9,0.007871011269359
76.0,0.007822083007568401
76.10000000000002,0.00777315474577779
76.20000000000002,0.007724226483987194
76.30000000000001,0.007675298222196596
76.4,0.007626369960406
76.5,0.007590607831814926
76.60000000000002,0.007554845703223844
76.70000000000002,0.0075190835746327695
76.80000000000001,0.007483321446041697
76.9,0.007447559317450623
77.0,0.007411797188859549
77.10000000000002,0.007376035060268466
77.20000000000002,0.0073402729316773925
77.30000000000001,0.00730451080308632
77.4,0.007268748674495247
77.5,0.007232986545904173
77.60000000000002,0.00719722441731309
77.70000000000002,0.007161462288722015
77.80000000000001,0.007125700160130942
77.9,0.00708993803153987
78.0,0.007054175902948798
78.10000000000002,0.007018413774357714
78.20000000000002,0.006982651645766639
78.30000000000001,0.006946889517175567
78.4,0.006911127388584493
78.5,0.006917619940259694
78.60000000000002,0.006924112491934898
78.70000000000002,0.006930605043610096
78.80000000000001,0.006937097595285298
78.9,0.006943590146960499
79.0,0.006950082698635698
79.10000000000002,0.006956575250310901
79.20000000000002,0.0069630678019861015
79.30000000000001,0.006969560353661302
79.4,0.006976052905336503
79.5,0.006982545457011703
79.60000000000002,0.006989038008686906
79.70000000000002,0.006995530560362106
79.80000000000001,0.007002023112037305
79.9,0.007008515663712507
80.0,0.007015008215387708
80.10000000000002,0.0070215007670629105
80.20000000000002,0.00702799331873811
80.30000000000001,0.007034485870413311
80.4,0.007040978422088512
80.5,0.007016032740227137
80.60000000000002,0.006991087058365758
80.70000000000002,0.006966141376504384
80.80000000000001,0.0069411956946430105
80.9,0.006916250012781636
81.0,0.006891304330920261
81.10000000000002,0.006866358649058882
81.20000000000002,0.006841412967197508
81.30000000000001,0.006816467285336133
81.4,0.00679152160347476
81.5,0.006766575921613387
81.60000000000002,0.006741630239752005
81.70000000000002,0.00671668455789063
81.80000000000001,0.006691738876029258
81.9,0.006666793194167884
82.0,0.006641847512306511
82.10000000000002,0.006616901830445128
82.20000000000002,0.006591956148583755
82.30000000000001,0.006567010466722381
82.4,0.006542064784861008
82.5,0.006551318706861006
82.60000000000002,0.006560572628861008
82.70000000000002,0.006569826550861009
82.80000000000001,0.006579080472861008
82.9,0.006588334394861007
83.0,0.006597588316861007
83.10000000000002,0.006606842238861009
83.20000000000002,0.006616096160861009
83.30000000000001,0.006625350082861008
83.4,0.006634604004861007
83.5,0.006643857926861007
83.60000000000002,0.006653111848861008
83.70000000000002,0.006662365770861008
83.80000000000001,0.006671619692861007
83.9,0.006680873614861008
84.0,0.006690127536861008
84.10000000000002,0.006699381458861009
84.20000000000002,0.006708635380861009
84.30000000000001,0.006717889302861007
84.4,0.006727143224861008
84.5,0.006698915061192208
84.60000000000002,0.006670686897523403
84.70000000000002,0.006642458733854603
84.80000000000001,0.006614230570185805
84.9,0.0065860024065170055
85.0,0.006557774242848207
85.10000000000002,0.0065295460791794
85.20000000000002,0.006501317915510603
85.30000000000001,0.006473089751841803
85.4,0.006444861588173006
85.5,0.0064166334245042075
85.60000000000002,0.006388405260835399
85.70000000000002,0.006360177097166602
85.80000000000001,0.006331948933497803
85.9,0.006303720769829004
86.0,0.006275492606160205
86.10000000000002,0.006247264442491399
86.20000000000002,0.006219036278822599
86.30000000000001,0.006190808115153801
86.4,0.006162579951485003
86.5,0.006155893761491954
86.60000000000002,0.0061492075714989014
86.70000000000002,0.006142521381505851
86.80000000000001,0.006135835191512801
86.9,0.006129149001519751
87.0,0.006122462811526701
87.10000000000002,0.006115776621533648
87.20000000000002,0.0061090904315405994
87.30000000000001,0.006102404241547548
87.4,0.0060957180515545
87.5,0.006089031861561449
87.60000000000002,0.006082345671568397
87.70000000000002,0.006075659481575348
87.80000000000001,0.0060689732915822974
87.9,0.006062287101589247
88.0,0.006055600911596197
88.10000000000002,0.006048914721603145
88.20000000000002,0.0060422285316100955
88.30000000000001,0.006035542341617045
88.4,0.0060288561516239954
88.5,0.006008374099039322
88.60000000000002,0.005987892046454643
88.70000000000002,0.005967409993869971
88.80000000000001,0.005946927941285296
88.9,0.0059264458887006224
89.0,0.005905963836115949
89.10000000000002,0.005885481783531271
89.20000000000002,0.005864999730946597
89.30000000000001,0.0058445176783619235
89.4,0.00582403562577725
89.5,0.005803553573192576
89.60000000000002,0.005783071520607896
89.70000000000002,0.005762589468023224
89.80000000000001,0.00574210741543855
89.9,0.0057216253628538764
90.0,0.005701143310269204
90.10000000000002,0.005680661257684525
90.20000000000002,0.005660179205099851
90.30000000000001,0.0056396971525151775
90.4,0.005619215099930504
90.5,0.0056163384026027795
90.60000000000002,0.005613461705275054
90.70000000000002,0.00561058500794733
90.80000000000001,0.005607708310619604
90.9,0.005604831613291879
91.0,0.0056019549159641545
91.10000000000002,0.005599078218636429
91.20000000000002,0.005596201521308705
91.30000000000001,0.005593324823980979
91.4,0.005590448126653254
91.5,0.00558757142932553
91.60000000000002,0.005584694731997804
91.70000000000002,0.00558181803467008
91.80000000000001,0.005578941337342354
91.9,0.005576064640014629
92.0,0.0055731879426869045
92.10000000000002,0.005570311245359179
92.20000000000002,0.005567434548031455
92.30000000000001,0.00556455785070373
92.4,0.005561681153376004
92.5,0.00554948992085918
92.60000000000002,0.005537298688342353
92.70000000000002,0.005525107455825529
92.80000000000001,0.005512916223308704
92.9,0.005500724990791879
93.0,0.005488533758275054
93.10000000000002,0.005476342525758227
93.20000000000002,0.005464151293241404
93.30000000000001,0.005451960060724579
93.4,0.005439768828207754
93.5,0.00542757759569093
93.60000000000002,0.005415386363174101
93.70000000000002,0.005403195130657277
93.80000000000001,0.005391003898140452
93.9,0.0053788126656236284
94.0,0.005366621433106804
94.10000000000002,0.0053544302005899755
94.20000000000002,0.005342238968073151
94.30000000000001,0.005330047735556326
94.4,0.0053178565030395026
94.5,0.00534305053703255
94.60000000000002,0.005368244571025607
94.70000000000002,0.005393438605018656
94.80000000000001,0.005418632639011706
94.9,0.005443826673004754
95.0,0.005469020706997803
95.10000000000002,0.005494214740990859
95.20000000000002,0.005519408774983908
95.30000000000001,0.005544602808976957
95.4,0.005569796842970006
95.5,0.005594990876963055
95.60000000000002,0.005620184910956111
95.70000000000002,0.00564537894494916
95.80000000000001,0.005670572978942208
95.9,0.005695767012935257
96.0,0.005720961046928308
96.10000000000002,0.005746155080921363
96.20000000000002,0.005771349114914412
96.30000000000001,0.005796543148907461
96.4,0.00582173718290051
96.5,0.005769532338677762
96.60000000000002,0.005717327494455
96.70000000000002,0.005665122650232252
96.80000000000001,0.005612917806009505
96.9,0.005560712961786758
97.0,0.005508508117564009
97.10000000000002,0.005456303273341248
97.20000000000002,0.005404098429118501
97.30000000000001,0.005351893584895753
97.4,0.005299688740673007
97.5,0.0052474838964502585
97.60000000000002,0.005195279052227496
97.70000000000002,0.005143074208004749
97.80000000000001,0.005090869363782001
97.9,0.005038664519559253
98.0,0.004986459675336506
98.10000000000002,0.004934254831113744
98.20000000000002,0.004882049986890996
98.30000000000001,0.004829845142668249
98.4,0.0047776402984455015
98.5,0.0047754539436989756
98.60000000000002,0.00477326758895245
98.70000000000002,0.004771081234205925
98.80000000000001,0.0047688948794594
98.9,0.004766708524712876
99.0,0.00476452216996635
99.10000000000002,0.004762335815219825
99.20000000000002,0.0047601494604733
99.30000000000001,0.004757963105726775
99.4,0.00475577675098025
99.5,0.004753590396233725
99.60000000000002,0.004751404041487198
99.70000000000002,0.004749217686740672
99.80000000000001,0.004747031331994147
99.9,0.004744844977247623
100.0,0.004742658622501099
