Depth [mm],Dose [Gy],PDD [%]
0,1.409252764,79.18377734
0.09523809524,1.41304865,79.3970624
0.1904761905,1.416844535,79.61034746
0.2857142857,1.420640421,79.82363252
0.380952381,1.424436306,80.03691757
0.4761904762,1.428232192,80.25020263
0.5714285714,1.432028077,80.46348769
0.6666666667,1.435823963,80.67677275
0.7619047619,1.439619849,80.8900578
0.8571428571,1.443415734,81.10334286
0.9523809524,1.44721162,81.31662792
1.047619048,1.451007505,81.52991298
1.142857143,1.454803391,81.74319803
1.238095238,1.458599276,81.95648309
1.333333333,1.462395162,82.16976815
1.428571429,1.466191047,82.38305321
1.523809524,1.469986933,82.59633826
1.619047619,1.473782819,82.80962332
1.714285714,1.477141239,82.99832789
1.80952381,1.480345196,83.17835338
1.904761905,1.483549153,83.35837887
2,1.48675311,83.53840436
2.095238095,1.489957067,83.71842985
2.19047619,1.493161024,83.89845533
2.285714286,1.496364981,84.07848082
2.380952381,1.499568938,84.25850631
2.476190476,1.502772895,84.4385318
2.571428571,1.505976852,84.61855729
2.666666667,1.509180809,84.79858278
2.761904762,1.512384766,84.97860826
2.857142857,1.515588723,85.15863375
2.952380952,1.51879268,85.33865924
3.047619048,1.521996637,85.51868473
3.142857143,1.525200594,85.69871022
3.238095238,1.528404551,85.8787357
3.333333333,1.531608508,86.05876119
3.428571429,1.534812465,86.23878668
3.523809524,1.538016422,86.41881217
3.619047619,1.541220379,86.59883766
3.714285714,1.543661742,86.73601416
3.80952381,1.545833843,86.85806118
3.904761905,1.548005943,86.9801082
4,1.550178043,87.10215522
4.095238095,1.552350143,87.22420225
4.19047619,1.554522244,87.34624927
4.285714286,1.556694344,87.46829629
4.380952381,1.558866444,87.59034331
4.476190476,1.561038544,87.71239033
4.571428571,1.563210645,87.83443735
4.666666667,1.565382745,87.95648438
4.761904762,1.567554845,88.0785314
4.857142857,1.569726945,88.20057842
4.952380952,1.571899046,88.32262544
5.047619048,1.574071146,88.44467246
5.142857143,1.576243246,88.56671948
5.238095238,1.578415346,88.6887665
5.333333333,1.580587447,88.81081353
5.428571429,1.582759547,88.93286055
5.523809524,1.584931647,89.05490757
5.619047619,1.587103747,89.17695459
5.714285714,1.588643539,89.26347315
5.80952381,1.58996007,89.33744702
5.904761905,1.591276601,89.41142089
6,1.592593131,89.48539477
6.095238095,1.593909662,89.55936864
6.19047619,1.595226193,89.63334251
6.285714286,1.596542724,89.70731638
6.380952381,1.597859255,89.78129025
6.476190476,1.599175786,89.85526412
6.571428571,1.600492316,89.92923799
6.666666667,1.601808847,90.00321186
6.761904762,1.603125378,90.07718574
6.857142857,1.604441909,90.15115961
6.952380952,1.60575844,90.22513348
7.047619048,1.60707497,90.29910735
7.142857143,1.608391501,90.37308122
7.238095238,1.609708032,90.44705509
7.333333333,1.611024563,90.52102896
7.428571429,1.612341094,90.59500284
7.523809524,1.613657624,90.66897671
7.619047619,1.614974155,90.74295058
7.714285714,1.616686456,90.83916215
7.80952381,1.618538498,90.94322559
7.904761905,1.62039054,91.04728903
8,1.622242582,91.15135247
8.095238095,1.624094624,91.25541591
8.19047619,1.625946666,91.35947936
8.285714286,1.627798709,91.4635428
8.380952381,1.629650751,91.56760624
8.476190476,1.631502793,91.67166968
8.571428571,1.633354835,91.77573313
8.666666667,1.635206877,91.87979657
8.761904762,1.637058919,91.98386001
8.857142857,1.638910962,92.08792345
8.952380952,1.640763004,92.19198689
9.047619048,1.642615046,92.29605034
9.142857143,1.644467088,92.40011378
9.238095238,1.64631913,92.50417722
9.333333333,1.648171172,92.60824066
9.428571429,1.650023214,92.7123041
9.523809524,1.651875257,92.81636755
9.619047619,1.653727299,92.92043099
9.714285714,1.655786683,93.03614467
9.80952381,1.657919277,93.15597191
9.904761905,1.660051872,93.27579915
10,1.662184466,93.39562639
10.0952381,1.66431706,93.51545363
10.19047619,1.666449654,93.63528087
10.28571429,1.668582249,93.75510812
10.38095238,1.670714843,93.87493536
10.47619048,1.672847437,93.9947626
10.57142857,1.674980032,94.11458984
10.66666667,1.677112626,94.23441708
10.76190476,1.67924522,94.35424432
10.85714286,1.681377814,94.47407156
10.95238095,1.683510409,94.59389881
11.04761905,1.685643003,94.71372605
11.14285714,1.687775597,94.83355329
11.23809524,1.689908192,94.95338053
11.33333333,1.692040786,95.07320777
11.42857143,1.69417338,95.19303501
11.52380952,1.696305974,95.31286225
11.61904762,1.698438569,95.4326895
11.71428571,1.69983617,95.5112186
11.80952381,1.700974254,95.57516582
11.9047619,1.702112338,95.63911303
12,1.703250422,95.70306024
12.0952381,1.704388506,95.76700746
12.19047619,1.70552659,95.83095467
12.28571429,1.706664674,95.89490188
12.38095238,1.707802758,95.9588491
12.47619048,1.708940842,96.02279631
12.57142857,1.710078926,96.08674353
12.66666667,1.71121701,96.15069074
12.76190476,1.712355094,96.21463795
12.85714286,1.713493178,96.27858517
12.95238095,1.714631262,96.34253238
13.04761905,1.715769346,96.40647959
13.14285714,1.71690743,96.47042681
13.23809524,1.718045514,96.53437402
13.33333333,1.719183598,96.59832123
13.42857143,1.720321682,96.66226845
13.52380952,1.721459766,96.72621566
13.61904762,1.72259785,96.79016288
13.71428571,1.723985825,96.86815111
13.80952381,1.725462034,96.95109708
13.9047619,1.726938244,97.03404304
14,1.728414453,97.116989
14.0952381,1.729890662,97.19993496
14.19047619,1.731366871,97.28288092
14.28571429,1.732843081,97.36582688
14.38095238,1.73431929,97.44877284
14.47619048,1.735795499,97.5317188
14.57142857,1.737271708,97.61466477
14.66666667,1.738747918,97.69761073
14.76190476,1.740224127,97.78055669
14.85714286,1.741700336,97.86350265
14.95238095,1.743176545,97.94644861
15.04761905,1.744652755,98.02939457
15.14285714,1.746128964,98.11234053
15.23809524,1.747605173,98.1952865
15.33333333,1.749081382,98.27823246
15.42857143,1.750557592,98.36117842
15.52380952,1.752033801,98.44412438
15.61904762,1.75351001,98.52707034
15.71428571,1.754253074,98.56882194
15.80952381,1.754737272,98.5960283
15.9047619,1.75522147,98.62323465
16,1.755705668,98.650441
16.0952381,1.756189866,98.67764735
16.19047619,1.756674064,98.7048537
16.28571429,1.757158262,98.73206006
16.38095238,1.75764246,98.75926641
16.47619048,1.758126658,98.78647276
16.57142857,1.758610856,98.81367911
16.66666667,1.759095054,98.84088546
16.76190476,1.759579252,98.86809182
16.85714286,1.76006345,98.89529817
16.95238095,1.760547648,98.92250452
17.04761905,1.761031846,98.94971087
17.14285714,1.761516044,98.97691722
17.23809524,1.762000242,99.00412358
17.33333333,1.76248444,99.03132993
17.42857143,1.762968638,99.05853628
17.52380952,1.763452836,99.08574263
17.61904762,1.763937034,99.11294898
17.71428571,1.764621465,99.15140615
17.80952381,1.765376596,99.19383584
17.9047619,1.766131728,99.23626553
18,1.766886859,99.27869522
18.0952381,1.767641991,99.32112492
18.19047619,1.768397122,99.36355461
18.28571429,1.769152254,99.4059843
18.38095238,1.769907385,99.44841399
18.47619048,1.770662517,99.49084369
18.57142857,1.771417648,99.53327338
18.66666667,1.77217278,99.57570307
18.76190476,1.772927911,99.61813277
18.85714286,1.773683043,99.66056246
18.95238095,1.774438174,99.70299215
19.04761905,1.775193305,99.74542184
19.14285714,1.775948437,99.78785154
19.23809524,1.776703568,99.83028123
19.33333333,1.7774587,99.87271092
19.42857143,1.778213831,99.91514061
19.52380952,1.778968963,99.95757031
19.61904762,1.779724094,100
19.71428571,1.779317183,99.97713627
19.80952381,1.778499968,99.93121818
19.9047619,1.777682752,99.8853001
20,1.776865537,99.83938201
20.0952381,1.776048322,99.79346392
20.19047619,1.775231107,99.74754584
20.28571429,1.774413891,99.70162775
20.38095238,1.773596676,99.65570967
20.47619048,1.772779461,99.60979158
20.57142857,1.771962246,99.56387349
20.66666667,1.77114503,99.51795541
20.76190476,1.770327815,99.47203732
20.85714286,1.7695106,99.42611924
20.95238095,1.768693385,99.38020115
21.04761905,1.76787617,99.33428306
21.14285714,1.767058954,99.28836498
21.23809524,1.766241739,99.24244689
21.33333333,1.765424524,99.19652881
21.42857143,1.764607309,99.15061072
21.52380952,1.763790093,99.10469263
21.61904762,1.762972878,99.05877455
21.71428571,1.761861533,98.99632975
21.80952381,1.760646334,98.92804955
21.9047619,1.759431135,98.85976935
22,1.758215936,98.79148916
22.0952381,1.757000736,98.72320896
22.19047619,1.755785537,98.65492876
22.28571429,1.754570338,98.58664857
22.38095238,1.753355139,98.51836837
22.47619048,1.75213994,98.45008818
22.57142857,1.750924741,98.38180798
22.66666667,1.749709542,98.31352778
22.76190476,1.748494343,98.24524759
22.85714286,1.747279144,98.17696739
22.95238095,1.746063945,98.1086872
23.04761905,1.744848745,98.040407
23.14285714,1.743633546,97.9721268
23.23809524,1.742418347,97.90384661
23.33333333,1.741203148,97.83556641
23.42857143,1.739987949,97.76728622
23.52380952,1.73877275,97.69900602
23.61904762,1.737557551,97.63072582
23.71428571,1.734992845,97.48661889
23.80952381,1.731951644,97.31573842
23.9047619,1.728910443,97.14485794
24,1.725869242,96.97397747
24.0952381,1.722828041,96.80309699
24.19047619,1.71978684,96.63221652
24.28571429,1.716745639,96.46133604
24.38095238,1.713704438,96.29045556
24.47619048,1.710663237,96.11957509
24.57142857,1.707622036,95.94869461
24.66666667,1.704580835,95.77781414
24.76190476,1.701539634,95.60693366
24.85714286,1.698498433,95.43605319
24.95238095,1.695457232,95.26517271
25.04761905,1.692416031,95.09429224
25.14285714,1.68937483,94.92341176
25.23809524,1.686333629,94.75253129
25.33333333,1.683292428,94.58165081
25.42857143,1.680251227,94.41077034
25.52380952,1.677210026,94.23988986
25.61904762,1.674168825,94.06900939
25.71428571,1.669339352,93.79764858
25.80952381,1.663878459,93.49080932
25.9047619,1.658417567,93.18397006
26,1.652956675,92.8771308
26.0952381,1.647495783,92.57029155
26.19047619,1.642034891,92.26345229
26.28571429,1.636573998,91.95661303
26.38095238,1.631113106,91.64977377
26.47619048,1.625652214,91.34293452
26.57142857,1.620191322,91.03609526
26.66666667,1.61473043,90.729256
26.76190476,1.609269537,90.42241674
26.85714286,1.603808645,90.11557749
26.95238095,1.598347753,89.80873823
27.04761905,1.592886861,89.50189897
27.14285714,1.587425969,89.19505971
27.23809524,1.581965076,88.88822046
27.33333333,1.576504184,88.5813812
27.42857143,1.571043292,88.27454194
27.52380952,1.5655824,87.96770269
27.61904762,1.560121508,87.66086343
27.71428571,1.553803443,87.30586098
27.80952381,1.547182722,86.93385266
27.9047619,1.540562,86.56184434
28,1.533941278,86.18983602
28.0952381,1.527320557,85.8178277
28.19047619,1.520699835,85.44581938
28.28571429,1.514079113,85.07381106
28.38095238,1.507458392,84.70180275
28.47619048,1.50083767,84.32979443
28.57142857,1.494216948,83.95778611
28.66666667,1.487596227,83.58577779
28.76190476,1.480975505,83.21376947
28.85714286,1.474354783,82.84176115
28.95238095,1.467734062,82.46975284
29.04761905,1.46111334,82.09774452
29.14285714,1.454492618,81.7257362
29.23809524,1.447871897,81.35372788
29.33333333,1.441251175,80.98171956
29.42857143,1.434630453,80.60971124
29.52380952,1.428009732,80.23770292
29.61904762,1.42138901,79.86569461
29.71428571,1.413689219,79.43305501
29.80952381,1.405608421,78.97900721
29.9047619,1.397527623,78.52495942
30,1.389446825,78.07091162
30.0952381,1.381366027,77.61686383
30.19047619,1.373285229,77.16281603
30.28571429,1.365204431,76.70876823
30.38095238,1.357123633,76.25472044
30.47619048,1.349042835,75.80067264
30.57142857,1.340962037,75.34662484
30.66666667,1.332881238,74.89257705
30.76190476,1.32480044,74.43852925
30.85714286,1.316719642,73.98448145
30.95238095,1.308638844,73.53043366
31.04761905,1.300558046,73.07638586
31.14285714,1.292477248,72.62233807
31.23809524,1.28439645,72.16829027
31.33333333,1.276315652,71.71424247
31.42857143,1.268234854,71.26019468
31.52380952,1.260154056,70.80614688
31.61904762,1.252073258,70.35209908
31.71428571,1.242817833,69.83205079
31.80952381,1.233147662,69.2886985
31.9047619,1.22347749,68.7453462
32,1.213807318,68.2019939
32.0952381,1.204137146,67.6586416
32.19047619,1.194466975,67.11528931
32.28571429,1.184796803,66.57193701
32.38095238,1.175126631,66.02858471
32.47619048,1.165456459,65.48523241
32.57142857,1.155786288,64.94188011
32.66666667,1.146116116,64.39852782
32.76190476,1.136445944,63.85517552
32.85714286,1.126775772,63.31182322
32.95238095,1.117105601,62.76847092
33.04761905,1.107435429,62.22511862
33.14285714,1.097765257,61.68176633
33.23809524,1.088095085,61.13841403
33.33333333,1.078424914,60.59506173
33.42857143,1.068754742,60.05170943
33.52380952,1.05908457,59.50835713
33.61904762,1.049414398,58.96500484
33.71428571,1.039354179,58.39973634
33.80952381,1.029156237,57.82672948
33.9047619,1.018958296,57.25372263
34,1.008760355,56.68071577
34.0952381,0.9985624143,56.10770892
34.19047619,0.9883644732,55.53470206
34.28571429,0.9781665322,54.96169521
34.38095238,0.9679685911,54.38868835
34.47619048,0.9577706501,53.8156815
34.57142857,0.947572709,53.24267464
34.66666667,0.9373747679,52.66966779
34.76190476,0.9271768269,52.09666093
34.85714286,0.9169788858,51.52365408
34.95238095,0.9067809447,50.95064722
35.04761905,0.8965830037,50.37764037
35.14285714,0.8863850626,49.80463351
35.23809524,0.8761871216,49.23162666
35.33333333,0.8659891805,48.6586198
35.42857143,0.8557912394,48.08561294
35.52380952,0.8455932984,47.51260609
35.61904762,0.8353953573,46.93959923
35.71428571,0.8253585279,46.375645
35.80952381,0.8153785851,45.81488714
35.9047619,0.8053986424,45.25412928
36,0.7954186996,44.69337142
36.0952381,0.7854387568,44.13261355
36.19047619,0.7754588141,43.57185569
36.28571429,0.7654788713,43.01109783
36.38095238,0.7554989286,42.45033997
36.47619048,0.7455189858,41.88958211
36.57142857,0.735539043,41.32882425
36.66666667,0.7255591003,40.76806639
36.76190476,0.7155791575,40.20730853
36.85714286,0.7055992148,39.64655067
36.95238095,0.695619272,39.08579281
37.04761905,0.6856393292,38.52503495
37.14285714,0.6756593865,37.96427708
37.23809524,0.6656794437,37.40351922
37.33333333,0.6556995009,36.84276136
37.42857143,0.6457195582,36.2820035
37.52380952,0.6357396154,35.72124564
37.61904762,0.6257596727,35.16048778
37.71428571,0.6165115643,34.64085058
37.80952381,0.6075218581,34.13573262
37.9047619,0.598532152,33.63061465
38,0.5895424458,33.12549669
38.0952381,0.5805527397,32.62037872
38.19047619,0.5715630335,32.11526075
38.28571429,0.5625733274,31.61014279
38.38095238,0.5535836213,31.10502482
38.47619048,0.5445939151,30.59990686
38.57142857,0.535604209,30.09478889
38.66666667,0.5266145028,29.58967092
38.76190476,0.5176247967,29.08455296
38.85714286,0.5086350905,28.57943499
38.95238095,0.4996453844,28.07431703
39.04761905,0.4906556783,27.56919906
39.14285714,0.4816659721,27.06408109
39.23809524,0.472676266,26.55896313
39.33333333,0.4636865598,26.05384516
39.42857143,0.4546968537,25.5487272
39.52380952,0.4457071475,25.04360923
39.61904762,0.4367174414,24.53849126
39.71428571,0.4286502542,24.08520824
39.80952381,0.4209087977,23.65022753
39.9047619,0.4131673412,23.21524682
40,0.4054258847,22.78026611
40.0952381,0.3976844282,22.3452854
40.19047619,0.3899429717,21.91030469
40.28571429,0.3822015152,21.47532398
40.38095238,0.3744600588,21.04034327
40.47619048,0.3667186023,20.60536256
40.57142857,0.3589771458,20.17038186
40.66666667,0.3512356893,19.73540115
40.76190476,0.3434942328,19.30042044
40.85714286,0.3357527763,18.86543973
40.95238095,0.3280113198,18.43045902
41.04761905,0.3202698634,17.99547831
41.14285714,0.3125284069,17.5604976
41.23809524,0.3047869504,17.12551689
41.33333333,0.2970454939,16.69053618
41.42857143,0.2893040374,16.25555547
41.52380952,0.2815625809,15.82057476
41.61904762,0.2738211244,15.38559406
41.71428571,0.2676141702,15.0368347
41.80952381,0.2619490308,14.7185191
41.9047619,0.2562838915,14.40020351
42,0.2506187522,14.08188792
42.0952381,0.2449536128,13.76357232
42.19047619,0.2392884735,13.44525673
42.28571429,0.2336233342,13.12694113
42.38095238,0.2279581948,12.80862554
42.47619048,0.2222930555,12.49030994
42.57142857,0.2166279162,12.17199435
42.66666667,0.2109627769,11.85367876
42.76190476,0.2052976375,11.53536316
42.85714286,0.1996324982,11.21704757
42.95238095,0.1939673589,10.89873197
43.04761905,0.1883022195,10.58041638
43.14285714,0.1826370802,10.26210078
43.23809524,0.1769719409,9.943785189
43.33333333,0.1713068016,9.625469594
43.42857143,0.1656416622,9.307154
43.52380952,0.1599765229,8.988838405
43.61904762,0.1543113836,8.670522811
43.71428571,0.1502769723,8.443835356
43.80952381,0.1468183522,8.249500735
43.9047619,0.1433597322,8.055166115
44,0.1399011121,7.860831495
44.0952381,0.1364424921,7.666496874
44.19047619,0.132983872,7.472162254
44.28571429,0.1295252519,7.277827634
44.38095238,0.1260666319,7.083493013
44.47619048,0.1226080118,6.889158393
44.57142857,0.1191493917,6.694823773
44.66666667,0.1156907717,6.500489152
44.76190476,0.1122321516,6.306154532
44.85714286,0.1087735316,6.111819912
44.95238095,0.1053149115,5.917485291
45.04761905,0.1018562914,5.723150671
45.14285714,0.09839767138,5.528816051
45.23809524,0.09493905132,5.33448143
45.33333333,0.09148043126,5.14014681
45.42857143,0.0880218112,4.94581219
45.52380952,0.08456319113,4.751477569
45.61904762,0.08110457107,4.557142949
45.71428571,0.07888704385,4.432543455
45.80952381,0.07710773214,4.332566626
45.9047619,0.07532842043,4.232589797
46,0.07354910873,4.132612969
46.0952381,0.07176979702,4.03263614
46.19047619,0.06999048531,3.932659311
46.28571429,0.0682111736,3.832682483
46.38095238,0.06643186189,3.732705654
46.47619048,0.06465255019,3.632728825
46.57142857,0.06287323848,3.532751997
46.66666667,0.06109392677,3.432775168
46.76190476,0.05931461506,3.33279834
46.85714286,0.05753530335,3.232821511
46.95238095,0.05575599164,3.132844682
47.04761905,0.05397667994,3.032867854
47.14285714,0.05219736823,2.932891025
47.23809524,0.05041805652,2.832914196
47.33333333,0.04863874481,2.732937368
47.42857143,0.0468594331,2.632960539
47.52380952,0.0450801214,2.53298371
47.61904762,0.04330080969,2.433006882
47.71428571,0.04235679589,2.379964177
47.80952381,0.04170771612,2.343493368
47.9047619,0.04105863635,2.30702256
48,0.04040955658,2.270551751
48.0952381,0.03976047681,2.234080942
48.19047619,0.03911139704,2.197610134
48.28571429,0.03846231727,2.161139325
48.38095238,0.0378132375,2.124668516
48.47619048,0.03716415773,2.088197707
48.57142857,0.03651507796,2.051726899
48.66666667,0.03586599819,2.01525609
48.76190476,0.03521691842,1.978785281
48.85714286,0.03456783865,1.942314472
48.95238095,0.03391875888,1.905843664
49.04761905,0.03326967911,1.869372855
49.14285714,0.03262059934,1.832902046
49.23809524,0.03197151957,1.796431238
49.33333333,0.0313224398,1.759960429
49.42857143,0.03067336003,1.72348962
49.52380952,0.03002428026,1.687018811
49.61904762,0.02937520049,1.650548003
49.71428571,0.02904736582,1.632127469
49.80952381,0.02883295907,1.620080279
49.9047619,0.02861855232,1.608033089
50,0.02840414557,1.595985898
50.0952381,0.02818973883,1.583938708
50.19047619,0.02797533208,1.571891518
50.28571429,0.02776092533,1.559844328
50.38095238,0.02754651858,1.547797137
50.47619048,0.02733211184,1.535749947
50.57142857,0.02711770509,1.523702757
50.66666667,0.02690329834,1.511655567
50.76190476,0.02668889159,1.499608376
50.85714286,0.02647448484,1.487561186
50.95238095,0.0262600781,1.475513996
51.04761905,0.02604567135,1.463466806
51.14285714,0.0258312646,1.451419615
51.23809524,0.02561685785,1.439372425
51.33333333,0.02540245111,1.427325235
51.42857143,0.02518804436,1.415278044
51.52380952,0.02497363761,1.403230854
51.61904762,0.02475923086,1.391183664
51.71428571,0.02465669302,1.385422218
51.80952381,0.02459365479,1.381880196
51.9047619,0.02453061657,1.378338173
52,0.02446757834,1.374796151
52.0952381,0.02440454012,1.371254128
52.19047619,0.02434150189,1.367712106
52.28571429,0.02427846367,1.364170084
52.38095238,0.02421542544,1.360628061
52.47619048,0.02415238721,1.357086039
52.57142857,0.02408934899,1.353544017
52.66666667,0.02402631076,1.350001994
52.76190476,0.02396327254,1.346459972
52.85714286,0.02390023431,1.342917949
52.95238095,0.02383719609,1.339375927
53.04761905,0.02377415786,1.335833905
53.14285714,0.02371111963,1.332291882
53.23809524,0.02364808141,1.32874986
53.33333333,0.02358504318,1.325207838
53.42857143,0.02352200496,1.321665815
53.52380952,0.02345896673,1.318123793
53.61904762,0.02339592851,1.31458177
53.71428571,0.02337702522,1.313519623
53.80952381,0.02337370547,1.313333092
53.9047619,0.02337038572,1.31314656
54,0.02336706598,1.312960029
54.0952381,0.02336374623,1.312773497
54.19047619,0.02336042648,1.312586965
54.28571429,0.02335710673,1.312400434
54.38095238,0.02335378698,1.312213902
54.47619048,0.02335046723,1.31202737
54.57142857,0.02334714748,1.311840839
54.66666667,0.02334382774,1.311654307
54.76190476,0.02334050799,1.311467775
54.85714286,0.02333718824,1.311281244
54.95238095,0.02333386849,1.311094712
55.04761905,0.02333054874,1.310908181
55.14285714,0.02332722899,1.310721649
55.23809524,0.02332390925,1.310535117
55.33333333,0.0233205895,1.310348586
55.42857143,0.02331726975,1.310162054
55.52380952,0.02331395,1.309975522
55.61904762,0.02331063025,1.309788991
55.71428571,0.02331423436,1.3099915
55.80952381,0.0233202832,1.310331375
55.9047619,0.02332633204,1.31067125
56,0.02333238088,1.311011125
56.0952381,0.02333842971,1.311351
56.19047619,0.02334447855,1.311690876
56.28571429,0.02335052739,1.312030751
56.38095238,0.02335657623,1.312370626
56.47619048,0.02336262507,1.312710501
56.57142857,0.02336867391,1.313050376
56.66666667,0.02337472275,1.313390251
56.76190476,0.02338077159,1.313730126
56.85714286,0.02338682043,1.314070001
56.95238095,0.02339286927,1.314409876
57.04761905,0.02339891811,1.314749752
57.14285714,0.02340496695,1.315089627
57.23809524,0.02341101579,1.315429502
57.33333333,0.02341706463,1.315769377
57.42857143,0.02342311346,1.316109252
57.52380952,0.0234291623,1.316449127
57.61904762,0.02343521114,1.316789002
57.71428571,0.0234251124,1.316221569
57.80952381,0.02340931212,1.315333775
57.9047619,0.02339351185,1.314445982
58,0.02337771157,1.313558189
58.0952381,0.0233619113,1.312670395
58.19047619,0.02334611102,1.311782602
58.28571429,0.02333031075,1.310894808
58.38095238,0.02331451048,1.310007015
58.47619048,0.0232987102,1.309119221
58.57142857,0.02328290993,1.308231428
58.66666667,0.02326710965,1.307343634
58.76190476,0.02325130938,1.306455841
58.85714286,0.02323550911,1.305568047
58.95238095,0.02321970883,1.304680254
59.04761905,0.02320390856,1.30379246
59.14285714,0.02318810828,1.302904667
59.23809524,0.02317230801,1.302016873
59.33333333,0.02315650773,1.30112908
59.42857143,0.02314070746,1.300241287
59.52380952,0.02312490719,1.299353493
59.61904762,0.02310910691,1.2984657
59.71428571,0.02314477031,1.300469572
59.80952381,0.02319860493,1.303494457
59.9047619,0.02325243955,1.306519343
60,0.02330627417,1.309544229
60.0952381,0.02336010879,1.312569115
60.19047619,0.02341394341,1.315594
60.28571429,0.02346777802,1.318618886
60.38095238,0.02352161264,1.321643772
60.47619048,0.02357544726,1.324668657
60.57142857,0.02362928188,1.327693543
60.66666667,0.0236831165,1.330718429
60.76190476,0.02373695112,1.333743315
60.85714286,0.02379078574,1.3367682
60.95238095,0.02384462036,1.339793086
61.04761905,0.02389845498,1.342817972
61.14285714,0.0239522896,1.345842857
61.23809524,0.02400612422,1.348867743
61.33333333,0.02405995884,1.351892629
61.42857143,0.02411379346,1.354917515
61.52380952,0.02416762808,1.3579424
61.61904762,0.0242214627,1.360967286
61.71428571,0.02422632698,1.361240602
61.80952381,0.02421390039,1.360542371
61.9047619,0.0242014738,1.35984414
62,0.02418904722,1.359145909
62.0952381,0.02417662063,1.358447678
62.19047619,0.02416419404,1.357749447
62.28571429,0.02415176745,1.357051216
62.38095238,0.02413934087,1.356352984
62.47619048,0.02412691428,1.355654753
62.57142857,0.02411448769,1.354956522
62.66666667,0.02410206111,1.354258291
62.76190476,0.02408963452,1.35356006
62.85714286,0.02407720793,1.352861829
62.95238095,0.02406478134,1.352163598
63.04761905,0.02405235476,1.351465367
63.14285714,0.02403992817,1.350767136
63.23809524,0.02402750158,1.350068905
63.33333333,0.024015075,1.349370673
63.42857143,0.02400264841,1.348672442
63.52380952,0.02399022182,1.347974211
63.61904762,0.02397779523,1.34727598
63.71428571,0.02391523098,1.343760589
63.80952381,0.02383496369,1.339250492
63.9047619,0.0237546964,1.334740395
64,0.02367442911,1.330230297
64.0952381,0.02359416182,1.3257202
64.19047619,0.02351389454,1.321210103
64.28571429,0.02343362725,1.316700006
64.38095238,0.02335335996,1.312189908
64.47619048,0.02327309267,1.307679811
64.57142857,0.02319282538,1.303169714
64.66666667,0.0231125581,1.298659616
64.76190476,0.02303229081,1.294149519
64.85714286,0.02295202352,1.289639422
64.95238095,0.02287175623,1.285129325
65.04761905,0.02279148894,1.280619227
65.14285714,0.02271122165,1.27610913
65.23809524,0.02263095437,1.271599033
65.33333333,0.02255068708,1.267088935
65.42857143,0.02247041979,1.262578838
65.52380952,0.0223901525,1.258068741
65.61904762,0.02230988521,1.253558643
65.71428571,0.02231631951,1.253920177
65.80952381,0.02235336713,1.256001826
65.9047619,0.02239041475,1.258083476
66,0.02242746237,1.260165126
66.0952381,0.02246450999,1.262246775
66.19047619,0.02250155761,1.264328425
66.28571429,0.02253860523,1.266410075
66.38095238,0.02257565285,1.268491724
66.47619048,0.02261270047,1.270573374
66.57142857,0.02264974809,1.272655023
66.66666667,0.02268679571,1.274736673
66.76190476,0.02272384333,1.276818323
66.85714286,0.02276089095,1.278899972
66.95238095,0.02279793857,1.280981622
67.04761905,0.02283498619,1.283063272
67.14285714,0.02287203381,1.285144921
67.23809524,0.02290908143,1.287226571
67.33333333,0.02294612905,1.28930822
67.42857143,0.02298317667,1.29138987
67.52380952,0.02302022429,1.29347152
67.61904762,0.02305727191,1.295553169
67.71428571,0.02303456302,1.294277192
67.80952381,0.02299075481,1.291815674
67.9047619,0.02294694659,1.289354157
68,0.02290313838,1.28689264
68.0952381,0.02285933016,1.284431123
68.19047619,0.02281552195,1.281969605
68.28571429,0.02277171373,1.279508088
68.38095238,0.02272790552,1.277046571
68.47619048,0.0226840973,1.274585054
68.57142857,0.02264028909,1.272123537
68.66666667,0.02259648087,1.269662019
68.76190476,0.02255267266,1.267200502
68.85714286,0.02250886444,1.264738985
68.95238095,0.02246505623,1.262277468
69.04761905,0.02242124801,1.259815951
69.14285714,0.0223774398,1.257354433
69.23809524,0.02233363158,1.254892916
69.33333333,0.02228982337,1.252431399
69.42857143,0.02224601515,1.249969882
69.52380952,0.02220220694,1.247508364
69.61904762,0.02215839872,1.245046847
69.71428571,0.02213418498,1.243686313
69.80952381,0.02211688981,1.242714524
69.9047619,0.02209959464,1.241742735
70,0.02208229948,1.240770946
70.0952381,0.02206500431,1.239799157
70.19047619,0.02204770915,1.238827368
70.28571429,0.02203041398,1.237855578
70.38095238,0.02201311881,1.236883789
70.47619048,0.02199582365,1.235912
70.57142857,0.02197852848,1.234940211
70.66666667,0.02196123331,1.233968422
70.76190476,0.02194393815,1.232996632
70.85714286,0.02192664298,1.232024843
70.95238095,0.02190934781,1.231053054
71.04761905,0.02189205265,1.230081265
71.14285714,0.02187475748,1.229109476
71.23809524,0.02185746231,1.228137686
71.33333333,0.02184016715,1.227165897
71.42857143,0.02182287198,1.226194108
71.52380952,0.02180557681,1.225222319
71.61904762,0.02178828165,1.22425053
71.71428571,0.02176785342,1.223102698
71.80952381,0.02174631894,1.221892708
71.9047619,0.02172478445,1.220682718
72,0.02170324997,1.219472729
72.0952381,0.02168171549,1.218262739
72.19047619,0.02166018101,1.217052749
72.28571429,0.02163864653,1.215842759
72.38095238,0.02161711205,1.214632769
72.47619048,0.02159557757,1.213422779
72.57142857,0.02157404309,1.212212789
72.66666667,0.0215525086,1.211002799
72.76190476,0.02153097412,1.20979281
72.85714286,0.02150943964,1.20858282
72.95238095,0.02148790516,1.20737283
73.04761905,0.02146637068,1.20616284
73.14285714,0.0214448362,1.20495285
73.23809524,0.02142330172,1.20374286
73.33333333,0.02140176724,1.20253287
73.42857143,0.02138023275,1.201322881
73.52380952,0.02135869827,1.200112891
73.61904762,0.02133716379,1.198902901
73.71428571,0.02130526991,1.197110832
73.80952381,0.02126971823,1.195113237
73.9047619,0.02123416656,1.193115642
74,0.02119861489,1.191118048
74.0952381,0.02116306322,1.189120453
74.19047619,0.02112751154,1.187122859
74.28571429,0.02109195987,1.185125264
74.38095238,0.0210564082,1.183127669
74.47619048,0.02102085653,1.181130075
74.57142857,0.02098530485,1.17913248
74.66666667,0.02094975318,1.177134886
74.76190476,0.02091420151,1.175137291
74.85714286,0.02087864984,1.173139696
74.95238095,0.02084309817,1.171142102
75.04761905,0.02080754649,1.169144507
75.14285714,0.02077199482,1.167146913
75.23809524,0.02073644315,1.165149318
75.33333333,0.02070089148,1.163151723
75.42857143,0.0206653398,1.161154129
75.52380952,0.02062978813,1.159156534
75.61904762,0.02059423646,1.15715894
75.71428571,0.02055213649,1.154793406
75.80952381,0.0205077244,1.152297958
75.9047619,0.0204633123,1.14980251
76,0.02041890021,1.147307062
76.0952381,0.02037448812,1.144811613
76.19047619,0.02033007602,1.142316165
76.28571429,0.02028566393,1.139820717
76.38095238,0.02024125184,1.137325269
76.47619048,0.02019683974,1.134829821
76.57142857,0.02015242765,1.132334372
76.66666667,0.02010801556,1.129838924
76.76190476,0.02006360346,1.127343476
76.85714286,0.02001919137,1.124848028
76.95238095,0.01997477928,1.122352579
77.04761905,0.01993036718,1.119857131
77.14285714,0.01988595509,1.117361683
77.23809524,0.019841543,1.114866235
77.33333333,0.0197971309,1.112370786
77.42857143,0.01975271881,1.109875338
77.52380952,0.01970830672,1.10737989
77.61904762,0.01966389462,1.104884442
77.71428571,0.01966465153,1.104926971
77.80952381,0.0196813571,1.105865632
77.9047619,0.01969806266,1.106804292
78,0.01971476823,1.107742952
78.0952381,0.01973147379,1.108681613
78.19047619,0.01974817935,1.109620273
78.28571429,0.01976488492,1.110558933
78.38095238,0.01978159048,1.111497594
78.47619048,0.01979829605,1.112436254
78.57142857,0.01981500161,1.113374914
78.66666667,0.01983170718,1.114313575
78.76190476,0.01984841274,1.115252235
78.85714286,0.0198651183,1.116190895
78.95238095,0.01988182387,1.117129556
79.04761905,0.01989852943,1.118068216
79.14285714,0.019915235,1.119006876
79.23809524,0.01993194056,1.119945537
79.33333333,0.01994864613,1.120884197
79.42857143,0.01996535169,1.121822857
79.52380952,0.01998205725,1.122761518
79.61904762,0.01999876282,1.123700178
79.71428571,0.02003062333,1.125490372
79.80952381,0.02006783487,1.127581232
79.9047619,0.02010504642,1.129672093
80,0.02014225797,1.131762953
80.0952381,0.02017946951,1.133853814
80.19047619,0.02021668106,1.135944674
80.28571429,0.02025389261,1.138035534
80.38095238,0.02029110415,1.140126395
80.47619048,0.0203283157,1.142217255
80.57142857,0.02036552725,1.144308116
80.66666667,0.02040273879,1.146398976
80.76190476,0.02043995034,1.148489837
80.85714286,0.02047716189,1.150580697
80.95238095,0.02051437343,1.152671557
81.04761905,0.02055158498,1.154762418
81.14285714,0.02058879653,1.156853278
81.23809524,0.02062600807,1.158944139
81.33333333,0.02066321962,1.161034999
81.42857143,0.02070043117,1.163125859
81.52380952,0.02073764271,1.16521672
81.61904762,0.02077485426,1.16730758
81.71428571,0.02076835606,1.166942456
81.80952381,0.02074642446,1.165710153
81.9047619,0.02072449285,1.164477849
82,0.02070256125,1.163245545
82.0952381,0.02068062964,1.162013242
82.19047619,0.02065869804,1.160780938
82.28571429,0.02063676643,1.159548635
82.38095238,0.02061483483,1.158316331
82.47619048,0.02059290323,1.157084027
82.57142857,0.02057097162,1.155851724
82.66666667,0.02054904002,1.15461942
82.76190476,0.02052710841,1.153387117
82.85714286,0.02050517681,1.152154813
82.95238095,0.0204832452,1.150922509
83.04761905,0.0204613136,1.149690206
83.14285714,0.02043938199,1.148457902
83.23809524,0.02041745039,1.147225598
83.33333333,0.02039551879,1.145993295
83.42857143,0.02037358718,1.144760991
83.52380952,0.02035165558,1.143528688
83.61904762,0.02032972397,1.142296384
83.71428571,0.02028913035,1.14001549
83.80952381,0.0202419474,1.137364351
83.9047619,0.02019476444,1.134713212
84,0.02014758148,1.132062073
84.0952381,0.02010039852,1.129410935
84.19047619,0.02005321557,1.126759796
84.28571429,0.02000603261,1.124108657
84.38095238,0.01995884965,1.121457518
84.47619048,0.01991166669,1.118806379
84.57142857,0.01986448374,1.11615524
84.66666667,0.01981730078,1.113504101
84.76190476,0.01977011782,1.110852962
84.85714286,0.01972293486,1.108201823
84.95238095,0.01967575191,1.105550685
85.04761905,0.01962856895,1.102899546
85.14285714,0.01958138599,1.100248407
85.23809524,0.01953420303,1.097597268
85.33333333,0.01948702008,1.094946129
85.42857143,0.01943983712,1.09229499
85.52380952,0.01939265416,1.089643851
85.61904762,0.01934547121,1.086992712
85.71428571,0.01934237355,1.08681866
85.80952381,0.01935484191,1.087519238
85.9047619,0.01936731027,1.088219817
86,0.01937977864,1.088920395
86.0952381,0.019392247,1.089620973
86.19047619,0.01940471536,1.090321551
86.28571429,0.01941718372,1.09102213
86.38095238,0.01942965208,1.091722708
86.47619048,0.01944212044,1.092423286
86.57142857,0.0194545888,1.093123865
86.66666667,0.01946705716,1.093824443
86.76190476,0.01947952552,1.094525021
86.85714286,0.01949199388,1.095225599
86.95238095,0.01950446224,1.095926178
87.04761905,0.0195169306,1.096626756
87.14285714,0.01952939896,1.097327334
87.23809524,0.01954186732,1.098027912
87.33333333,0.01955433568,1.098728491
87.42857143,0.01956680404,1.099429069
87.52380952,0.0195792724,1.100129647
87.61904762,0.01959174076,1.100830226
87.71428571,0.01957204409,1.099723499
87.80952381,0.01954099031,1.097978635
87.9047619,0.01950993654,1.09623377
88,0.01947888276,1.094488906
88.0952381,0.01944782899,1.092744041
88.19047619,0.01941677521,1.090999177
88.28571429,0.01938572144,1.089254312
88.38095238,0.01935466766,1.087509447
88.47619048,0.01932361389,1.085764583
88.57142857,0.01929256011,1.084019718
88.66666667,0.01926150634,1.082274854
88.76190476,0.01923045256,1.080529989
88.85714286,0.01919939879,1.078785125
88.95238095,0.01916834502,1.07704026
89.04761905,0.01913729124,1.075295396
89.14285714,0.01910623747,1.073550531
89.23809524,0.01907518369,1.071805667
89.33333333,0.01904412992,1.070060802
89.42857143,0.01901307614,1.068315937
89.52380952,0.01898202237,1.066571073
89.61904762,0.01895096859,1.064826208
89.71428571,0.01893539413,1.063951103
89.80952381,0.01892528523,1.063383099
89.9047619,0.01891517634,1.062815096
90,0.01890506744,1.062247092
90.0952381,0.01889495855,1.061679089
90.19047619,0.01888484965,1.061111085
90.28571429,0.01887474075,1.060543082
90.38095238,0.01886463186,1.059975078
90.47619048,0.01885452296,1.059407075
90.57142857,0.01884441407,1.058839071
90.66666667,0.01883430517,1.058271068
90.76190476,0.01882419628,1.057703064
90.85714286,0.01881408738,1.05713506
90.95238095,0.01880397848,1.056567057
91.04761905,0.01879386959,1.055999053
91.14285714,0.01878376069,1.05543105
91.23809524,0.0187736518,1.054863046
91.33333333,0.0187635429,1.054295043
91.42857143,0.018753434,1.053727039
91.52380952,0.01874332511,1.053159036
91.61904762,0.01873321621,1.052591032
91.71428571,0.01871804993,1.051738862
91.80952381,0.01870109795,1.050786356
91.9047619,0.01868414597,1.04983385
92,0.01866719399,1.048881343
92.0952381,0.01865024201,1.047928837
92.19047619,0.01863329003,1.046976331
92.28571429,0.01861633804,1.046023825
92.38095238,0.01859938606,1.045071319
92.47619048,0.01858243408,1.044118813
92.57142857,0.0185654821,1.043166306
92.66666667,0.01854853012,1.0422138
92.76190476,0.01853157814,1.041261294
92.85714286,0.01851462615,1.040308788
92.95238095,0.01849767417,1.039356282
93.04761905,0.01848072219,1.038403776
93.14285714,0.01846377021,1.037451269
93.23809524,0.01844681823,1.036498763
93.33333333,0.01842986624,1.035546257
93.42857143,0.01841291426,1.034593751
93.52380952,0.01839596228,1.033641245
93.61904762,0.0183790103,1.032688739
93.71428571,0.01842195629,1.035101809
93.80952381,0.01848605157,1.038703225
93.9047619,0.01855014685,1.042304642
94,0.01861424213,1.045906058
94.0952381,0.0186783374,1.049507475
94.19047619,0.01874243268,1.053108891
94.28571429,0.01880652796,1.056710308
94.38095238,0.01887062323,1.060311724
94.47619048,0.01893471851,1.063913141
94.57142857,0.01899881379,1.067514557
94.66666667,0.01906290906,1.071115974
94.76190476,0.01912700434,1.07471739
94.85714286,0.01919109962,1.078318807
94.95238095,0.01925519489,1.081920223
95.04761905,0.01931929017,1.08552164
95.14285714,0.01938338545,1.089123056
95.23809524,0.01944748072,1.092724473
95.33333333,0.019511576,1.096325889
95.42857143,0.01957567128,1.099927306
95.52380952,0.01963976656,1.103528722
95.61904762,0.01970386183,1.107130139
95.71428571,0.01971074434,1.107516856
95.80952381,0.01969742569,1.106768501
95.9047619,0.01968410703,1.106020146
96,0.01967078837,1.105271791
96.0952381,0.01965746972,1.104523436
96.19047619,0.01964415106,1.103775081
96.28571429,0.0196308324,1.103026726
96.38095238,0.01961751375,1.102278371
96.47619048,0.01960419509,1.101530015
96.57142857,0.01959087643,1.10078166
96.66666667,0.01957755778,1.100033305
96.76190476,0.01956423912,1.09928495
96.85714286,0.01955092047,1.098536595
96.95238095,0.01953760181,1.09778824
97.04761905,0.01952428315,1.097039885
97.14285714,0.0195109645,1.09629153
97.23809524,0.01949764584,1.095543175
97.33333333,0.01948432718,1.094794819
97.42857143,0.01947100853,1.094046464
97.52380952,0.01945768987,1.093298109
97.61904762,0.01944437121,1.092549754
97.71428571,0.01940235551,1.090188955
97.80952381,0.0193502072,1.087258821
97.9047619,0.0192980589,1.084328687
98,0.0192459106,1.081398553
98.0952381,0.01919376229,1.078468418
98.19047619,0.01914161399,1.075538284
98.28571429,0.01908946568,1.07260815
98.38095238,0.01903731738,1.069678016
98.47619048,0.01898516907,1.066747882
98.57142857,0.01893302077,1.063817747
98.66666667,0.01888087247,1.060887613
98.76190476,0.01882872416,1.057957479
98.85714286,0.01877657586,1.055027345
98.95238095,0.01872442755,1.052097211
99.04761905,0.01867227925,1.049167077
99.14285714,0.01862013095,1.046236942
99.23809524,0.01856798264,1.043306808
99.33333333,0.01851583434,1.040376674
99.42857143,0.01846368603,1.03744654
99.52380952,0.01841153773,1.034516406
99.61904762,0.01835938943,1.031586271
99.71428571,0.01834797061,1.030944665
99.80952381,0.01835093289,1.031111112
99.9047619,0.01835389518,1.031277558
100,0.01835685747,1.031444005
