Depth [mm],Signal,Net OD,Dose [cGy],Dose [Gy],PDD [%]
0,11062.17,0.5242862221,300,3,140.5189343
0.127,22025.99,0.2251911126,256.5510481,2.565510481,120.1675996
0.254,22107.63,0.2235843629,253.9871575,2.539871575,118.9666823
0.381,23067.31,0.2051295982,196.9348441,1.969348441,92.2435814
0.508,23936.31,0.1890693496,147.7312262,1.477312262,69.19678157
0.635,24084.71,0.1863851289,144.6041749,1.446041749,67.73208183
0.762,24277.37,0.1829249131,140.5731081,1.405731081,65.84394447
0.889,24385.27,0.1809989818,138.3294452,1.383294452,64.79302075
1.016,24455.25,0.1797544435,136.8795886,1.368795886,64.11391305
1.143,24522.94,0.1785540148,135.4811185,1.354811185,63.45887465
1.27,24530.63,0.1784178484,135.322488,1.35322488,63.38457266
1.397,24665.38,0.1760387397,132.5508846,1.325508846,62.08636346
1.524,24740.49,0.1747182535,131.0125505,1.310125505,61.36581325
1.651,24858.27,0.1726556495,128.6096673,1.286096673,60.24031131
1.778,24965.35,0.1707888913,126.4349397,1.264349397,59.22167663
1.905,25021.52,0.1698128618,125.2978892,1.252978892,58.6890862
2.032,25109.59,0.1682869289,123.5202147,1.235202147,57.85642979
2.159,25209.17,0.1665680034,121.5177085,1.215177085,56.91846301
2.286,25238.54,0.1660623221,120.9286023,1.209286023,56.64252772
2.413,25216.46,0.166442432,121.371421,1.21371421,56.84994245
2.54,25162.6,0.1673710365,122.4532225,1.224532225,57.35665441
2.667,25150.53,0.1675794089,122.6959713,1.226959713,57.47035707
2.794,25158.55,0.1674409432,122.5346621,1.225346621,57.39480042
2.921,25082.73,0.1687517471,124.0617165,1.240617165,58.11006731
3.048,25044.83,0.1694084622,124.8267736,1.248267736,58.46841732
3.175,24978.61,0.1705582831,126.1662868,1.261662868,59.09584053
3.302,24910.26,0.1717482898,127.5526155,1.275526155,59.745192
3.429,24864.77,0.172542104,128.4773896,1.284773896,60.17835288
3.556,24821.18,0.1733041263,129.3651269,1.293651269,60.5941659
3.683,24736.04,0.1747963758,131.1035611,1.311035611,61.40844229
3.81,24674.25,0.1758825896,132.3689736,1.323689736,62.00115702
3.937,24561.94,0.1778638842,134.6771333,1.346771333,63.08229082
4.064,24494.38,0.1790600992,136.0706945,1.360706945,63.73502995
4.191,24407.49,0.1806034303,137.8686375,1.378686375,64.57718002
4.318,24322.59,0.1821167313,139.6315961,1.396315961,65.40294357
4.445,24340.43,0.1817983041,139.2606362,1.392606362,65.22918729
4.572,24310.24,0.182337304,139.8885578,1.398885578,65.52330356
4.699,24215.2,0.18403849,141.8703979,1.418703979,66.45159042
4.826,24175.15,0.1847573729,142.7078789,1.427078789,66.84386355
4.953,24134.14,0.1854947226,143.5668733,1.435668733,67.24621347
5.08,24051.54,0.1869836612,145.3014504,1.453014504,68.05868319
5.207,23997.94,0.1879525872,146.4302254,1.464302254,68.5873974
5.334,23924.64,0.1892811388,147.9779555,1.479779555,69.31234868
5.461,23868.13,0.1903081557,149.1744051,1.491744051,69.87276144
5.588,23837.68,0.1908625649,149.8202782,1.498202782,70.1752861
5.715,23781.58,0.1918858455,152.8900674,1.528900674,71.61316445
5.842,23661.86,0.1940776699,160.1794226,1.601794226,75.02747253
5.969,23706.55,0.1932581944,157.4540911,1.574540911,73.75093695
6.096,23668.34,0.193958751,159.7839337,1.597839337,74.84222693
6.223,23649.72,0.1943005471,160.9206456,1.609206456,75.37465876
6.35,23605.45,0.1951142664,163.6268337,1.636268337,76.64222764
6.477,23553.4,0.1960729427,166.8151056,1.668151056,78.13560289
6.604,23536.41,0.1963863296,167.8573369,1.678573369,78.62378034
6.731,23544.9,0.1962297001,167.336434,1.67336434,78.37979125
6.858,23512.61,0.19682571,169.3185854,1.693185854,79.30822392
6.985,23421.17,0.198517964,174.946518,1.74946518,81.94432757
7.112,23371.77,0.1994349465,177.9961289,1.779961289,83.37275448
7.239,23365.77,0.1995464529,178.3669659,1.783669659,83.54645321
7.366,23342.81,0.1999734153,179.7869155,1.797869155,84.21155253
7.493,23357.19,0.1997059568,178.8974283,1.788974283,83.79491991
7.62,23327.11,0.200265613,180.7586783,1.807586783,84.66672277
7.747,23310.79,0.2005695584,181.7695099,1.817695099,85.14019274
7.874,23284.93,0.2010516137,183.3726822,1.833726822,85.89111293
8.001,23251.69,0.2016720262,185.4359895,1.854359895,86.85755873
8.128,23255.99,0.2015917183,185.1689094,1.851689094,86.73245938
8.255,23240.95,0.201872674,186.1032842,1.861032842,87.17011724
8.382,23217.27,0.2023153984,187.5756538,1.875756538,87.8597699
8.509,23129.41,0.2039619957,193.0517459,1.930517459,90.42475199
8.636,23124.71,0.2040502553,193.3452709,1.933452709,90.56223806
8.763,23112.72,0.2042754923,194.0943422,1.940943422,90.91310039
8.89,23116.2,0.204210107,193.8768903,1.938768903,90.81124671
9.017,23128.35,0.2039818995,193.1179399,1.931179399,90.45575705
9.144,23042.68,0.2055935616,198.4778482,1.984778482,92.96631904
9.271,23085.35,0.204790087,195.8057309,1.958057309,91.7147088
9.398,23060.06,0.2052661174,197.3888662,1.973888662,92.45624373
9.525,23037.52,0.2056908251,198.8013175,1.988013175,93.11783089
9.652,23050.45,0.2054471421,197.9909003,1.979909003,92.73823438
9.779,23044.97,0.2055504032,198.3343163,1.983343163,92.89908918
9.906,23045.94,0.2055321235,198.2735232,1.982735232,92.87061392
10.033,23056.25,0.2053378778,197.6275198,1.976275198,92.56802825
10.16,22993.43,0.2065227892,201.5681823,2.015681823,94.41382056
10.287,22988.01,0.206625173,201.9086802,2.019086802,94.57330854
10.414,22983.14,0.2067171878,202.2146941,2.022146941,94.7166444
10.541,22969.78,0.2069697147,203.0545234,2.030545234,95.11001745
10.668,22910.25,0.208096722,206.8026141,2.068026141,96.8656098
10.795,22899.97,0.2082916369,207.450843,2.07450843,97.16923792
10.922,22847.83,0.2092815916,210.7431374,2.107431374,98.7113369
11.049,22879.94,0.2086716691,208.7147168,2.087147168,97.7612319
11.176,22882.22,0.2086283936,208.5707952,2.085707952,97.69381954
11.303,22870.68,0.2088474729,209.2993879,2.092993879,98.03508979
11.43,22894.16,0.2084018367,207.8173346,2.078173346,97.34090127
11.557,22957.75,0.207197228,203.811165,2.03811165,95.46442568
11.684,22997.13,0.2064529101,201.3357852,2.013357852,94.30496659
11.811,22976.75,0.2068379514,202.616318,2.02616318,94.9047636
11.938,22911.08,0.2080809886,206.7502892,2.067502892,96.84110103
12.065,22930.65,0.2077101848,205.5171063,2.055171063,96.26348252
12.192,22949.58,0.2073518084,204.3252533,2.043252533,95.70522279
12.319,22896.7,0.2083536564,207.6571013,2.076571013,97.2658486
12.446,22917.19,0.207965185,206.365161,2.06365161,96.66070831
12.573,22907.96,0.2081401342,206.9469901,2.069469901,96.93323501
12.7,22908.17,0.208136153,206.9337498,2.069337498,96.92703329
12.827,22952.34,0.2072995817,204.1515628,2.041515628,95.62386681
12.954,22939.67,0.2075393843,204.9490748,2.049490748,95.99741858
13.081,22929.34,0.2077349962,205.5996217,2.055996217,96.30213244
13.208,22928.99,0.2077416254,205.6216686,2.056216686,96.31245912
13.335,22910.05,0.2081005133,206.8152228,2.068152228,96.87151567
13.462,22897.16,0.2083449314,207.6280846,2.076280846,97.25225727
13.589,22911.82,0.2080669616,206.7036398,2.067036398,96.81925058
13.716,22889.15,0.2084968851,208.1334373,2.081334373,97.48896265
13.843,22896.36,0.2083601055,207.6785489,2.076785489,97.27589453
13.97,22856.89,0.2091094121,210.1705196,2.101705196,98.44312478
14.097,22902.11,0.2082510541,207.3158764,2.073158764,97.10602006
14.224,22909.44,0.2081120769,206.8536799,2.068536799,96.88952886
14.351,22913.97,0.2080262102,206.5681127,2.065681127,96.75577016
14.478,22901.97,0.2082537089,207.3247056,2.073247056,97.11015563
14.605,22860.08,0.2090488044,209.9689566,2.099689566,98.34871337
14.732,22850.37,0.2092333137,210.5825792,2.105825792,98.63613205
14.859,22819.87,0.2098133843,212.5117215,2.125117215,99.53973545
14.986,22827.35,0.2096710527,212.0383688,2.120383688,99.31801869
15.113,22814.86,0.2099087422,212.8288534,2.128288534,99.68827889
15.24,22822.15,0.2097699949,212.3674211,2.123674211,99.47214564
15.367,22835.86,0.2095091785,211.5000236,2.115000236,99.06585975
15.494,22842.63,0.2093804451,211.0718947,2.110718947,98.86532567
15.621,22824.71,0.209721282,212.2054167,2.122054167,99.39626337
15.748,22804.35,0.2101088524,213.4943604,2.134943604,100
15.875,22847.99,0.2092785503,210.7330229,2.107330229,98.70659934
16.002,22859.33,0.2090630531,210.0163435,2.100163435,98.37090922
16.129,22870.88,0.2088436751,209.2867575,2.092867575,98.02917376
16.256,22916.07,0.2079864102,206.4357496,2.064357496,96.69377179
16.383,22883.45,0.2086050493,208.4931592,2.084931592,97.65745513
16.51,22867.38,0.2089101416,209.5078053,2.095078053,98.13271174
16.637,22885.87,0.2085591237,208.3404242,2.083404242,97.5859146
16.764,22867.01,0.2089171687,209.5311751,2.095311751,98.1436581
16.891,22819.74,0.2098158584,212.5199496,2.125199496,99.54358946
17.018,22816.64,0.2098748602,212.7161718,2.127161718,99.63549924
17.145,22808.14,0.2100366803,213.2543373,2.132543373,99.88757402
17.272,22822.88,0.2097561035,212.3212227,2.123212227,99.45050647
17.399,22860.47,0.2090413953,209.944316,2.09944316,98.33717181
17.526,22853.75,0.2091690781,210.3689508,2.103689508,98.53606926
17.653,22834.05,0.2095436026,211.614508,2.11614508,99.11948381
17.78,22843.29,0.2093678971,211.0301637,2.110301637,98.845779
17.907,22849.72,0.2092456677,210.6236652,2.106236652,98.65537659
18.034,22806.43,0.2100692419,213.3626277,2.133626277,99.93829689
18.161,22821.72,0.2097781776,212.3946346,2.123946346,99.48489232
18.288,22866.11,0.208934262,209.5880224,2.095880224,98.17028515
18.415,22862.9,0.2089952336,209.7907957,2.097907957,98.26526347
18.542,22894.84,0.2083889375,207.7744357,2.077744357,97.32080761
18.669,22884.1,0.2085927134,208.4521338,2.084521338,97.63823895
18.796,22906.37,0.2081702789,207.0472422,2.070472422,96.98019273
18.923,22915.96,0.2079884948,206.4426826,2.064426826,96.69701918
19.05,22912.25,0.208058811,206.6765333,2.066765333,96.80655402
19.177,22888.9,0.2085016286,208.1492127,2.081492127,97.49635179
19.304,22881.79,0.2086365548,208.5979372,2.085979372,97.70653276
19.431,22883.15,0.2086107429,208.5120944,2.085120944,97.66632431
19.558,22929.79,0.207726473,205.5712762,2.055712762,96.2888555
19.685,22934.98,0.2076281846,205.2443981,2.052443981,96.13574697
19.812,22923.4,0.2078475177,205.9738346,2.059738346,96.47741245
19.939,22943.54,0.2074661235,204.7054313,2.047054313,95.88329683
20.066,22925.88,0.2078005355,205.8175858,2.058175858,96.40422605
20.193,22936.45,0.2076003497,205.1518276,2.051518276,96.09238726
20.32,22939.87,0.2075355979,204.9364824,2.049364824,95.99152034
20.447,22969.95,0.2069665005,203.0438339,2.030438339,95.10501052
20.574,22949.3,0.2073571071,204.3428752,2.043428752,95.71347684
20.701,22955.19,0.2072456586,203.9722305,2.039722305,95.53986818
20.828,22960.47,0.2071457765,203.6400526,2.036400526,95.38427723
20.955,22979.4,0.2067878654,202.4497468,2.024497468,94.82674225
21.082,22963.04,0.207097168,203.4783951,2.034783951,95.30855746
21.209,22977.33,0.2068269887,202.5798593,2.025798593,94.88768646
21.336,22932.46,0.2076759057,205.4031042,2.054031042,96.21008435
21.463,22987.74,0.2066302739,201.9256443,2.019256443,94.5812545
21.59,22986.57,0.2066523786,201.9991581,2.019991581,94.61568806
21.717,22985.02,0.2066816644,202.0965538,2.020965538,94.66130786
21.844,22982.55,0.2067283367,202.2517721,2.022517721,94.73401159
21.971,23037.99,0.2056819649,198.7718512,1.987718512,93.10402898
22.098,23040.74,0.2056301271,198.5994541,1.985994541,93.02327881
22.225,23094.32,0.2046213711,195.2446322,1.952446322,91.45189215
22.352,23121.25,0.2041152408,193.5613934,1.935613934,90.66346906
22.479,23071.97,0.205041872,196.6430928,1.966430928,92.10692614
22.606,23087.4,0.204751523,195.6774785,1.956774785,91.65463579
22.733,23127.42,0.203999363,193.1760184,1.931760184,90.48296076
22.86,23094.45,0.2046189265,195.236502,1.95236502,91.44808397
22.987,23143.62,0.2036952604,192.1646638,1.921646638,90.00924589
23.114,23185.55,0.2029091478,189.5502874,1.895502874,88.78468127
23.241,23141.79,0.2037296021,192.2788739,1.922788739,90.06274151
23.368,23195.96,0.2027141992,188.9019464,1.889019464,88.48100063
23.495,23189.32,0.2028385367,189.3154559,1.893154559,88.67468704
23.622,23171.2,0.2031780245,190.4444914,1.904444914,89.20352323
23.749,23167.36,0.2032500031,190.6838705,1.906838705,89.31564758
23.876,23224.61,0.2021781205,187.1191084,1.871191084,87.64592568
24.003,23247.61,0.201748239,185.6894506,1.856894506,86.97627903
24.13,23260.44,0.2015086247,184.8925646,1.848925646,86.60302046
24.257,23252.07,0.2016649286,185.412385,1.85412385,86.8465025
24.384,23306.57,0.2006481867,182.0310043,1.820310043,85.26267579
24.511,23340.68,0.2000130458,179.918715,1.79918715,84.27328697
24.638,23341.58,0.1999963001,179.8630236,1.798630236,84.24720131
24.765,23406.55,0.1987891446,175.848384,1.75848384,82.36675841
24.892,23409.44,0.1987355257,175.6700635,1.756700635,82.28323372
25.019,23478.22,0.1974613825,171.4326429,1.714326429,80.29844094
25.146,23475.56,0.1975105894,171.5962901,1.715962901,80.37509273
25.273,23522.55,0.19664215,168.7081195,1.687081195,79.02228386
25.4,23552.64,0.1960869564,166.8617109,1.668617109,78.15743262
25.527,23537.65,0.1963634497,167.7812452,1.677812452,78.58813922
25.654,23588.26,0.1954306442,164.6790122,1.646790122,77.13506432
25.781,23591.95,0.1953627112,164.4530873,1.644530873,77.02924188
25.908,23658.15,0.1941457693,160.405901,1.60405901,75.1335542
26.035,23652.97,0.1942408694,160.7221755,1.607221755,75.28169605
26.162,23647.42,0.1943427854,161.0611179,1.610611179,75.44045548
26.289,23695.94,0.1934526088,158.1006557,1.581006557,74.05378549
26.416,23779.06,0.1919318676,153.0431234,1.530431234,71.68485536
26.543,23816.67,0.1912455112,150.7605062,1.507605062,70.61568557
26.67,23828.18,0.1910356782,150.0626644,1.500626644,70.28881892
26.797,23807.63,0.1914103859,151.3088305,1.513088305,70.87251872
26.924,23735.73,0.1927239572,155.6773775,1.556773775,72.91873058
27.051,23898.95,0.1897477297,148.5215225,1.485215225,69.56695353
27.178,23934.66,0.1890992878,147.7661035,1.477661035,69.21311797
27.305,23974.66,0.1883740935,146.9212699,1.469212699,68.8174009
27.432,24021.66,0.1875235346,145.9303897,1.459303897,68.35327612
27.559,24066.59,0.186711991,144.9849612,1.449849612,67.91044078
27.686,24129.96,0.1855699484,143.6545095,1.436545095,67.28726192
27.813,24101.75,0.186077973,144.2463457,1.442463457,67.56447593
27.94,24162.3,0.1849882781,142.9768779,1.429768779,66.96986168
28.067,24187.15,0.1845418524,142.4568028,1.424568028,66.72626038
28.194,24250.9,0.1833986896,141.1250461,1.411250461,66.10247026
28.321,24312.3,0.1823005043,139.8456871,1.398456871,65.50322307
28.448,24379.77,0.1810969462,138.4435714,1.384435714,64.84647704
28.575,24420.87,0.1803654186,137.5913597,1.375913597,64.44730409
28.702,24417.35,0.1804280219,137.664291,1.37664291,64.48146485
28.829,24451.69,0.1798176692,136.953245,1.36953245,64.14841345
28.956,24504.18,0.1788863763,135.8683116,1.358683116,63.64023451
29.083,24562.4,0.1778557507,134.667658,1.34667658,63.07785263
29.21,24585.13,0.1774540413,134.1996763,1.341996763,62.85865166
29.337,24616.18,0.1769058914,133.5610951,1.335610951,62.55954251
29.464,24674.3,0.1758817096,132.3679484,1.323679484,62.0006768
29.591,24719.02,0.1750953014,131.4518021,1.314518021,61.57155715
29.718,24791.53,0.1738232204,129.9698589,1.299698589,60.8774202
29.845,24832.51,0.1731059313,129.1342346,1.291342346,60.48601676
29.972,24883.57,0.1722138624,128.0949962,1.280949962,59.99924117
30.099,25005.26,0.1700951757,125.626778,1.25626778,58.84313655
30.226,25006.75,0.170069298,125.5966311,1.255966311,58.82901584
30.353,25094.09,0.1685550991,123.8326264,1.238326264,58.00276232
30.48,25109.07,0.1682959229,123.5306925,1.235306925,57.86133755
30.607,25124.25,0.1680334441,123.2249112,1.232249112,57.71811065
30.734,25177.66,0.1671111858,122.1505028,1.221505028,57.21486159
30.861,25277.62,0.1653903696,120.145794,1.20145794,56.27586309
30.988,25399.82,0.1632959114,117.7058015,1.177058015,55.13297928
31.115,25440.07,0.1626082484,116.9046909,1.169046909,54.75774191
31.242,25503.18,0.1615322142,115.6511374,1.156511374,54.17058192
31.369,25581.71,0.160196979,114.095621,1.14095621,53.44198358
31.496,25587.38,0.1601007314,113.983495,1.13983495,53.38946414
31.623,25672.39,0.1586602487,112.3053678,1.123053678,52.60343533
31.75,25730.52,0.1576779872,111.1610572,1.111610572,52.06744432
31.877,25801.25,0.1564858035,109.7721924,1.097721924,51.41690497
32.004,25847.36,0.1557103587,108.8688181,1.088688181,50.99376767
32.131,25895.26,0.1549062745,107.9320797,1.079320797,50.55500273
32.258,25964.41,0.153748092,106.5828254,1.065828254,49.92301682
32.385,26074.12,0.1519168904,104.4495205,1.044495205,48.92378434
32.512,26161.06,0.1504712135,102.7653422,1.027653422,48.13492124
32.639,26216.68,0.1495488572,101.6908197,1.016908197,47.63161873
32.766,26303.7,0.1481097077,100.0142458,1.000142458,46.84631742
32.893,26348.73,0.1473668631,99.61586995,0.9961586995,46.65971961
33.02,26464.7,0.1454595751,98.61309083,0.9861309083,46.19002143
33.147,26535.08,0.144306149,98.00666351,0.9800666351,45.90597304
33.274,26567.45,0.1437766784,97.72828812,0.9772828812,45.77558299
33.401,26684.44,0.1418684572,96.72501838,0.9672501838,45.30565501
33.528,26779.4,0.140325708,95.91389986,0.9591389986,44.92572997
33.655,26879.62,0.1387034256,95.06096577,0.9506096577,44.52621868
33.782,26941.39,0.1377065516,94.53684756,0.9453684756,44.28072357
33.909,27005.96,0.1366669303,93.99025442,0.9399025442,44.02470128
34.036,27084.96,0.1353983518,93.32328436,0.9332328436,43.71229488
34.163,27184.37,0.1338072777,92.48675844,0.9248675844,43.32046911
34.29,27255.52,0.1326720781,91.88991392,0.9188991392,43.04090925
34.417,27335.55,0.1313987339,91.22043821,0.9122043821,42.72732921
34.544,27459.01,0.1294416751,90.19149154,0.9019149154,42.24537424
34.671,27552.63,0.1279634902,89.41431843,0.8941431843,41.88134912
34.798,27580.76,0.1275203212,89.18131711,0.8918131711,41.77221213
34.925,27693.98,0.1257411761,88.24591068,0.8824591068,41.33407108
35.052,27755.32,0.1247803115,87.74072482,0.8774072482,41.09744382
35.179,27831.57,0.1235888444,87.11429699,0.8711429699,40.80402725
35.306,27935.16,0.1219753872,86.26600287,0.8626600287,40.4066893
35.433,28023.9,0.1205979758,85.54181261,0.8554181261,40.06748115
35.56,28171.67,0.1183139579,84.34096334,0.8434096334,39.50500762
35.687,28187.58,0.1180687585,84.21204691,0.8421204691,39.44462362
35.814,28269.95,0.11680151,83.54577607,0.8354577607,39.13254473
35.941,28382.04,0.1150829426,82.64221904,0.8264221904,38.70932183
36.068,28473.02,0.1136930172,81.91144942,0.8191144942,38.36703193
36.195,28527.8,0.1128582692,81.47257087,0.8147257087,38.16146278
36.322,28620.02,0.1114566174,80.73563596,0.8073563596,37.81628508
36.449,28722.28,0.1099076387,79.92124219,0.7992124219,37.43482593
36.576,28846.38,0.1080352301,78.93680132,0.7893680132,36.97371733
36.703,28931.53,0.1067551491,78.26378369,0.7826378369,36.65847826
36.83,29061.2,0.104813007,77.24267967,0.7724267967,36.18019677
36.957,29187.93,0.1029232543,76.24911995,0.7624911995,35.71481692
37.084,29354.58,0.1004506794,74.94913461,0.7494913461,35.1059084
37.211,29450.29,0.09903697466,74.20586272,0.7420586272,34.75776249
37.338,29528.11,0.09789090029,73.60330064,0.7360330064,34.47552455
37.465,29683.93,0.09560515157,72.40154137,0.7240154137,33.91262478
37.592,29723.51,0.09502645711,72.09728595,0.7209728595,33.77011262
37.719,29813.19,0.09371810248,71.40940312,0.7140940312,33.44791075
37.846,29945.43,0.09179599665,70.39883337,0.7039883337,32.97456347
37.973,30045.96,0.09034046561,69.63357081,0.6963357081,32.6161172
38.1,30148.72,0.08885767197,68.85397462,0.6885397462,32.25095712
38.227,30220.07,0.08783108436,68.31423411,0.6831423411,31.99814458
38.354,30309.39,0.0865493544,67.64034951,0.6764034951,31.68249943
38.481,30465.04,0.08432479766,66.47076265,0.6647076265,31.13466909
38.608,30535.15,0.08332649259,65.94589201,0.6594589201,30.88882156
38.735,30675.58,0.08133376742,64.89819332,0.6489819332,30.39808321
38.862,30846.66,0.07891840376,63.62828747,0.6362828747,29.80326382
38.989,30919.17,0.07789872322,63.09217844,0.6309217844,29.55215225
39.116,31001.31,0.07674650445,62.48638587,0.6248638587,29.26840117
39.243,31073.65,0.07573428062,61.95419728,0.6195419728,29.01912592
39.37,31239.13,0.07342761993,60.7414433,0.607414433,28.45107627
39.497,31329.6,0.07217170027,60.08112877,0.6008112877,28.14178729
39.624,31415.17,0.07098713614,59.45833025,0.5945833025,27.85007067
39.751,31523.18,0.06949652849,58.67462575,0.5867462575,27.48298627
39.878,31571.31,0.06883394773,58.32626612,0.5832626612,27.31981586
40.005,31710.39,0.06692496698,57.32259704,0.5732259704,26.84970082
40.132,31817.68,0.06545804065,56.55134327,0.5655134327,26.4884483
40.259,31904.79,0.06427065994,55.9270639,0.559270639,26.19603806
40.386,32016,0.06275947905,55.13254278,0.5513254278,25.82388719
40.513,32122.9,0.06131180461,54.37141091,0.5437141091,25.46737572
40.64,32201.71,0.06024761579,53.81190113,0.5381190113,25.20530333
40.767,32323.11,0.05861341016,52.9526983,0.529526983,24.80285577
40.894,32415.4,0.05737516526,52.30167648,0.5230167648,24.49791947
41.021,32520.4,0.05597067158,51.56324741,0.5156324741,24.15204192
41.148,32689.68,0.05371588106,50.37776478,0.5037776478,23.59676606
41.275,32721.38,0.05329493891,50.15644949,0.5015644949,23.49310277
41.402,32853.67,0.0515426598,48.62756228,0.4862756228,22.77697743
41.529,32917.63,0.05069799096,47.83066537,0.4783066537,22.40371375
41.656,33006.95,0.04952115504,46.72038774,0.4672038774,21.88366365
41.783,33082.98,0.04852192796,45.77767393,0.4577767393,21.44209985
41.91,33241.54,0.04644541495,43.81860224,0.4381860224,20.52447763
42.037,33287.2,0.04584928494,43.25618755,0.4325618755,20.26104459
42.164,33401.8,0.04435667907,41.84799897,0.4184799897,19.60145406
42.291,33527.5,0.04272537916,40.30896046,0.4030896046,18.88057389
42.418,33549.78,0.04243687368,40.03677198,0.4003677198,18.75308177
42.545,33661.63,0.04099140831,38.67305778,0.3867305778,18.11432288
42.672,33793.24,0.03929671765,37.07421371,0.3707421371,17.36543
42.799,33868.47,0.0383309724,36.16308811,0.3616308811,16.93866201
42.926,33883.21,0.0381420029,35.98480615,0.3598480615,16.85515537
43.053,34019.12,0.03640347517,34.34460431,0.3434460431,16.08689065
43.18,34130.16,0.03498822611,33.00939748,0.3300939748,15.46148452
43.307,34182.92,0.03431739173,32.37650347,0.3237650347,15.16503921
43.434,34258.46,0.03335871385,31.47204552,0.3147204552,14.74139432
43.561,34315.99,0.03263001775,30.78456227,0.3078456227,14.41937961
43.688,34398.9,0.03158199532,29.79581283,0.2979581283,13.95625288
43.815,34457.5,0.03084278552,29.09841051,0.2909841051,13.62959211
43.942,34554.65,0.02962005193,27.94483105,0.2794483105,13.08925959
44.069,34614.35,0.02887036965,27.23754854,0.2723754854,12.75797098
44.196,34647.3,0.02845715384,26.84770297,0.2684770297,12.5753687
44.323,34767.98,0.02694709119,25.42304491,0.2542304491,11.90806393
44.45,34801.04,0.02653432767,25.03362606,0.2503362606,11.72566152
44.577,34805.22,0.02648216711,24.98441554,0.2498441554,11.70261148
44.704,34855.1,0.02586021727,24.39764131,0.2439764131,11.42776852
44.831,34943.89,0.02475530077,23.35521555,0.2335521555,10.9395
44.958,35011.95,0.02391025075,22.55795902,0.2255795902,10.56606787
45.085,34997.4,0.02409076907,22.72826776,0.2272826776,10.64583988
45.212,35071.59,0.02317109491,21.8606076,0.218606076,10.23943095
45.339,35173.36,0.02191269326,20.67337736,0.2067337736,9.683336518
45.466,35219.37,0.02134496725,20.13776022,0.2013776022,9.432455352
45.593,35247.94,0.0209928098,19.80551974,0.1980551974,9.27683509
45.72,35300.52,0.02034544746,19.19477026,0.1919477026,8.990762204
45.847,35376.7,0.01940923162,18.31150397,0.1831150397,8.57704341
45.974,35328.76,0.01999815589,18.86712046,0.1886712046,8.837292199
46.101,35407.24,0.01903447559,17.95794301,0.1795794301,8.411436712
46.228,35427.23,0.01878935349,17.72668428,0.1772668428,8.303115944
46.355,35458.06,0.01841157977,17.3702763,0.173702763,8.136175715
46.482,35515.47,0.01770898399,16.70741722,0.1670741722,7.825694873
46.609,35572.07,0.01701741208,16.05495853,0.1605495853,7.520085543
46.736,35635.21,0.01624722788,15.32833363,0.1532833363,7.179737022
46.863,35645.11,0.01612659107,15.21451967,0.1521451967,7.126426967
46.99,35700.48,0.01545249502,14.57854846,0.1457854846,6.828540311
47.117,35699.95,0.01545894249,14.58463128,0.1458463128,6.831389483
47.244,35722.73,0.01518190923,14.3232662,0.143232662,6.708967005
47.371,35748.23,0.01487200687,14.03089098,0.1403089098,6.57201949
47.498,35724.86,0.01515601481,14.29883628,0.1429883628,6.697524119
47.625,35754.43,0.01479669147,13.95983519,0.1395983519,6.538737211
47.752,35829.9,0.01388095427,13.09588933,0.1309588933,6.134068041
47.879,35819.15,0.01401127465,13.21883918,0.1321883918,6.191657315
48.006,35820.51,0.01399478545,13.20328256,0.1320328256,6.184370647
48.133,35831.74,0.01385865219,13.07484859,0.1307484859,6.124212632
48.26,35817.25,0.01403431209,13.24057369,0.1324057369,6.201837681
48.387,35924.66,0.01273388379,12.01369369,0.1201369369,5.627171449
48.514,35972.31,0.01215822295,11.4705905,0.114705905,5.37278384
48.641,35962.62,0.01227522629,11.58097648,0.1158097648,5.424488243
48.768,35960.98,0.01229503183,11.59966188,0.1159966188,5.433240418
48.895,35985.27,0.01200178476,11.32299998,0.1132299998,5.303652969
49.022,36018.58,0.01159996319,10.94390423,0.1094390423,5.126085863
49.149,36009.58,0.01170849436,11.0462972,0.110462972,5.17404637
49.276,36049.72,0.01122465446,10.58982183,0.1058982183,4.960234926
49.403,36051.64,0.01120152465,10.56800017,0.1056800017,4.950013738
49.53,36102.44,0.01058999545,9.991057221,0.09991057221,4.679775711
49.657,36068.66,0.01099654236,10.37461106,0.1037461106,4.859430965
49.784,36087.83,0.01076578209,10.1569019,0.101569019,4.757456768
49.911,36106.99,0.01053526465,9.939421831,0.09939421831,4.655589877
50.038,36056.75,0.01113997162,10.5099284,0.105099284,4.922813126
50.165,36139.87,0.01013996433,9.566478503,0.09566478503,4.480904547
50.292,36182.36,0.00962965997,9.08503542,0.0908503542,4.255398317
50.419,36135.38,0.01019392422,9.617386583,0.09617386583,4.504749711
50.546,36181.3,0.009642383266,9.097039125,0.09097039125,4.26102081
50.673,36138.36,0.01015811045,9.583598332,0.09583598332,4.488923414
50.8,36200.22,0.009415340458,8.882837174,0.08882837174,4.160689377
50.927,36194.09,0.00948888837,8.952225438,0.08952225438,4.193190594
51.054,36202.44,0.009388707907,8.85771088,0.0885771088,4.14892031
51.181,36177.88,0.009683436444,9.135770459,0.09135770459,4.279162429
51.308,36203.11,0.009380670477,8.850128022,0.08850128022,4.145368527
51.435,36235.94,0.008987018467,8.478739784,0.08478739784,3.971411595
51.562,36263.56,0.008656113725,8.166550017,0.08166550017,3.825183017
51.689,36292.04,0.00831516947,7.844888542,0.07844888542,3.674517925
51.816,36266.7,0.008618510532,8.131073547,0.08131073547,3.808565965
51.943,36292.34,0.008311579487,7.841501597,0.07841501597,3.672931492
52.07,36271.07,0.008566182844,8.081705356,0.08081705356,3.785442079
52.197,36306.04,0.008147668544,7.686860963,0.07686860963,3.600498369
52.324,36258.72,0.008714081712,8.221239509,0.08221239509,3.850799381
52.451,36276.54,0.008500692311,8.01991877,0.0801991877,3.756501462
52.578,36333.28,0.007821944618,7.379559001,0.07379559001,3.456559221
52.705,36347.34,0.007653916869,7.221034395,0.07221034395,3.382306859
52.832,36282.7,0.008426952454,7.950349416,0.07950349416,3.723915424
52.959,36338.48,0.007759793067,7.320922554,0.07320922554,3.429094118
53.086,36399.46,0.007031609571,6.633922923,0.06633922923,3.107305931
53.213,36356.62,0.007543049378,7.116437235,0.07116437235,3.333313921
53.34,36336.97,0.007777840005,7.337948812,0.07337948812,3.437069156
53.467,36358.16,0.007524653847,7.0990821,0.070990821,3.325184837
53.594,36312.63,0.008068845821,7.612496216,0.07612496216,3.565666185
53.721,36328.9,0.00787430225,7.428955443,0.07428955443,3.479696339
53.848,36195.21,0.009475449649,8.93954677,0.0893954677,4.187251951
53.975,36330.99,0.007849318026,7.405384252,0.07405384252,3.468655677
54.102,36423,0.006750836511,6.369029541,0.06369029541,2.983230812
54.229,36350.96,0.007610665623,7.180229309,0.07180229309,3.363193902
54.356,36403.85,0.006979234129,6.584509677,0.06584509677,3.084160942
54.483,36347.23,0.007655231201,7.222274392,0.07222274392,3.382887669
54.61,36350.99,0.007610307205,7.179891162,0.07179891162,3.363035515
54.737,36339.33,0.007749634524,7.311338548,0.07311338548,3.424605003
54.864,36357.06,0.007537793432,7.11147855,0.0711147855,3.33099129
54.991,36407.41,0.006936765742,6.544443175,0.06544443175,3.065393935
55.118,36407.15,0.006939867226,6.547369248,0.06547369248,3.066764497
55.245,36387.68,0.007172183553,6.766546463,0.06766546463,3.169426326
55.372,36422.72,0.006754175141,6.372179348,0.06372179348,2.98470617
55.499,36427.75,0.006694202947,6.315599001,0.06315599001,2.958204137
55.626,36430.92,0.006656411604,6.279945022,0.06279945022,2.94150394
55.753,36417.47,0.006816779207,6.431242717,0.06431242717,3.012371242
55.88,36372.82,0.007349576948,6.933907023,0.06933907023,3.247817418
56.007,36418.4,0.006805688686,6.420779442,0.06420779442,3.007470282
56.134,36410.58,0.006898953287,6.508769278,0.06508769278,3.048684408
56.261,36413.26,0.006866988227,6.478612065,0.06478612065,3.034558877
56.388,36452.76,0.006396134083,6.034388014,0.06034388014,2.826485909
56.515,36453.95,0.006381956775,6.021012532,0.06021012532,2.820220881
56.642,36334.01,0.00781321896,7.37132684,0.0737132684,3.452703306
56.769,36485.4,0.006007438431,5.667675816,0.05667675816,2.654719219
56.896,36526.78,0.005515161455,5.203240543,0.05203240543,2.437179386
57.023,36509.2,0.005724233672,5.400488265,0.05400488265,2.529569519
57.15,36461.06,0.006297259982,5.941105933,0.05941105933,2.782792914
57.277,36512.52,0.005684742472,5.363230568,0.05363230568,2.512118146
57.404,36535.84,0.005407453628,5.101624346,0.05101624346,2.389582721
57.531,36489.14,0.005962922594,5.625677661,0.05625677661,2.635047432
57.658,36535.24,0.005414585771,5.108353116,0.05108353116,2.392734453
57.785,36506.72,0.005753735466,5.428321527,0.05428321527,2.54260652
57.912,36542.64,0.005326630861,5.025372671,0.05025372671,2.353866707
58.039,36527.95,0.005501250664,5.190116504,0.05190116504,2.431032133
58.166,36551.36,0.005223009554,4.927611873,0.04927611873,2.308075896
58.293,36529.72,0.005480206981,5.170262988,0.05170262988,2.421732817
58.42,36480.94,0.006060530128,5.717764806,0.05717764806,2.678180724
58.547,36495.27,0.005889969338,5.556850421,0.05556850421,2.602808997
58.674,36500.32,0.005829878389,5.500158035,0.05500158035,2.576254485
58.801,36496.01,0.005881163412,5.548542531,0.05548542531,2.598917611
58.928,36561.82,0.005098744126,4.810374522,0.04810374522,2.253162338
59.055,36493.43,0.005911865929,5.577508606,0.05577508606,2.612485218
59.182,36544.82,0.005300723216,5.000930284,0.05000930284,2.34241798
59.309,36523.63,0.0055526158,5.238576582,0.05238576582,2.453730662
59.436,36554.01,0.005191524032,4.897907077,0.04897907077,2.294162276
59.563,36563.11,0.005083421311,4.79591832,0.0479591832,2.246391104
59.69,36582.07,0.004858273911,4.583504578,0.04583504578,2.146897262
59.817,36552.81,0.005205781344,4.911358038,0.04911358038,2.300462658
59.944,36554.21,0.005189147859,4.895665293,0.04895665293,2.293112232
60.071,36559.14,0.005130579299,4.840409194,0.04840409194,2.267230472
60.198,36552.14,0.00521374188,4.91886835,0.0491886835,2.303980462
60.325,36561.41,0.005103614281,4.814969236,0.04814969236,2.255314486
60.452,36577.36,0.004914193619,4.636261637,0.04636261637,2.171608481
60.579,36551.78,0.005218019244,4.922903799,0.04922903799,2.305870652
60.706,36562.16,0.005094705502,4.806564311,0.04806564311,2.251377649
60.833,36537.39,0.005389029468,5.0842422,0.050842422,2.381440986
60.96,36588.98,0.004776247621,4.506117448,0.04506117448,2.110649405
61.087,36533.02,0.005440975718,5.133250527,0.05133250527,2.404396312
61.214,36351.01,0.00761006826,7.179665731,0.07179665731,3.362929924
61.341,36376.51,0.007305520278,6.892342065,0.06892342065,3.228348539
61.468,36422.95,0.006751432693,6.369592005,0.06369592005,2.983494268
61.595,36433.51,0.006625537206,6.250816787,0.06250816787,2.927860378
61.722,36424.29,0.006735455297,6.354518242,0.06354518242,2.976433771
61.849,36444.7,0.006492170723,6.12499311,0.0612499311,2.868925015
61.976,36516.05,0.005642757273,5.323619926,0.05323619926,2.493564662
62.103,36504.02,0.005785856634,5.458626018,0.05458626018,2.556801036
62.23,36459.74,0.006312983032,5.955939736,0.05955939736,2.789741015
62.357,36467.4,0.006221749625,5.869866215,0.05869866215,2.749424483
62.484,36490.87,0.005942332587,5.606252163,0.05606252163,2.625948598
62.611,36505.08,0.005773245818,5.446728432,0.05446728432,2.551228249
62.738,36439.29,0.006556643953,6.185819929,0.06185819929,2.89741608
62.865,36448.29,0.006449392475,6.084634271,0.06084634271,2.850021078
62.992,36493.91,0.005906153668,5.572119414,0.05572119414,2.609960939
63.119,36470.44,0.006185547422,5.8357115,0.058357115,2.733426536
63.246,36458.31,0.00633001698,5.972010294,0.05972010294,2.797268407
63.373,36490.56,0.005946022054,5.609732964,0.05609732964,2.627578993
63.5,36485.11,0.006010890384,5.670932537,0.05670932537,2.656244655
63.627,36505.25,0.005771223363,5.444820361,0.05444820361,2.550334515
63.754,36468.08,0.006213651502,5.862226097,0.05862226097,2.745845879
63.881,36478.04,0.006095055117,5.750337166,0.05750337166,2.693437501
64.008,36477.17,0.006105413149,5.760109379,0.05760109379,2.698014771
64.135,36490.2,0.005950306636,5.613775223,0.05613775223,2.629472372
64.262,36434.5,0.006613736375,6.239683375,0.06239683375,2.922645527
64.389,36525.76,0.005527289175,5.214682355,0.05214682355,2.442538691
64.516,36526.14,0.005522770965,5.210419682,0.05210419682,2.44054207
64.643,36490.29,0.005949235486,5.612764655,0.05612764655,2.628999026
64.77,36513.82,0.005669280029,5.348642634,0.05348642634,2.50528521
64.897,36530.22,0.005474262622,5.164654824,0.05164654824,2.419105973
65.024,36494.57,0.005898299432,5.56470939,0.0556470939,2.606490111
65.151,36510.41,0.005709840379,5.386909013,0.05386909013,2.523209046
65.278,36495.32,0.005889374337,5.556289072,0.05556289072,2.602546063
65.405,36497.67,0.005861410226,5.529906527,0.05529906527,2.590188573
65.532,36514.01,0.005667020179,5.346510595,0.05346510595,2.50428657
65.659,36517.72,0.005622896001,5.304881947,0.05304881947,2.484787859
65.786,36479.92,0.006072673087,5.729220996,0.05729220996,2.683546762
65.913,36497.36,0.005865099006,5.53338668,0.0553338668,2.591818664
66.04,36494.14,0.00590341657,5.569537118,0.05569537118,2.608751401
66.167,36444.19,0.006498248197,6.130726861,0.06130726861,2.871610683
66.294,36497.46,0.005863909074,5.532264047,0.05532264047,2.591292827
66.421,36508.58,0.005731608933,5.407446403,0.05407446403,2.532828686
66.548,36468.55,0.006208054358,5.856945511,0.05856945511,2.743372471
66.675,36492.16,0.00592697998,5.591767853,0.05591767853,2.619164198
66.802,36480.37,0.006067315857,5.724166755,0.05724166755,2.681179374
66.929,36501.35,0.005817623236,5.488595996,0.05488595996,2.570838867
67.056,36507.2,0.005748025285,5.422934296,0.05422934296,2.54008316
67.183,36488.94,0.005965303005,5.627923442,0.05627923442,2.636099348
67.31,36491.77,0.005931621409,5.596146776,0.05596146776,2.62121527
67.437,36505.15,0.005772413041,5.445942754,0.05445942754,2.55086024
67.564,36498.52,0.005851295991,5.520364322,0.05520364322,2.585719038
67.691,36529.32,0.005484962526,5.174749574,0.05174749574,2.423834318
67.818,36548.18,0.005260795194,4.963260471,0.04963260471,2.324773573
67.945,36569.99,0.005001708761,4.718827185,0.04718827185,2.210281891
68.072,36561.69,0.005100288315,4.811831377,0.04811831377,2.253844724
68.199,36554.77,0.005182494643,4.889388363,0.04889388363,2.29017214
68.326,36523.85,0.005549999836,5.23610857,0.0523610857,2.452574653
68.453,36511.75,0.005693901256,5.371871359,0.05371871359,2.516165462
68.58,36527.16,0.005510643372,5.198977988,0.05198977988,2.435182821
68.707,36557.58,0.005149111295,4.857893077,0.04857893077,2.27541986
68.834,36552.48,0.005209702187,4.91505713,0.0491505713,2.3021953
68.961,36520.84,0.005585792346,5.269876763,0.05269876763,2.468391555
69.088,36563.08,0.005083777649,4.796254505,0.04796254505,2.246548572
69.215,36530.49,0.005471052702,5.161626448,0.05161626448,2.417687492
69.342,36515.91,0.005644422331,5.325190813,0.05325190813,2.49430046
69.469,36498.44,0.005852247909,5.521262403,0.05521262403,2.586139696
69.596,36500.64,0.005826070926,5.49656591,0.0549656591,2.574571947
69.723,36542.5,0.005328294707,5.026942415,0.05026942415,2.35460197
69.85,36534.99,0.005417557531,5.111156803,0.05111156803,2.39404769
69.977,36568.65,0.0050176225,4.733840891,0.04733840891,2.217314257
70.104,36577.7,0.004910156711,4.632453044,0.04632453044,2.16982455
70.231,36536.83,0.005395685848,5.090522116,0.05090522116,2.384382476
70.358,36554.5,0.00518570243,4.892414728,0.04892414728,2.291589679
70.485,36508.35,0.005734344949,5.410027678,0.05410027678,2.534037746
70.612,36479.8,0.006074101692,5.730568804,0.05730568804,2.684178071
70.739,36539.37,0.005365495226,5.062038984,0.05062038984,2.371041078
70.866,36527.65,0.005504817491,5.193481602,0.05193481602,2.432608333
70.993,36517.99,0.005619684983,5.301852534,0.05301852534,2.483368893
71.12,36496.12,0.005879854438,5.547307589,0.05547307589,2.598339169
71.247,36545.83,0.005288720657,4.989606554,0.04989606554,2.337113985
71.374,36540.36,0.005353728583,5.050937827,0.05050937827,2.365841336
71.501,36489.43,0.005959471022,5.622421299,0.05622421299,2.633522164
71.628,36493.24,0.005914127052,5.579641848,0.05579641848,2.613484421
71.755,36471.1,0.006177688132,5.828296707,0.05828296707,2.729953474
71.882,36468.85,0.006204481751,5.853574959,0.05853574959,2.741793717
72.009,36505.41,0.005769319884,5.443024537,0.05443024537,2.549493357
72.136,36484.06,0.006023389066,5.682724331,0.05682724331,2.66176789
72.263,36459.63,0.006314293312,5.95717591,0.0595717591,2.790320034
72.39,36486.12,0.005998868183,5.659590275,0.05659590275,2.65093198
72.517,36542.98,0.005322590117,5.021560459,0.05021560459,2.352081081
72.644,36459.48,0.006316080064,5.958861609,0.05958861609,2.791109609
72.771,36544.39,0.005305833317,5.005751373,0.05005751373,2.344676161
72.898,36536.41,0.005400678201,5.095232116,0.05095232116,2.386588623
73.025,36547.58,0.005267924929,4.969986969,0.04969986969,2.327924241
73.152,36527.44,0.005507314287,5.195837187,0.05195837187,2.433711681
73.279,36522.78,0.005562723081,5.248112226,0.05248112226,2.458197124
73.406,36557.8,0.005146497761,4.855427356,0.04855427356,2.274264925
73.533,36577.5,0.004912531359,4.634693388,0.04634693388,2.170873919
73.66,36595.22,0.004702187986,4.436246403,0.04436246403,2.077922056
73.787,36541.1,0.005344933523,5.042640189,0.05042640189,2.361954751
73.914,36551.71,0.005218850958,4.923688474,0.04923688474,2.306238191
74.041,36545.32,0.005294781314,4.995324438,0.04995324438,2.339792221
74.168,36607.96,0.0045510221,4.293630004,0.04293630004,2.011121041
74.295,36562.91,0.005085796906,4.798159558,0.04798159558,2.247440892
74.422,36513.01,0.005678914256,5.357731978,0.05357731978,2.509542626
74.549,36518.74,0.005610765611,5.293437616,0.05293437616,2.479427375
74.676,36531.1,0.005463800749,5.154784643,0.05154784643,2.414482815
74.803,36527.05,0.005511951233,5.200211881,0.05200211881,2.435760772
74.93,36486,0.006000296546,5.660937854,0.05660937854,2.651563181
75.057,36536.31,0.005401866865,5.096353553,0.05096353553,2.3871139
75.184,36544.13,0.005308923175,5.008666478,0.05008666478,2.346041586
75.311,36568.36,0.005021066595,4.737090198,0.04737090198,2.218836221
75.438,36593.34,0.004724499495,4.45729604,0.0445729604,2.087781631
75.565,36588.87,0.004777553272,4.507349256,0.04507349256,2.11122638
75.692,36561.41,0.005103614281,4.814969236,0.04814969236,2.255314486
75.819,36555.05,0.005179168073,4.886249934,0.04886249934,2.288702111
75.946,36540.64,0.005350400702,5.047798161,0.05047798161,2.364370727
76.073,36553.48,0.005197820954,4.903847863,0.04903847863,2.296944919
76.2,36509.45,0.005721259812,5.397682598,0.05397682598,2.528255354
76.327,36533.18,0.005439073686,5.131456068,0.05131456068,2.403555794
76.454,36551.81,0.005217662795,4.92256751,0.0492256751,2.305713135
76.581,36533.59,0.005434199767,5.126857804,0.05126857804,2.401401983
76.708,36461.53,0.00629166176,5.93582433,0.0593582433,2.78031903
76.835,36590.63,0.004756663316,4.487640772,0.04487640772,2.101994996
76.962,36502.42,0.005804892521,5.476585292,0.05476585292,2.565213096
77.089,36512.51,0.005684861416,5.363342785,0.05363342785,2.512170708
77.216,36507.87,0.00574005495,5.415414739,0.05415414739,2.536561026
77.343,36544.61,0.005303218839,5.003284763,0.05003284763,2.343520809
77.47,36557.01,0.005155882799,4.864281604,0.04864281604,2.278412224
77.597,36581.71,0.004862547774,4.587536725,0.04587536725,2.148785905
77.724,36546.27,0.005283491923,4.984673541,0.04984673541,2.334803379
77.851,36512.57,0.005684147753,5.362669484,0.05362669484,2.511855336
77.978,36536.49,0.005399727272,5.094334969,0.05094334969,2.386168403
78.105,36572.13,0.004976295492,4.694851214,0.04694851214,2.199051631
78.232,36558.81,0.005134499463,4.844107646,0.04844107646,2.268962813
78.359,36580.17,0.004880830888,4.604785801,0.04604785801,2.156865311
78.486,36624.58,0.004353897314,4.107654002,0.04107654002,1.924010542
78.613,36569.18,0.00501132819,4.727902569,0.04727902569,2.214532768
78.74,36591.55,0.004745743966,4.477338988,0.04477338988,2.097169677
78.867,36557.04,0.005155526401,4.863945364,0.04863945364,2.27825473
78.994,36459.22,0.006319177118,5.961783502,0.05961783502,2.792478214
79.121,36570.59,0.004994583395,4.712104809,0.04712104809,2.207133153
79.248,36594.79,0.004707291049,4.441060852,0.04441060852,2.080177127
79.375,36628.35,0.004309194932,4.065479852,0.04065479852,1.904256321
79.502,36585.26,0.004820404566,4.54777701,0.0454777701,2.130162596
79.629,36567.5,0.005031280278,4.746726226,0.04746726226,2.223349702
79.756,36561.43,0.005103376711,4.814745103,0.04814745103,2.255209502
79.883,36524.02,0.00554797842,5.234201479,0.05234201479,2.451681379
80.01,36524.61,0.005540962991,5.227582821,0.05227582821,2.448581223
80.137,36534.47,0.005423738859,5.116988533,0.05116988533,2.396779251
80.264,36555.79,0.005170376547,4.87795563,0.0487795563,2.284817089
80.391,36610.1,0.004525635189,4.2696789,0.042696789,1.999902429
80.518,36631.9,0.004267105384,4.025770762,0.04025770762,1.885656724
80.645,36608.24,0.004547700364,4.290496135,0.04290496135,2.009653148
80.772,36529.66,0.005480920309,5.170935973,0.05170935973,2.422048041
80.899,36577.04,0.004917993097,4.639846227,0.04639846227,2.17328749
81.026,36570.42,0.004996602237,4.714009471,0.04714009471,2.20802529
81.153,36561.4,0.005103733066,4.815081303,0.04815081303,2.255366977
81.28,36573.38,0.00496145198,4.680847207,0.04680847207,2.192492204
81.407,36645.4,0.004107083779,3.874799497,0.03874799497,1.81494232
81.534,36603.5,0.00460393604,4.343551291,0.04343551291,2.034503995
81.661,36642.8,0.004137898171,3.90387112,0.0390387112,1.828559365
81.788,36645.57,0.004105069068,3.872898732,0.03872898732,1.814052008
81.915,36603.32,0.004606071716,4.345566179,0.04345566179,2.035447761
82.042,36657.39,0.003965010309,3.740761274,0.03740761274,1.752159292
82.169,36653.59,0.004010032734,3.783237366,0.03783237366,1.772054943
82.296,36597.09,0.004679996291,4.415309804,0.04415309804,2.068115427
82.423,36618.9,0.00442125601,4.171203093,0.04171203093,1.953776711
82.55,36602.02,0.004621496351,4.360118443,0.04360118443,2.04226399
82.677,36614.89,0.004468816593,4.216073793,0.04216073793,1.974793987
82.804,36571.44,0.004984489327,4.702581631,0.04702581631,2.202672531
82.931,36612.51,0.004497047033,4.242707604,0.04242707604,1.98726917
83.058,36600.91,0.00463466705,4.372544247,0.04372544247,2.048084193
83.185,36591.37,0.004747880339,4.479354534,0.04479354534,2.098113751
83.312,36613.85,0.004481152358,4.227711884,0.04227711884,1.980245228
83.439,36659.94,0.003934800509,3.71226005,0.0371226005,1.73880942
83.566,36631.86,0.00426757961,4.026218167,0.04026218167,1.885866287
83.693,36659.21,0.00394344859,3.720419021,0.03720419021,1.742631053
83.82,36629.4,0.004296745486,4.053734509,0.04053734509,1.898754844
83.947,36636.16,0.00421660331,3.978124933,0.03978124933,1.863339587
84.074,36631.28,0.004274455941,4.032705594,0.04032705594,1.888904974
84.201,36654.45,0.003999843039,3.77362397,0.0377362397,1.767552062
84.328,36632.64,0.004258332302,4.017493859,0.04017493859,1.881779852
84.455,36628.42,0.004308364958,4.064696819,0.04064696819,1.903889551
84.582,36589.58,0.004769125953,4.49939856,0.0449939856,2.107502302
84.709,36664.94,0.003875571707,3.65638105,0.0365638105,1.712635895
84.836,36639.53,0.004176656299,3.940437205,0.03940437205,1.845686789
84.963,36618.35,0.004427778974,4.177357138,0.04177357138,1.956659244
85.09,36634.02,0.004241972163,4.002059,0.04002059,1.874550219
85.217,36634.29,0.004238771338,3.999039204,0.03999039204,1.873135757
85.344,36611.06,0.00451424715,4.258934935,0.04258934935,1.994869994
85.471,36652.6,0.004021763026,3.794304229,0.03794304229,1.777238622
85.598,36665.86,0.003864674487,3.646100144,0.03646100144,1.707820355
85.725,36656.41,0.003976620909,3.751715213,0.03751715213,1.757290078
85.852,36611.83,0.00450511321,4.250317583,0.04250317583,1.990833657
85.979,36655.25,0.003990364469,3.764681479,0.03764681479,1.763363431
86.106,36663.77,0.003889430523,3.669456053,0.03669456053,1.71876018
86.233,36646.16,0.004098076909,3.866302028,0.03866302028,1.810962135
86.36,36640.21,0.00416859622,3.932832979,0.03932832979,1.842124997
86.487,36665.17,0.003872847376,3.653810799,0.03653810799,1.711431999
86.614,36667.63,0.003843709953,3.6263213,0.036263213,1.698556015
86.741,36668.65,0.003831629155,3.614923756,0.03614923756,1.693217446
86.868,36709.27,0.003350802126,3.161290855,0.03161290855,1.480737406
86.995,36719.6,0.003228608715,3.046008335,0.03046008335,1.426739484
87.122,36679.23,0.003706340308,3.496720869,0.03496720869,1.637851634
87.249,36704.84,0.003403215063,3.210739474,0.03210739474,1.503898964
87.376,36704,0.003413154121,3.220116409,0.03220116409,1.508291087
87.503,36686.86,0.003616007924,3.411497413,0.03411497413,1.597933269
87.63,36694.03,0.00353113865,3.331428089,0.03331428089,1.560429082
87.757,36702.66,0.003429009756,3.235075297,0.03235075297,1.515297777
87.884,36715.01,0.00328289951,3.097228606,0.03097228606,1.450730877
88.011,36665.78,0.003865622061,3.646994125,0.03646994125,1.708239093
88.138,36662.22,0.003907791173,3.68677828,0.0368677828,1.72687385
88.265,36663.7,0.003890259697,3.670238331,0.03670238331,1.719126596
88.392,36663.67,0.003890615057,3.670573594,0.03670573594,1.719283632
88.519,36660.39,0.003929469586,3.707230627,0.03707230627,1.736453656
88.646,36668.05,0.003838735466,3.621628156,0.03621628156,1.696357763
88.773,36689.82,0.003580969226,3.378440398,0.03378440398,1.582449481
88.9,36719.7,0.003227425985,3.044892497,0.03044892497,1.426216829
89.027,36710.58,0.003335304252,3.146669494,0.03146669494,1.473888813
89.154,36739.97,0.002987752995,2.818774689,0.02818774689,1.320304051
89.281,36710.61,0.003334949346,3.14633466,0.0314633466,1.473731978
89.408,36731.92,0.003082920564,2.908559867,0.02908559867,1.36235911
89.535,36785.8,0.002446345032,2.307987129,0.02307987129,1.081052972
89.662,36764.5,0.002697886432,2.545302105,0.02545302105,1.192210464
89.789,36765.89,0.002681466845,2.52981116,0.0252981116,1.184954561
89.916,36675.34,0.003752401666,3.540177135,0.03540177135,1.658206394
90.043,36593.22,0.004725923673,4.458639671,0.04458639671,2.088410983
90.17,36723.54,0.003182011572,3.002046586,0.03002046586,1.406147957
90.297,36748.35,0.002888706295,2.725329772,0.02725329772,1.276534784
90.424,36743.97,0.002940472516,2.774168251,0.02774168251,1.299410554
90.551,36718.87,0.003237242745,3.05415405,0.0305415405,1.430554908
90.678,36765.2,0.002689617497,2.537500837,0.02537500837,1.188556378
90.805,36770.54,0.002626542521,2.477993191,0.02477993191,1.160683208
90.932,36708.42,0.003360858294,3.170778276,0.03170778276,1.485181281
91.059,36679.87,0.003698762558,3.489571694,0.03489571694,1.634502985
91.186,36726.54,0.003146534866,2.968576336,0.02968576336,1.39047061
91.313,36695.9,0.003509006712,3.310547867,0.03310547867,1.55064886
91.44,36686.54,0.003619796061,3.415071304,0.03415071304,1.599607267
91.567,36721.25,0.003209094075,3.027597384,0.03027597384,1.41811586
91.694,36735.94,0.003035393283,2.863720586,0.02863720586,1.341356549
91.821,36712.21,0.003316021411,3.128477232,0.03128477232,1.465367622
91.948,36708.87,0.003355534411,3.165755496,0.03165755496,1.482828629
92.075,36677.46,0.003727298212,3.516493457,0.03516493457,1.647113044
92.202,36643.14,0.004133868473,3.900069329,0.03900069329,1.826778619
92.329,36700.82,0.003450782616,3.25561675,0.0325561675,1.52491932
92.456,36678.14,0.003719246469,3.508897096,0.03508897096,1.643554935
92.583,36696.35,0.003503681013,3.305523373,0.03305523373,1.548295406
92.71,36696.38,0.003503325969,3.305188409,0.03305188409,1.54813851
92.837,36688.06,0.003601802706,3.398095599,0.03398095599,1.591655907
92.964,36718.32,0.003243747949,3.06029134,0.0306029134,1.433429592
93.091,36703.05,0.003424394996,3.230721534,0.03230721534,1.51325849
93.218,36751.16,0.002855498795,2.694000388,0.02694000388,1.261860212
93.345,36725.4,0.003160015673,2.981294709,0.02981294709,1.396427851
93.472,36726.23,0.003150200658,2.972034801,0.02972034801,1.392090543
93.599,36705.86,0.003391146512,3.199353484,0.03199353484,1.498565807
93.726,36728,0.003129270584,2.952288469,0.02952288469,1.382841431
93.853,36771.46,0.002615676596,2.46774181,0.0246774181,1.155881497
93.98,36733.92,0.003059274501,2.886251154,0.02886251154,1.351909787
94.107,36726.37,0.003148545135,2.97047291,0.0297047291,1.391358959
94.234,36798,0.002302335271,2.172122126,0.02172122126,1.017414288
94.361,36780.84,0.002504906919,2.363236932,0.02363236932,1.106931784
94.488,36782.69,0.002483063356,2.342628775,0.02342628775,1.097278996
94.615,36763.96,0.002704265432,2.551320328,0.02551320328,1.195029378
94.742,36831.54,0.001906672391,1.798836746,0.01798836746,0.8425687416
94.869,36824.58,0.001988748112,1.876270512,0.01876270512,0.8788384426
94.996,36763.13,0.002714070374,2.560570732,0.02560570732,1.199362235
95.123,36797.71,0.0023057579,2.175351181,0.02175351181,1.018926766
95.25,36707.38,0.003373162628,3.182386714,0.03182386714,1.490618632
95.377,36499.66,0.005837731387,5.507566891,0.05507566891,2.579724767
95.504,36596.79,0.00468355638,4.418668544,0.04418668544,2.069688649
